time,symbol,type,entry,volume,price,profit,commission,swap,magic,comment,position_id,order
1753473413,BTCUSD,1,0,0.15,116116.43,0.0,0.0,0.0,0,,341634392,341634392
1753473413,BTCUSD,1,0,0.15,116116.43,0.0,0.0,0.0,0,,341634394,341634394
1753479797,BTCUSD,0,1,0.15,116497.29,-211.53,0.0,0.0,0,[sl 116497.29],341491483,341702151
1753479797,BTCUSD,0,1,0.15,116497.29,-211.53,0.0,0.0,0,[sl 116497.29],341491485,341702152
1753479797,BTCUSD,0,1,0.15,116497.29,-228.58,0.0,0.0,0,[sl 116497.29],341499037,341702153
1753479797,BTCUSD,0,1,0.15,116497.29,-228.58,0.0,0.0,0,[sl 116497.29],341499042,341702154
1753479797,BTCUSD,0,1,0.15,116497.29,-208.4,0.0,0.0,0,[sl 116497.29],341509918,341702155
1753479797,BTCUSD,0,1,0.15,116497.29,-208.28,0.0,0.0,0,[sl 116497.29],341509923,341702156
1753479797,BTCUSD,0,1,0.15,116497.29,-180.49,0.0,0.0,0,[sl 116497.29],341517348,341702157
1753479797,BTCUSD,0,1,0.15,116497.29,-180.49,0.0,0.0,0,[sl 116497.29],341517351,341702158
1753479797,BTCUSD,0,1,0.15,116497.29,-173.81,0.0,0.0,0,[sl 116497.29],341533857,341702159
1753479797,BTCUSD,0,1,0.15,116497.29,-173.81,0.0,0.0,0,[sl 116497.29],341533860,341702160
1753479797,BTCUSD,0,1,0.15,116497.29,-172.85,0.0,0.0,0,[sl 116497.29],341533870,341702161
1753479797,BTCUSD,0,1,0.15,116497.29,-173.09,0.0,0.0,0,[sl 116497.29],341533874,341702162
1753479797,BTCUSD,0,1,0.15,116497.29,-143.17,0.0,0.0,0,[sl 116497.29],341540636,341702163
1753479797,BTCUSD,0,1,0.15,116497.29,-143.31,0.0,0.0,0,[sl 116497.29],341540637,341702164
1753479797,BTCUSD,0,1,0.15,116497.29,-147.22,0.0,0.0,0,[sl 116497.29],341547310,341702165
1753479797,BTCUSD,0,1,0.15,116497.29,-147.22,0.0,0.0,0,[sl 116497.29],341547315,341702166
1753481731,BTCUSD,0,1,0.15,116705.64,-88.39,0.0,0.0,0,[sl 116705.64],341634392,341715906
1753481731,BTCUSD,0,1,0.15,116705.64,-88.39,0.0,0.0,0,[sl 116705.64],341634394,341715907
1753483294,BTCUSD,0,1,0.16,116982.48,-103.39,0.0,0.0,0,[sl 116982.48],341197328,341728681
1753483294,BTCUSD,0,1,0.16,116982.48,-85.72,0.0,0.0,0,[sl 116982.48],341202206,341728683
1753483310,BTCUSD,0,1,0.16,117004.66,-99.07,0.0,0.0,0,[sl 117004.66],341191865,341728808
1754240504,BTCUSD,0,0,0.01,114025.71,0.0,0.0,0.0,234000,AI-trade,349999853,349999853
1754771055,BTCUSD,0,0,39.64,116758.43,0.0,0.0,0.0,234000,AI-trade,356785149,356785149
1754771089,BTCUSD,1,1,39.64,116709.11,-1955.05,0.0,0.0,234000,[sl 116709.11],356785149,356785307
1754777463,BTCUSD,0,0,31.48,116704.1,0.0,0.0,0.0,234000,AI-trade,356827475,356827475
1754777469,BTCUSD,1,1,31.48,116689.37,-463.7,0.0,0.0,234000,[tp 116689.37],356827475,356827490
1754783234,BTCUSD,0,0,21.19,116856.72,0.0,0.0,0.0,234000,AI-trade,356863676,356863676
1754783629,BTCUSD,1,1,21.19,116760.86,-2031.28,0.0,0.0,234000,[sl 116760.86],356863676,356868838
1754783719,BTCUSD,0,0,20.62,116750.45,0.0,0.0,0.0,234000,AI-trade,356870315,356870315
1754784039,BTCUSD,1,1,20.62,116720.28,-622.11,0.0,0.0,234000,[sl 116720.28],356870315,356874239
1754791216,BTCUSD,0,0,4.05,116571.59,0.0,0.0,0.0,234000,AI-trade,356928203,356928203
1754791271,BTCUSD,0,0,4.0,116526.88,0.0,0.0,0.0,234000,AI-trade,356928657,356928657
1754791518,BTCUSD,0,0,3.9699999999999998,116598.05,0.0,0.0,0.0,234000,AI-trade,356929550,356929550
1754792116,BTCUSD,0,0,3.9699999999999998,116520.44,0.0,0.0,0.0,234000,AI-trade,356931127,356931127
1754794034,BTCUSD,0,0,3.91,116490.44,0.0,0.0,0.0,234000,AI-trade,356936962,356936962
1754794091,BTCUSD,0,0,3.91,116490.41,0.0,0.0,0.0,234000,AI-trade,356937279,356937279
1754794396,BTCUSD,0,0,3.91,116500.42,0.0,0.0,0.0,234000,AI-trade,356938172,356938172
1754795659,BTCUSD,0,0,4.31,116574.63,0.0,0.0,0.0,234000,AI-trade,356942054,356942054
1754795724,BTCUSD,0,0,4.31,116586.08,0.0,0.0,0.0,234000,AI-trade,356942522,356942522
1754795775,BTCUSD,0,0,4.29,116585.41,0.0,0.0,0.0,234000,AI-trade,356942594,356942594
1754796064,BTCUSD,0,0,4.27,116609.81,0.0,0.0,0.0,234000,AI-trade,356944124,356944124
1754796633,BTCUSD,0,0,4.27,116587.15,0.0,0.0,0.0,234000,AI-trade,356945707,356945707
1754804820,BTCUSD,1,1,3.91,117118.42,2455.4,0.0,0.0,234000,[tp 117118.42],356936962,356971987
1754804824,BTCUSD,1,1,3.91,117128.1,2493.37,0.0,0.0,234000,[tp 117128.10],356937279,356972057
1754804824,BTCUSD,1,1,4.0,117131.13,2417.0,0.0,0.0,234000,[tp 117131.13],356928657,356972069
1754804824,BTCUSD,1,1,3.9699999999999998,117131.34,2425.27,0.0,0.0,234000,[tp 117131.34],356931127,356972070
1754804824,BTCUSD,1,1,3.91,117133.14,2473.94,0.0,0.0,234000,[tp 117133.14],356938172,356972073
1754804826,BTCUSD,1,1,4.29,117150.0,2422.09,0.0,0.0,234000,[tp 117150.00],356942594,356972165
1754804827,BTCUSD,1,1,4.31,117157.85,2513.67,0.0,0.0,234000,[tp 117157.85],356942054,356972195
1754804827,BTCUSD,1,1,4.31,117154.41,2449.51,0.0,0.0,234000,[tp 117154.41],356942522,356972197
1754804830,BTCUSD,1,1,4.27,117163.65,2461.66,0.0,0.0,234000,[tp 117163.65],356945707,356972243
1754804830,BTCUSD,1,1,4.05,117179.26,2461.06,0.0,0.0,234000,[tp 117179.26],356928203,356972268
1754804833,BTCUSD,1,1,4.27,117181.83,2442.52,0.0,0.0,234000,[tp 117181.83],356944124,356972329
1754805327,BTCUSD,1,1,3.9699999999999998,117220.64,2471.68,0.0,0.0,234000,[tp 117220.64],356929550,356973539
1754853383,BTCUSD,0,0,2.2800000000000002,118828.1,0.0,0.0,0.0,234000,AI-trade,357283638,357283638
1754853436,BTCUSD,0,0,2.2800000000000002,118804.45,0.0,0.0,0.0,234000,AI-trade,357283966,357283966
1754853482,BTCUSD,0,0,2.27,118779.15,0.0,0.0,0.0,234000,AI-trade,357285137,357285137
1754853577,BTCUSD,0,0,2.27,118786.98,0.0,0.0,0.0,234000,AI-trade,357285970,357285970
1754853603,BTCUSD,0,0,2.27,118777.03,0.0,0.0,0.0,234000,AI-trade,357286094,357286094
1754853664,BTCUSD,0,0,2.26,118770.29,0.0,0.0,0.0,234000,AI-trade,357286614,357286614
1754853790,BTCUSD,0,0,2.24,118751.99,0.0,0.0,0.0,234000,AI-trade,357287529,357287529
1754853843,BTCUSD,0,0,2.24,118709.71,0.0,0.0,0.0,234000,AI-trade,357287807,357287807
1754853903,BTCUSD,0,0,2.23,118678.25,0.0,0.0,0.0,234000,AI-trade,357288323,357288323
1754853970,BTCUSD,0,0,2.23,118716.63,0.0,0.0,0.0,234000,AI-trade,357288700,357288700
1754854381,BTCUSD,0,0,2.23,118721.77,0.0,0.0,0.0,234000,AI-trade,357291664,357291664
1754854565,BTCUSD,0,0,2.23,118707.1,0.0,0.0,0.0,234000,AI-trade,357292543,357292543
1754856211,BTCUSD,0,0,2.63,118663.17,0.0,0.0,0.0,234000,AI-trade,357301376,357301376
1754856749,BTCUSD,0,0,2.57,118647.65,0.0,0.0,0.0,234000,AI-trade,357305537,357305537
1754888231,BTCUSD,1,1,2.63,119793.07,2971.63,0.0,0.0,234000,[tp 119793.07],357301376,357616939
1754888242,BTCUSD,1,1,2.57,119794.66,2947.82,0.0,0.0,234000,[tp 119794.66],357305537,357617100
1754888408,BTCUSD,1,1,2.23,120014.98,2980.91,0.0,0.0,234000,[tp 120014.98],357288323,357620696
1754888409,BTCUSD,1,1,2.24,120049.55,3001.24,0.0,0.0,234000,[tp 120049.55],357287807,357620754
1754888410,BTCUSD,1,1,2.23,120056.01,3008.07,0.0,0.0,234000,[tp 120056.01],357292543,357620796
1754888410,BTCUSD,1,1,2.24,120064.48,2939.98,0.0,0.0,234000,[tp 120064.48],357287529,357620818
1754888410,BTCUSD,1,1,2.23,120073.87,3026.65,0.0,0.0,234000,[tp 120073.87],357288700,357620835
1754888410,BTCUSD,1,1,2.23,120078.48,3025.46,0.0,0.0,234000,[tp 120078.48],357291664,357620846
1754888411,BTCUSD,1,1,2.27,120104.66,3008.91,0.0,0.0,234000,[tp 120104.66],357285137,357620905
1754888411,BTCUSD,1,1,2.26,120105.53,3017.64,0.0,0.0,234000,[tp 120105.53],357286614,357620907
1754888412,BTCUSD,1,1,2.27,120117.57,3043.02,0.0,0.0,234000,[tp 120117.57],357286094,357621042
1754888416,BTCUSD,1,1,2.2800000000000002,120153.08,3020.95,0.0,0.0,234000,[tp 120153.08],357283638,357621324
1754888416,BTCUSD,1,1,2.2800000000000002,120149.27,3066.19,0.0,0.0,234000,[tp 120149.27],357283966,357621327
1754888416,BTCUSD,1,1,2.27,120147.52,3088.43,0.0,0.0,234000,[tp 120147.52],357285970,357621329
1754939567,LNKUSD,0,0,2.0,22.039,0.0,0.0,0.0,0,,358762429,358762429
1754943608,BTCUSD,1,1,0.01,119754.83,57.29,0.0,-4.01,0,,349999853,358842510
1754943610,BTCUSD,0,1,0.01,119795.03,-42.17,0.0,3.73,0,,340844943,358842540
1755071055,LNKUSD,1,1,2.0,24.228,437.8,0.0,-9.48,0,,358762429,360591043
1755366104,BTCUSD,0,0,0.01,117670.27,0.0,0.0,0.0,0,,364645990,364645990
1755366792,BTCUSD,1,1,0.01,117751.22,0.81,0.0,0.0,0,,364645990,364647754
1755366887,BTCUSD,0,0,0.01,117774.65,0.0,0.0,0.0,0,,364647881,364647881
1755366901,BTCUSD,1,1,0.01,117752.42,-0.23,0.0,0.0,0,,364647881,364647897
1755368904,BTCUSD,0,0,0.01,117784.17,0.0,0.0,0.0,0,,364653645,364653645
1755368916,BTCUSD,1,1,0.01,117766.08,-0.18,0.0,0.0,0,,364653645,364653662
1755368959,BTCUSD,0,0,0.01,117780.62,0.0,0.0,0.0,0,,364653750,364653750
1755370076,BTCUSD,1,1,0.01,117678.99,-1.02,0.0,0.0,0,,364653750,364658663
1755388516,BTCUSD,1,0,2.21,117646.59,0.0,0.0,0.0,0,,364701563,364701563
1755389062,BTCUSD,0,1,2.21,117610.18,80.46,0.0,0.0,0,[tp 117610.18],364701563,364702718
1755426583,BTCUSD,1,0,1.63,117948.96,0.0,0.0,0.0,0,,364789623,364789623
1755426810,BTCUSD,0,1,1.63,117908.06,66.66,0.0,0.0,0,[tp 117908.06],364789623,364790028
1755426871,BTCUSD,1,0,1.8,117915.43,0.0,0.0,0.0,0,,364790267,364790267
1755426900,BTCUSD,0,1,1.8,117941.59,-47.09,0.0,0.0,0,[sl 117941.59],364790267,364790317
1755426932,BTCUSD,1,0,1.98,117935.23,0.0,0.0,0.0,0,,364790363,364790363
1755426969,BTCUSD,0,1,1.98,117956.81,-42.72,0.0,0.0,0,[sl 117956.81],364790363,364790414
1755427170,BTCUSD,1,0,2.14,117940.69,0.0,0.0,0.0,0,,364790868,364790868
1755427251,BTCUSD,0,1,2.14,117962.11,-45.84,0.0,0.0,0,[sl 117962.11],364790868,364790955
1755427380,BTCUSD,0,0,0.97,117993.68,0.0,0.0,0.0,0,,364791417,364791417
1755427502,BTCUSD,1,1,0.97,117960.34,-32.34,0.0,0.0,0,[sl 117960.34],364791417,364791578
1755427840,BTCUSD,0,0,1.01,118017.3,0.0,0.0,0.0,0,,364792030,364792030
1755427988,BTCUSD,1,1,1.01,117978.82,-38.86,0.0,0.0,0,[sl 117978.82],364792030,364792142
1755428019,BTCUSD,0,0,1.05,117995.63,0.0,0.0,0.0,0,,364792192,364792192
1755428401,BTCUSD,1,1,1.05,118006.43,11.34,0.0,0.0,0,[tp 118006.43],364792192,364792495
1755458451,LNKUSD,0,0,0.01,25.991,0.0,0.0,0.0,202408,EmpireIA,364897246,364897246
1755458629,LNKUSD,1,1,0.01,26.026,0.04,0.0,0.0,202408,[tp 26.026],364897246,364897980
1755502781,EURUSD,0,0,100.0,1.17092,0.0,0.0,0.0,202408,EmpireIA,365266717,365266717
1755502786,XAUUSD,0,0,0.18,3354.54,0.0,0.0,0.0,202408,EmpireIA,365266751,365266751
1755502835,EURUSD,0,0,100.0,1.17092,0.0,0.0,0.0,202408,EmpireIA,365268026,365268026
1755502840,XAUUSD,0,0,0.17,3355.1,0.0,0.0,0.0,202408,EmpireIA,365268142,365268142
1755502895,EURUSD,0,0,100.0,1.17089,0.0,0.0,0.0,202408,EmpireIA,365268630,365268630
1755502899,XAUUSD,0,0,0.17,3354.87,0.0,0.0,0.0,202408,EmpireIA,365268656,365268656
1755502954,EURUSD,0,0,100.0,1.17081,0.0,0.0,0.0,202408,EmpireIA,365269533,365269533
1755502958,XAUUSD,0,0,0.16,3355.32,0.0,0.0,0.0,202408,EmpireIA,365269544,365269544
1755502965,EURUSD,1,1,100.0,1.17065,-2700.0,0.0,0.0,202408,[sl 1.17065],365266717,365269570
1755503015,EURUSD,0,0,100.0,1.17082,0.0,0.0,0.0,202408,EmpireIA,365269795,365269795
1755503019,XAUUSD,0,0,0.16,3355.26,0.0,0.0,0.0,202408,EmpireIA,365269890,365269890
1755503041,EURUSD,1,1,100.0,1.17064,-2800.0,0.0,0.0,202408,[sl 1.17064],365268026,365270126
1755503041,EURUSD,1,1,100.0,1.17064,-2500.0,0.0,0.0,202408,[sl 1.17064],365268630,365270127
1755503075,EURUSD,0,0,100.0,1.17077,0.0,0.0,0.0,202408,EmpireIA,365270496,365270496
1755503079,XAUUSD,0,0,0.16,3355.37,0.0,0.0,0.0,202408,EmpireIA,365270531,365270531
1755503135,EURUSD,0,0,100.0,1.17083,0.0,0.0,0.0,202408,EmpireIA,365271011,365271011
1755503139,XAUUSD,0,0,0.17,3355.59,0.0,0.0,0.0,202408,EmpireIA,365271077,365271077
1755503164,XAUUSD,1,1,0.18,3355.6,19.08,0.0,0.0,202408,[tp 3355.60],365266751,365271382
1755503188,XAUUSD,1,1,0.17,3356.13,21.42,0.0,0.0,202408,[tp 3356.13],365268656,365271923
1755503195,EURUSD,0,0,100.0,1.17097,0.0,0.0,0.0,202408,EmpireIA,365272248,365272248
1755503199,XAUUSD,0,0,0.18,3356.2,0.0,0.0,0.0,202408,EmpireIA,365272278,365272278
1755503242,EURUSD,1,1,100.0,1.17089,1200.0,0.0,0.0,202408,[tp 1.17089],365270496,365272885
1755503255,EURUSD,0,0,100.0,1.171,0.0,0.0,0.0,202408,EmpireIA,365272905,365272905
1755503259,XAUUSD,0,0,0.19,3355.78,0.0,0.0,0.0,202408,EmpireIA,365272915,365272915
1755503287,EURUSD,1,1,100.0,1.17093,1200.0,0.0,0.0,202408,[tp 1.17093],365269533,365273174
1755503288,XAUUSD,1,1,0.17,3356.37,21.59,0.0,0.0,202408,[tp 3356.37],365268142,365273186
1755503288,XAUUSD,1,1,0.16,3356.35,17.44,0.0,0.0,202408,[tp 3356.35],365269890,365273190
1755503300,XAUUSD,1,1,0.16,3356.46,18.24,0.0,0.0,202408,[tp 3356.46],365269544,365273334
1755503300,XAUUSD,1,1,0.16,3356.49,17.92,0.0,0.0,202408,[tp 3356.49],365270531,365273338
1755503307,XAUUSD,1,1,0.19,3356.54,14.44,0.0,0.0,202408,[tp 3356.54],365272915,365273485
1755503314,XAUUSD,1,1,0.17,3356.69,18.7,0.0,0.0,202408,[tp 3356.69],365271077,365273624
1755503316,EURUSD,0,0,100.0,1.17103,0.0,0.0,0.0,202408,EmpireIA,365273663,365273663
1755503319,XAUUSD,0,0,0.19,3356.73,0.0,0.0,0.0,202408,EmpireIA,365273680,365273680
1755503360,EURUSD,1,1,100.0,1.1708,-2300.0,0.0,0.0,202408,[sl 1.17080],365273663,365274081
1755503374,EURUSD,1,1,100.0,1.17076,-2400.0,0.0,0.0,202408,[sl 1.17076],365272905,365274130
1755503375,EURUSD,0,0,100.0,1.17092,0.0,0.0,0.0,202408,EmpireIA,365274136,365274136
1755503379,XAUUSD,0,0,0.18,3356.48,0.0,0.0,0.0,202408,EmpireIA,365274142,365274142
1755503435,EURUSD,0,0,100.0,1.1709100000000001,0.0,0.0,0.0,202408,EmpireIA,365274704,365274704
1755503438,XAUUSD,0,0,0.18,3356.68,0.0,0.0,0.0,202408,EmpireIA,365274725,365274725
1755503495,EURUSD,0,0,100.0,1.17098,0.0,0.0,0.0,202408,EmpireIA,365275321,365275321
1755503499,XAUUSD,0,0,0.2,3356.49,0.0,0.0,0.0,202408,EmpireIA,365275348,365275348
1755503508,EURUSD,1,1,100.0,1.17076,-2200.0,0.0,0.0,202408,[sl 1.17076],365275321,365275366
1755503514,XAUUSD,1,1,0.19,3355.83,-17.1,0.0,0.0,202408,[sl 3355.83],365273680,365275485
1755503514,XAUUSD,1,1,0.18,3355.82,-15.48,0.0,0.0,202408,[sl 3355.82],365274725,365275486
1755503544,XAUUSD,1,1,0.2,3355.58,-18.2,0.0,0.0,202408,[sl 3355.58],365275348,365276011
1755503545,XAUUSD,1,1,0.18,3355.5,-17.64,0.0,0.0,202408,[sl 3355.50],365274142,365276016
1755503555,EURUSD,0,0,100.0,1.1710099999999999,0.0,0.0,0.0,202408,EmpireIA,365276103,365276103
1755503559,XAUUSD,0,0,0.18,3355.83,0.0,0.0,0.0,202408,EmpireIA,365276116,365276116
1755503619,XAUUSD,0,0,0.17,3356.35,0.0,0.0,0.0,202408,EmpireIA,365276387,365276387
1755503683,XAUUSD,0,0,0.18,3356.65,0.0,0.0,0.0,202408,EmpireIA,365276658,365276658
1755503698,XAUUSD,1,1,0.18,3356.74,16.38,0.0,0.0,202408,[tp 3356.74],365276116,365276707
1755503708,XAUUSD,1,1,0.18,3357.14,16.92,0.0,0.0,202408,[tp 3357.14],365272278,365277117
1755503731,XAUUSD,1,1,0.17,3357.29,15.98,0.0,0.0,202408,[tp 3357.29],365276387,365277506
1755503734,XAUUSD,1,1,0.18,3357.53,15.84,0.0,0.0,202408,[tp 3357.53],365276658,365277669
1755503738,XAUUSD,0,0,0.17,3357.61,0.0,0.0,0.0,202408,EmpireIA,365277858,365277858
1755503767,EURUSD,1,1,100.0,1.17095,1200.0,0.0,0.0,202408,[tp 1.17095],365271011,365278140
1755503786,EURUSD,1,1,100.0,1.17098,1600.0,0.0,0.0,202408,[tp 1.17098],365269795,365278318
1755503795,EURUSD,0,0,100.0,1.17109,0.0,0.0,0.0,202408,EmpireIA,365278402,365278402
1755503799,XAUUSD,0,0,0.18,3357.76,0.0,0.0,0.0,202408,EmpireIA,365278415,365278415
1755503843,EURUSD,1,1,100.0,1.17087,-2200.0,0.0,0.0,202408,[sl 1.17087],365278402,365278954
1755503855,EURUSD,0,0,100.0,1.17094,0.0,0.0,0.0,202408,EmpireIA,365278996,365278996
1755503858,XAUUSD,0,0,0.18,3357.8,0.0,0.0,0.0,202408,EmpireIA,365279009,365279009
1755503867,EURUSD,1,1,100.0,1.17076,-2500.0,0.0,0.0,202408,[sl 1.17076],365276103,365279227
1755503915,EURUSD,0,0,100.0,1.1709100000000001,0.0,0.0,0.0,202408,EmpireIA,365279859,365279859
1755503919,XAUUSD,0,0,0.17,3357.99,0.0,0.0,0.0,202408,EmpireIA,365279885,365279885
1755503975,EURUSD,0,0,100.0,1.1709,0.0,0.0,0.0,202408,EmpireIA,365280287,365280287
1755503979,XAUUSD,0,0,0.17,3357.75,0.0,0.0,0.0,202408,EmpireIA,365280295,365280295
1755504010,EURUSD,1,1,100.0,1.17071,-2600.0,0.0,0.0,202408,[sl 1.17071],365272248,365280961
1755504041,XAUUSD,0,0,0.16,3357.8,0.0,0.0,0.0,202408,EmpireIA,365281097,365281097
1755504100,XAUUSD,0,0,0.17,3358.21,0.0,0.0,0.0,202408,EmpireIA,365281765,365281765
1755504131,XAUUSD,1,1,0.17,3357.26,-16.15,0.0,0.0,202408,[sl 3357.26],365281765,365282192
1755504136,XAUUSD,1,1,0.17,3357.06,-15.81,0.0,0.0,202408,[sl 3357.06],365279885,365282301
1755504143,XAUUSD,1,1,0.18,3356.82,-16.92,0.0,0.0,202408,[sl 3356.82],365278415,365282430
1755504143,XAUUSD,1,1,0.18,3356.86,-16.92,0.0,0.0,202408,[sl 3356.86],365279009,365282432
1755504143,XAUUSD,1,1,0.16,3356.84,-15.36,0.0,0.0,202408,[sl 3356.84],365281097,365282434
1755504143,XAUUSD,1,1,0.17,3356.77,-14.28,0.0,0.0,202408,[sl 3356.77],365277858,365282441
1755504143,XAUUSD,1,1,0.17,3356.77,-16.66,0.0,0.0,202408,[sl 3356.77],365280295,365282445
1755504159,XAUUSD,0,0,0.15,3356.75,0.0,0.0,0.0,202408,EmpireIA,365282866,365282866
1755504218,XAUUSD,1,1,0.15,3355.74,-15.15,0.0,0.0,202408,[sl 3355.74],365282866,365283745
1755504275,EURUSD,0,0,100.0,1.17096,0.0,0.0,0.0,202408,EmpireIA,365284433,365284433
1755504279,XAUUSD,0,0,0.14,3356.56,0.0,0.0,0.0,202408,EmpireIA,365284481,365284481
1755504373,EURUSD,1,1,100.0,1.17068,-2600.0,0.0,0.0,202408,[sl 1.17068],365278996,365285934
1755504373,EURUSD,1,1,100.0,1.17068,-2300.0,0.0,0.0,202408,[sl 1.17068],365279859,365285936
1755504373,EURUSD,1,1,100.0,1.17068,-2200.0,0.0,0.0,202408,[sl 1.17068],365280287,365285937
1755504373,EURUSD,1,1,100.0,1.17069,-2700.0,0.0,0.0,202408,[sl 1.17069],365284433,365285938
1755504373,EURUSD,1,1,100.0,1.17066,-2600.0,0.0,0.0,202408,[sl 1.17066],365274136,365285949
1755504373,EURUSD,1,1,100.0,1.1706699999999999,-2400.0,0.0,0.0,202408,[sl 1.17067],365274704,365285950
1755504376,XAUUSD,1,1,0.14,3355.38,-16.52,0.0,0.0,202408,[sl 3355.38],365284481,365286025
1755504395,EURUSD,0,0,100.0,1.1707,0.0,0.0,0.0,202408,EmpireIA,365286329,365286329
1755504455,EURUSD,0,0,100.0,1.17074,0.0,0.0,0.0,202408,EmpireIA,365287121,365287121
1755504458,EURUSD,1,1,100.0,1.17062,-1200.0,0.0,0.0,202408,[sl 1.17062],365287121,365287131
1755504459,EURUSD,1,1,100.0,1.17058,-1200.0,0.0,0.0,202408,[sl 1.17058],365286329,365287135
1755504459,XAUUSD,0,0,0.13,3356.05,0.0,0.0,0.0,202408,EmpireIA,365287145,365287145
1755504516,EURUSD,0,0,100.0,1.17076,0.0,0.0,0.0,202408,EmpireIA,365287806,365287806
1755504580,EURUSD,0,0,100.0,1.17083,0.0,0.0,0.0,202408,EmpireIA,365288173,365288173
1755504580,EURUSD,1,1,100.0,1.17071,-1200.0,0.0,0.0,202408,[sl 1.17071],365288173,365288174
1755504589,XAUUSD,1,1,0.13,3355.3,-9.75,0.0,0.0,202408,[sl 3355.30],365287145,365288215
1755504618,EURUSD,1,1,100.0,1.1706,-1600.0,0.0,0.0,202408,[sl 1.17060],365287806,365288581
1755504635,EURUSD,0,0,100.0,1.1707,0.0,0.0,0.0,202408,EmpireIA,365288764,365288764
1755504687,EURUSD,1,1,100.0,1.17046,-2400.0,0.0,0.0,202408,[sl 1.17046],365288764,365289168
1755504695,EURUSD,0,0,100.0,1.17066,0.0,0.0,0.0,202408,EmpireIA,365289225,365289225
1755504697,EURUSD,1,1,100.0,1.17051,-1500.0,0.0,0.0,202408,[sl 1.17051],365289225,365289237
1755504699,XAUUSD,0,0,0.12,3355.45,0.0,0.0,0.0,202408,EmpireIA,365289249,365289249
1755504755,EURUSD,0,0,100.0,1.17055,0.0,0.0,0.0,202408,EmpireIA,365289748,365289748
1755504815,EURUSD,0,0,100.0,1.17055,0.0,0.0,0.0,202408,EmpireIA,365289997,365289997
1755504875,EURUSD,0,0,100.0,1.17056,0.0,0.0,0.0,202408,EmpireIA,365290325,365290325
1755504879,XAUUSD,0,0,0.12,3355.19,0.0,0.0,0.0,202408,EmpireIA,365290347,365290347
1755504935,EURUSD,0,0,100.0,1.17055,0.0,0.0,0.0,202408,EmpireIA,365290817,365290817
1755504970,XAUUSD,1,1,0.12,3354.28,-14.04,0.0,0.0,202408,[sl 3354.28],365289249,365291363
1755504970,XAUUSD,1,1,0.12,3354.2,-11.88,0.0,0.0,202408,[sl 3354.20],365290347,365291384
1755504995,EURUSD,0,0,100.0,1.17051,0.0,0.0,0.0,202408,EmpireIA,365291689,365291689
1755505076,EURUSD,1,1,100.0,1.17033,-2200.0,0.0,0.0,202408,[sl 1.17033],365289997,365292643
1755505076,EURUSD,1,1,100.0,1.17034,-2200.0,0.0,0.0,202408,[sl 1.17034],365290325,365292645
1755505077,EURUSD,1,1,100.0,1.17032,-2300.0,0.0,0.0,202408,[sl 1.17032],365290817,365292680
1755505102,EURUSD,1,1,100.0,1.17031,-2400.0,0.0,0.0,202408,[sl 1.17031],365289748,365293109
1755505115,EURUSD,0,0,100.0,1.17043,0.0,0.0,0.0,202408,EmpireIA,365293167,365293167
1755505118,XAUUSD,0,0,0.13,3353.95,0.0,0.0,0.0,202408,EmpireIA,365293195,365293195
1755505175,EURUSD,0,0,100.0,1.17053,0.0,0.0,0.0,202408,EmpireIA,365293778,365293778
1755505179,XAUUSD,0,0,0.13,3353.86,0.0,0.0,0.0,202408,EmpireIA,365293828,365293828
1755505235,EURUSD,0,0,100.0,1.17061,0.0,0.0,0.0,202408,EmpireIA,365294441,365294441
1755505237,EURUSD,1,1,100.0,1.17049,-1200.0,0.0,0.0,202408,[sl 1.17049],365294441,365294471
1755505239,XAUUSD,0,0,0.14,3354.02,0.0,0.0,0.0,202408,EmpireIA,365294486,365294486
1755505295,EURUSD,0,0,100.0,1.17055,0.0,0.0,0.0,202408,EmpireIA,365294938,365294938
1755505299,XAUUSD,0,0,0.14,3354.01,0.0,0.0,0.0,202408,EmpireIA,365294967,365294967
1755505308,EURUSD,1,1,100.0,1.17043,-1200.0,0.0,0.0,202408,[sl 1.17043],365294938,365295042
1755505355,EURUSD,0,0,100.0,1.17056,0.0,0.0,0.0,202408,EmpireIA,365295532,365295532
1755505359,XAUUSD,0,0,0.14,3353.62,0.0,0.0,0.0,202408,EmpireIA,365295546,365295546
1755505379,EURUSD,1,1,100.0,1.17044,-1200.0,0.0,0.0,202408,[sl 1.17044],365295532,365295627
1755505380,XAUUSD,1,1,0.14,3353.21,-11.2,0.0,0.0,202408,[sl 3353.21],365294967,365295702
1755505380,XAUUSD,1,1,0.14,3353.19,-11.62,0.0,0.0,202408,[sl 3353.19],365294486,365295719
1755505398,EURUSD,1,1,100.0,1.17055,1200.0,0.0,0.0,202408,[tp 1.17055],365293167,365295984
1755505415,EURUSD,0,0,100.0,1.17064,0.0,0.0,0.0,202408,EmpireIA,365296183,365296183
1755505415,EURUSD,1,1,100.0,1.17051,-1300.0,0.0,0.0,202408,[sl 1.17051],365296183,365296186
1755505419,XAUUSD,0,0,0.14,3353.32,0.0,0.0,0.0,202408,EmpireIA,365296223,365296223
1755505427,XAUUSD,1,1,0.13,3353.01,-11.05,0.0,0.0,202408,[sl 3353.01],365293828,365296371
1755505475,EURUSD,0,0,100.0,1.17061,0.0,0.0,0.0,202408,EmpireIA,365296828,365296828
1755505479,EURUSD,1,1,100.0,1.17049,-1200.0,0.0,0.0,202408,[sl 1.17049],365296828,365296881
1755505483,XAUUSD,0,0,0.14,3353.12,0.0,0.0,0.0,202408,EmpireIA,365296962,365296962
1755505483,XAUUSD,1,1,0.13,3352.9,-13.65,0.0,0.0,202408,[sl 3352.90],365293195,365296975
1755505485,XAUUSD,1,1,0.14,3352.82,-11.2,0.0,0.0,202408,[sl 3352.82],365295546,365297033
1755505505,XAUUSD,1,1,0.14,3352.55,-10.78,0.0,0.0,202408,[sl 3352.55],365296223,365297365
1755505506,XAUUSD,1,1,0.14,3352.41,-9.94,0.0,0.0,202408,[sl 3352.41],365296962,365297437
1755505535,EURUSD,0,0,100.0,1.17059,0.0,0.0,0.0,202408,EmpireIA,365297997,365297997
1755505535,EURUSD,1,1,100.0,1.17047,-1200.0,0.0,0.0,202408,[sl 1.17047],365297997,365298002
1755505539,XAUUSD,0,0,0.13,3352.74,0.0,0.0,0.0,202408,EmpireIA,365298053,365298053
1755505564,XAUUSD,1,1,0.13,3352.35,-5.07,0.0,0.0,202408,[sl 3352.35],365298053,365298217
1755505595,EURUSD,0,0,100.0,1.17058,0.0,0.0,0.0,202408,EmpireIA,365298769,365298769
1755505595,EURUSD,1,1,100.0,1.17043,-1500.0,0.0,0.0,202408,[sl 1.17043],365298769,365298774
1755505598,XAUUSD,0,0,0.12,3352.51,0.0,0.0,0.0,202408,EmpireIA,365298798,365298798
1755505655,EURUSD,0,0,100.0,1.17051,0.0,0.0,0.0,202408,EmpireIA,365299834,365299834
1755505656,EURUSD,1,1,100.0,1.17038,-1300.0,0.0,0.0,202408,[sl 1.17038],365299834,365299837
1755505658,XAUUSD,0,0,0.12,3351.88,0.0,0.0,0.0,202408,EmpireIA,365299843,365299843
1755505694,EURUSD,1,1,100.0,1.17029,-2200.0,0.0,0.0,202408,[sl 1.17029],365291689,365300280
1755505694,EURUSD,1,1,100.0,1.1703000000000001,-2300.0,0.0,0.0,202408,[sl 1.17030],365293778,365300281
1755505715,EURUSD,0,0,100.0,1.17051,0.0,0.0,0.0,202408,EmpireIA,365300485,365300485
1755505717,EURUSD,1,1,100.0,1.17037,-1400.0,0.0,0.0,202408,[sl 1.17037],365300485,365300495
1755505719,XAUUSD,0,0,0.11,3352.32,0.0,0.0,0.0,202408,EmpireIA,365300511,365300511
1755505775,EURUSD,0,0,100.0,1.17044,0.0,0.0,0.0,202408,EmpireIA,365300912,365300912
1755505779,XAUUSD,0,0,0.11,3351.95,0.0,0.0,0.0,202408,EmpireIA,365300924,365300924
1755505780,EURUSD,1,1,100.0,1.17032,-1200.0,0.0,0.0,202408,[sl 1.17032],365300912,365300939
1755505784,XAUUSD,1,1,0.12,3351.27,-14.88,0.0,0.0,202408,[sl 3351.27],365298798,365300978
1755505784,XAUUSD,1,1,0.11,3351.3,-11.22,0.0,0.0,202408,[sl 3351.30],365300511,365300979
1755505802,XAUUSD,1,1,0.11,3350.96,-10.89,0.0,0.0,202408,[sl 3350.96],365300924,365301501
1755505802,XAUUSD,1,1,0.12,3350.89,-11.88,0.0,0.0,202408,[sl 3350.89],365299843,365301572
1755505838,EURUSD,0,0,100.0,1.17048,0.0,0.0,0.0,202408,EmpireIA,365302553,365302553
1755505839,EURUSD,1,1,100.0,1.17036,-1200.0,0.0,0.0,202408,[sl 1.17036],365302553,365302564
1755505842,XAUUSD,0,0,0.1,3350.58,0.0,0.0,0.0,202408,EmpireIA,365302624,365302624
1755505895,EURUSD,0,0,100.0,1.17039,0.0,0.0,0.0,202408,EmpireIA,365303317,365303317
1755505896,EURUSD,1,1,100.0,1.17027,-1200.0,0.0,0.0,202408,[sl 1.17027],365303317,365303319
1755505899,XAUUSD,0,0,0.09,3350.72,0.0,0.0,0.0,202408,EmpireIA,365303335,365303335
1755505930,XAUUSD,1,1,0.09,3349.79,-8.37,0.0,0.0,202408,[sl 3349.79],365303335,365304154
1755505956,EURUSD,0,0,100.0,1.1703999999999999,0.0,0.0,0.0,202408,EmpireIA,365304850,365304850
1755505959,EURUSD,1,1,100.0,1.17027,-1300.0,0.0,0.0,202408,[sl 1.17027],365304850,365304892
1755505960,XAUUSD,0,0,0.09,3350.04,0.0,0.0,0.0,202408,EmpireIA,365304916,365304916
1755505997,XAUUSD,1,1,0.1,3349.47,-11.1,0.0,0.0,202408,[sl 3349.47],365302624,365305576
1755506008,XAUUSD,1,1,0.09,3349.04,-9.0,0.0,0.0,202408,[sl 3349.04],365304916,365305963
1755506015,EURUSD,0,0,100.0,1.17031,0.0,0.0,0.0,202408,EmpireIA,365306324,365306324
1755506019,EURUSD,1,1,100.0,1.17019,-1200.0,0.0,0.0,202408,[sl 1.17019],365306324,365306494
1755506019,XAUUSD,0,0,0.09,3348.83,0.0,0.0,0.0,202408,EmpireIA,365306532,365306532
1755506075,EURUSD,0,0,100.0,1.17021,0.0,0.0,0.0,202408,EmpireIA,365307865,365307865
1755506078,XAUUSD,0,0,0.08,3349.27,0.0,0.0,0.0,202408,EmpireIA,365307910,365307910
1755506135,EURUSD,0,0,100.0,1.17041,0.0,0.0,0.0,202408,EmpireIA,365309610,365309610
1755506138,EURUSD,1,1,100.0,1.17029,-1200.0,0.0,0.0,202408,[sl 1.17029],365309610,365309632
1755506139,XAUUSD,0,0,0.08,3348.71,0.0,0.0,0.0,202408,EmpireIA,365309645,365309645
1755506172,XAUUSD,1,1,0.08,3347.95,-10.56,0.0,0.0,202408,[sl 3347.95],365307910,365310031
1755506195,EURUSD,0,0,100.0,1.17041,0.0,0.0,0.0,202408,EmpireIA,365310814,365310814
1755506195,XAUUSD,1,1,0.09,3347.65,-10.62,0.0,0.0,202408,[sl 3347.65],365306532,365310819
1755506196,EURUSD,1,1,100.0,1.17029,-1200.0,0.0,0.0,202408,[sl 1.17029],365310814,365310835
1755506199,XAUUSD,0,0,0.08,3347.89,0.0,0.0,0.0,202408,EmpireIA,365310871,365310871
1755506218,EURUSD,1,1,100.0,1.17033,1200.0,0.0,0.0,202408,[tp 1.17033],365307865,365311282
1755506255,EURUSD,0,0,100.0,1.17046,0.0,0.0,0.0,202408,EmpireIA,365312072,365312072
1755506258,EURUSD,1,1,100.0,1.17034,-1200.0,0.0,0.0,202408,[sl 1.17034],365312072,365312103
1755506259,XAUUSD,0,0,0.07,3348.28,0.0,0.0,0.0,202408,EmpireIA,365312113,365312113
1755506284,XAUUSD,1,1,0.08,3347.46,-10.0,0.0,0.0,202408,[sl 3347.46],365309645,365312581
1755506285,XAUUSD,1,1,0.07,3347.27,-7.07,0.0,0.0,202408,[sl 3347.27],365312113,365312615
1755506315,EURUSD,0,0,100.0,1.17043,0.0,0.0,0.0,202408,EmpireIA,365313504,365313504
1755506319,XAUUSD,0,0,0.07,3347.57,0.0,0.0,0.0,202408,EmpireIA,365313669,365313669
1755506367,EURUSD,1,1,100.0,1.17027,-1600.0,0.0,0.0,202408,[sl 1.17027],365313504,365314290
1755506375,EURUSD,0,0,100.0,1.17043,0.0,0.0,0.0,202408,EmpireIA,365314390,365314390
1755506376,EURUSD,1,1,100.0,1.17027,-1600.0,0.0,0.0,202408,[sl 1.17027],365314390,365314432
1755506379,XAUUSD,0,0,0.06,3347.01,0.0,0.0,0.0,202408,EmpireIA,365314458,365314458
1755506440,EURUSD,0,0,100.0,1.17053,0.0,0.0,0.0,202408,EmpireIA,365315680,365315680
1755506444,XAUUSD,0,0,0.06,3347.23,0.0,0.0,0.0,202408,EmpireIA,365315715,365315715
1755506495,EURUSD,0,0,100.0,1.17058,0.0,0.0,0.0,202408,EmpireIA,365316403,365316403
1755506499,XAUUSD,0,0,0.06,3348.27,0.0,0.0,0.0,202408,EmpireIA,365316461,365316461
1755506525,XAUUSD,1,1,0.07,3348.58,7.07,0.0,0.0,202408,[tp 3348.58],365313669,365317270
1755506528,XAUUSD,1,1,0.06,3348.79,10.68,0.0,0.0,202408,[tp 3348.79],365314458,365317373
1755506531,XAUUSD,1,1,0.06,3349.03,10.8,0.0,0.0,202408,[tp 3349.03],365315715,365317431
1755506555,EURUSD,0,0,100.0,1.17057,0.0,0.0,0.0,202408,EmpireIA,365317999,365317999
1755506647,EURUSD,1,1,100.0,1.17034,-2400.0,0.0,0.0,202408,[sl 1.17034],365316403,365319557
1755506647,EURUSD,1,1,100.0,1.17033,-2400.0,0.0,0.0,202408,[sl 1.17033],365317999,365319559
1755506649,EURUSD,1,1,100.0,1.17027,-2600.0,0.0,0.0,202408,[sl 1.17027],365315680,365319623
1755506675,EURUSD,0,0,100.0,1.17043,0.0,0.0,0.0,202408,EmpireIA,365319978,365319978
1755506679,EURUSD,1,1,100.0,1.17031,-1200.0,0.0,0.0,202408,[sl 1.17031],365319978,365320011
1755506735,EURUSD,0,0,100.0,1.17056,0.0,0.0,0.0,202408,EmpireIA,365320962,365320962
1755506795,EURUSD,0,0,100.0,1.17062,0.0,0.0,0.0,202408,EmpireIA,365321739,365321739
1755506800,XAUUSD,0,0,0.06,3347.87,0.0,0.0,0.0,202408,EmpireIA,365321849,365321849
1755506855,EURUSD,0,0,100.0,1.17065,0.0,0.0,0.0,202408,EmpireIA,365323265,365323265
1755506864,XAUUSD,1,1,0.06,3347.46,-2.46,0.0,0.0,202408,[sl 3347.46],365321849,365323592
1755507126,EURUSD,1,1,100.0,1.1703999999999999,-2500.0,0.0,0.0,202408,[sl 1.17040],365323265,365328645
1755507155,EURUSD,0,0,100.0,1.17057,0.0,0.0,0.0,202408,EmpireIA,365329584,365329584
1755507164,EURUSD,1,1,100.0,1.17045,-1200.0,0.0,0.0,202408,[sl 1.17045],365329584,365330015
1755507215,EURUSD,0,0,100.0,1.1706,0.0,0.0,0.0,202408,EmpireIA,365331445,365331445
1755507381,XAUUSD,1,1,0.08,3349.39,12.0,0.0,0.0,202408,[tp 3349.39],365310871,365334740
1755507399,XAUUSD,0,0,0.06,3349.36,0.0,0.0,0.0,202408,EmpireIA,365335133,365335133
1755507423,XAUUSD,1,1,0.06,3349.85,9.48,0.0,0.0,202408,[tp 3349.85],365316461,365335745
1755507459,XAUUSD,0,0,0.07,3350.58,0.0,0.0,0.0,202408,EmpireIA,365336963,365336963
1755507497,XAUUSD,1,1,0.06,3350.8,8.64,0.0,0.0,202408,[tp 3350.80],365335133,365337840
1755507519,XAUUSD,0,0,0.07,3350.66,0.0,0.0,0.0,202408,EmpireIA,365338474,365338474
1755507566,XAUUSD,1,1,0.07,3349.48,-8.26,0.0,0.0,202408,[sl 3349.48],365338474,365339330
1755507579,XAUUSD,0,0,0.07,3350.05,0.0,0.0,0.0,202408,EmpireIA,365339536,365339536
1755507629,EURUSD,1,1,100.0,1.17068,1200.0,0.0,0.0,202408,[tp 1.17068],365320962,365340992
1755507635,EURUSD,0,0,100.0,1.17079,0.0,0.0,0.0,202408,EmpireIA,365341140,365341140
1755507639,EURUSD,1,1,100.0,1.17072,1200.0,0.0,0.0,202408,[tp 1.17072],365331445,365341204
1755507639,XAUUSD,0,0,0.07,3350.2,0.0,0.0,0.0,202408,EmpireIA,365341209,365341209
1755507696,EURUSD,0,0,100.0,1.17082,0.0,0.0,0.0,202408,EmpireIA,365342320,365342320
1755507700,XAUUSD,0,0,0.07,3350.2,0.0,0.0,0.0,202408,EmpireIA,365342355,365342355
1755507709,EURUSD,1,1,100.0,1.17074,1200.0,0.0,0.0,202408,[tp 1.17074],365321739,365342437
1755507724,EURUSD,1,1,100.0,1.17058,-2400.0,0.0,0.0,202408,[sl 1.17058],365342320,365342822
1755507755,EURUSD,0,0,100.0,1.17069,0.0,0.0,0.0,202408,EmpireIA,365343356,365343356
1755507755,EURUSD,1,1,100.0,1.17055,-2400.0,0.0,0.0,202408,[sl 1.17055],365341140,365343359
1755507759,XAUUSD,0,0,0.07,3350.19,0.0,0.0,0.0,202408,EmpireIA,365343410,365343410
1755507775,EURUSD,1,1,100.0,1.17044,-2500.0,0.0,0.0,202408,[sl 1.17044],365343356,365343785
1755507815,EURUSD,0,0,100.0,1.17057,0.0,0.0,0.0,202408,EmpireIA,365344711,365344711
1755507816,EURUSD,1,1,100.0,1.17044,-1300.0,0.0,0.0,202408,[sl 1.17044],365344711,365344728
1755507820,XAUUSD,0,0,0.06,3350.73,0.0,0.0,0.0,202408,EmpireIA,365344875,365344875
1755507875,EURUSD,0,0,100.0,1.1707,0.0,0.0,0.0,202408,EmpireIA,365345734,365345734
1755507878,XAUUSD,0,0,0.06,3350.7,0.0,0.0,0.0,202408,EmpireIA,365345785,365345785
1755507918,XAUUSD,1,1,0.06,3349.54,-6.96,0.0,0.0,202408,[sl 3349.54],365345785,365346321
1755507921,XAUUSD,1,1,0.06,3349.44,-7.74,0.0,0.0,202408,[sl 3349.44],365344875,365346347
1755507935,EURUSD,0,0,100.0,1.17058,0.0,0.0,0.0,202408,EmpireIA,365346493,365346493
1755507938,EURUSD,1,1,100.0,1.17046,-1200.0,0.0,0.0,202408,[sl 1.17046],365346493,365346499
1755507961,EURUSD,1,1,100.0,1.17041,-2900.0,0.0,0.0,202408,[sl 1.17041],365345734,365346652
1755507995,EURUSD,0,0,100.0,1.17053,0.0,0.0,0.0,202408,EmpireIA,365347041,365347041
1755507999,XAUUSD,0,0,0.05,3350.59,0.0,0.0,0.0,202408,EmpireIA,365347070,365347070
1755508002,EURUSD,1,1,100.0,1.17041,-1200.0,0.0,0.0,202408,[sl 1.17041],365347041,365347082
1755508056,EURUSD,0,0,100.0,1.17059,0.0,0.0,0.0,202408,EmpireIA,365347683,365347683
1755508059,XAUUSD,1,1,0.07,3349.21,-9.59,0.0,0.0,202408,[sl 3349.21],365336963,365347712
1755508059,XAUUSD,1,1,0.05,3349.22,-6.85,0.0,0.0,202408,[sl 3349.22],365347070,365347714
1755508082,EURUSD,1,1,100.0,1.17047,-1200.0,0.0,0.0,202408,[sl 1.17047],365347683,365347923
1755508115,EURUSD,0,0,100.0,1.17059,0.0,0.0,0.0,202408,EmpireIA,365348104,365348104
1755508119,XAUUSD,0,0,0.05,3349.96,0.0,0.0,0.0,202408,EmpireIA,365348120,365348120
1755508120,EURUSD,1,1,100.0,1.17047,-1200.0,0.0,0.0,202408,[sl 1.17047],365348104,365348125
1755508175,EURUSD,0,0,100.0,1.1706,0.0,0.0,0.0,202408,EmpireIA,365348429,365348429
1755508201,EURUSD,1,1,100.0,1.17048,-1200.0,0.0,0.0,202408,[sl 1.17048],365348429,365348659
1755508242,EURUSD,0,0,100.0,1.17058,0.0,0.0,0.0,202408,EmpireIA,365348958,365348958
1755508245,EURUSD,1,1,100.0,1.17046,-1200.0,0.0,0.0,202408,[sl 1.17046],365348958,365348971
1755508245,XAUUSD,0,0,0.05,3349.88,0.0,0.0,0.0,202408,EmpireIA,365348974,365348974
1755508254,XAUUSD,1,1,0.07,3349.01,-8.33,0.0,0.0,202408,[sl 3349.01],365342355,365349038
1755508254,XAUUSD,1,1,0.07,3348.91,-9.03,0.0,0.0,202408,[sl 3348.91],365341209,365349057
1755508254,XAUUSD,1,1,0.07,3348.9,-9.03,0.0,0.0,202408,[sl 3348.90],365343410,365349066
1755508296,EURUSD,0,0,100.0,1.17061,0.0,0.0,0.0,202408,EmpireIA,365349564,365349564
1755508297,EURUSD,1,1,100.0,1.17049,-1200.0,0.0,0.0,202408,[sl 1.17049],365349564,365349584
1755508300,XAUUSD,0,0,0.05,3350.02,0.0,0.0,0.0,202408,EmpireIA,365349620,365349620
1755508356,EURUSD,0,0,100.0,1.17041,0.0,0.0,0.0,202408,EmpireIA,365350426,365350426
1755508359,XAUUSD,0,0,0.05,3349.98,0.0,0.0,0.0,202408,EmpireIA,365350445,365350445
1755508415,EURUSD,0,0,100.0,1.17045,0.0,0.0,0.0,202408,EmpireIA,365350989,365350989
1755508418,EURUSD,1,1,100.0,1.17031,-1400.0,0.0,0.0,202408,[sl 1.17031],365350989,365351010
1755508460,EURUSD,1,1,100.0,1.17026,-1500.0,0.0,0.0,202408,[sl 1.17026],365350426,365351338
1755508475,EURUSD,0,0,100.0,1.17034,0.0,0.0,0.0,202408,EmpireIA,365351714,365351714
1755508480,EURUSD,1,1,100.0,1.17021,-1300.0,0.0,0.0,202408,[sl 1.17021],365351714,365351779
1755508517,XAUUSD,1,1,0.05,3348.98,-5.2,0.0,0.0,202408,[sl 3348.98],365349620,365352864
1755508527,XAUUSD,1,1,0.07,3348.82,-8.61,0.0,0.0,202408,[sl 3348.82],365339536,365352981
1755508533,XAUUSD,1,1,0.05,3348.62,-6.7,0.0,0.0,202408,[sl 3348.62],365348120,365353117
1755508533,XAUUSD,1,1,0.05,3348.59,-6.45,0.0,0.0,202408,[sl 3348.59],365348974,365353118
1755508533,XAUUSD,1,1,0.05,3348.6,-6.9,0.0,0.0,202408,[sl 3348.60],365350445,365353119
1755508535,EURUSD,0,0,100.0,1.17026,0.0,0.0,0.0,202408,EmpireIA,365353169,365353169
1755508595,EURUSD,0,0,100.0,1.17026,0.0,0.0,0.0,202408,EmpireIA,365353906,365353906
1755508595,EURUSD,1,1,100.0,1.17014,-1200.0,0.0,0.0,202408,[sl 1.17014],365353906,365353909
1755508655,EURUSD,0,0,100.0,1.17035,0.0,0.0,0.0,202408,EmpireIA,365355219,365355219
1755508659,XAUUSD,0,0,0.05,3347.92,0.0,0.0,0.0,202408,EmpireIA,365355260,365355260
1755508684,XAUUSD,1,1,0.05,3346.45,-7.35,0.0,0.0,202408,[sl 3346.45],365355260,365355981
1755508697,EURUSD,1,1,100.0,1.17008,-2700.0,0.0,0.0,202408,[sl 1.17008],365355219,365356714
1755508715,EURUSD,0,0,100.0,1.17023,0.0,0.0,0.0,202408,EmpireIA,365357021,365357021
1755508719,XAUUSD,0,0,0.04,3348.03,0.0,0.0,0.0,202408,EmpireIA,365357118,365357118
1755509037,XAUUSD,1,1,0.04,3349.34,5.24,0.0,0.0,202408,[tp 3349.34],365357118,365362529
1755509079,XAUUSD,0,0,0.04,3349.21,0.0,0.0,0.0,202408,EmpireIA,365363088,365363088
1755509144,XAUUSD,0,0,0.04,3349.17,0.0,0.0,0.0,202408,EmpireIA,365363858,365363858
1755509163,EURUSD,1,1,100.0,1.16996,-3000.0,0.0,0.0,202408,[sl 1.16996],365353169,365364073
1755509181,EURUSD,1,1,100.0,1.16994,-2900.0,0.0,0.0,202408,[sl 1.16994],365357021,365364395
1755509195,EURUSD,0,0,100.0,1.17008,0.0,0.0,0.0,202408,EmpireIA,365364490,365364490
1755509242,EURUSD,1,1,100.0,1.16984,-2400.0,0.0,0.0,202408,[sl 1.16984],365364490,365365219
1755509255,EURUSD,0,0,100.0,1.16993,0.0,0.0,0.0,202408,EmpireIA,365365860,365365860
1755509282,EURUSD,1,1,100.0,1.16967,-2600.0,0.0,0.0,202408,[sl 1.16967],365365860,365366170
1755509315,EURUSD,0,0,100.0,1.16973,0.0,0.0,0.0,202408,EmpireIA,365366626,365366626
1755509319,XAUUSD,0,0,0.03,3349.67,0.0,0.0,0.0,202408,EmpireIA,365366659,365366659
1755509378,XAUUSD,0,0,0.03,3349.65,0.0,0.0,0.0,202408,EmpireIA,365367503,365367503
1755509439,XAUUSD,0,0,0.03,3349.32,0.0,0.0,0.0,202408,EmpireIA,365368377,365368377
1755509499,XAUUSD,0,0,0.03,3349.07,0.0,0.0,0.0,202408,EmpireIA,365368827,365368827
1755509559,XAUUSD,0,0,0.04,3349.27,0.0,0.0,0.0,202408,EmpireIA,365369549,365369549
1755509695,XAUUSD,1,1,0.03,3348.37,-3.84,0.0,0.0,202408,[sl 3348.37],365367503,365370869
1755509785,EURUSD,1,1,100.0,1.16987,1400.0,0.0,0.0,202408,[tp 1.16987],365366626,365371787
1755509795,EURUSD,0,0,100.0,1.1699,0.0,0.0,0.0,202408,EmpireIA,365371894,365371894
1755509797,EURUSD,1,1,100.0,1.16977,-1300.0,0.0,0.0,202408,[sl 1.16977],365371894,365371932
1755509799,XAUUSD,0,0,0.04,3348.98,0.0,0.0,0.0,202408,EmpireIA,365371953,365371953
1755509855,EURUSD,0,0,100.0,1.16977,0.0,0.0,0.0,202408,EmpireIA,365372732,365372732
1755509855,EURUSD,1,1,100.0,1.16965,-1200.0,0.0,0.0,202408,[sl 1.16965],365372732,365372734
1755509916,EURUSD,0,0,100.0,1.16989,0.0,0.0,0.0,202408,EmpireIA,365373310,365373310
1755509916,EURUSD,1,1,100.0,1.16977,-1200.0,0.0,0.0,202408,[sl 1.16977],365373310,365373312
1755509919,XAUUSD,0,0,0.04,3350.18,0.0,0.0,0.0,202408,EmpireIA,365373345,365373345
1755509975,EURUSD,0,0,100.0,1.1698,0.0,0.0,0.0,202408,EmpireIA,365373917,365373917
1755509979,XAUUSD,0,0,0.04,3349.8,0.0,0.0,0.0,202408,EmpireIA,365373932,365373932
1755510039,EURUSD,1,1,100.0,1.16968,-1200.0,0.0,0.0,202408,[sl 1.16968],365373917,365374587
1755510043,XAUUSD,0,0,0.04,3350.01,0.0,0.0,0.0,202408,EmpireIA,365374707,365374707
1755510095,EURUSD,0,0,100.0,1.16978,0.0,0.0,0.0,202408,EmpireIA,365375315,365375315
1755510099,EURUSD,1,1,100.0,1.16966,-1200.0,0.0,0.0,202408,[sl 1.16966],365375315,365375340
1755510099,XAUUSD,0,0,0.03,3349.93,0.0,0.0,0.0,202408,EmpireIA,365375341,365375341
1755510155,EURUSD,0,0,100.0,1.16972,0.0,0.0,0.0,202408,EmpireIA,365376280,365376280
1755510158,EURUSD,1,1,100.0,1.1696,-1200.0,0.0,0.0,202408,[sl 1.16960],365376280,365376297
1755510159,XAUUSD,0,0,0.03,3350.32,0.0,0.0,0.0,202408,EmpireIA,365376302,365376302
1755510195,XAUUSD,1,1,0.04,3350.49,6.04,0.0,0.0,202408,[tp 3350.49],365371953,365377032
1755510195,XAUUSD,1,1,0.04,3350.65,5.92,0.0,0.0,202408,[tp 3350.65],365363858,365377092
1755510195,XAUUSD,1,1,0.04,3350.58,5.24,0.0,0.0,202408,[tp 3350.58],365369549,365377094
1755510196,XAUUSD,1,1,0.03,3350.76,4.32,0.0,0.0,202408,[tp 3350.76],365368377,365377128
1755510196,XAUUSD,1,1,0.03,3350.68,4.83,0.0,0.0,202408,[tp 3350.68],365368827,365377130
1755510275,EURUSD,0,0,100.0,1.16968,0.0,0.0,0.0,202408,EmpireIA,365378240,365378240
1755510277,EURUSD,1,1,100.0,1.16956,-1200.0,0.0,0.0,202408,[sl 1.16956],365378240,365378263
1755510278,XAUUSD,0,0,0.03,3349.98,0.0,0.0,0.0,202408,EmpireIA,365378290,365378290
1755510336,EURUSD,0,0,100.0,1.16993,0.0,0.0,0.0,202408,EmpireIA,365379084,365379084
1755510340,XAUUSD,0,0,0.03,3350.33,0.0,0.0,0.0,202408,EmpireIA,365379169,365379169
1755510399,XAUUSD,0,0,0.03,3349.95,0.0,0.0,0.0,202408,EmpireIA,365380211,365380211
1755510459,XAUUSD,0,0,0.03,3350.31,0.0,0.0,0.0,202408,EmpireIA,365381207,365381207
1755510519,XAUUSD,0,0,0.03,3349.98,0.0,0.0,0.0,202408,EmpireIA,365381957,365381957
1755510548,XAUUSD,1,1,0.03,3349.26,-3.21,0.0,0.0,202408,[sl 3349.26],365379169,365382357
1755510548,XAUUSD,1,1,0.03,3349.26,-3.15,0.0,0.0,202408,[sl 3349.26],365381207,365382358
1755510548,XAUUSD,1,1,0.04,3349.16,-3.4,0.0,0.0,202408,[sl 3349.16],365374707,365382380
1755510556,XAUUSD,1,1,0.04,3349.09,-4.36,0.0,0.0,202408,[sl 3349.09],365373345,365382519
1755510556,XAUUSD,1,1,0.03,3349.05,-3.81,0.0,0.0,202408,[sl 3349.05],365376302,365382525
1755510556,XAUUSD,1,1,0.03,3349.07,-2.73,0.0,0.0,202408,[sl 3349.07],365381957,365382527
1755510556,EURUSD,1,1,100.0,1.16958,-3500.0,0.0,0.0,202408,[sl 1.16958],365379084,365382531
1755510575,EURUSD,0,0,100.0,1.1696900000000001,0.0,0.0,0.0,202408,EmpireIA,365382747,365382747
1755510575,EURUSD,1,1,100.0,1.16955,-1400.0,0.0,0.0,202408,[sl 1.16955],365382747,365382749
1755510594,XAUUSD,1,1,0.03,3348.93,-3.06,0.0,0.0,202408,[sl 3348.93],365380211,365383005
1755510602,XAUUSD,1,1,0.03,3348.9,-3.24,0.0,0.0,202408,[sl 3348.90],365378290,365383218
1755510603,XAUUSD,1,1,0.03,3348.85,-3.24,0.0,0.0,202408,[sl 3348.85],365375341,365383294
1755510635,EURUSD,0,0,100.0,1.16959,0.0,0.0,0.0,202408,EmpireIA,365383646,365383646
1755510639,XAUUSD,0,0,0.03,3349.8,0.0,0.0,0.0,202408,EmpireIA,365383677,365383677
1755510640,EURUSD,1,1,100.0,1.16947,-1200.0,0.0,0.0,202408,[sl 1.16947],365383646,365383680
1755510695,EURUSD,0,0,100.0,1.1696,0.0,0.0,0.0,202408,EmpireIA,365384344,365384344
1755510696,EURUSD,1,1,100.0,1.16948,-1200.0,0.0,0.0,202408,[sl 1.16948],365384344,365384345
1755510755,EURUSD,0,0,100.0,1.16974,0.0,0.0,0.0,202408,EmpireIA,365385170,365385170
1755510756,EURUSD,1,1,100.0,1.16962,-1200.0,0.0,0.0,202408,[sl 1.16962],365385170,365385193
1755510759,XAUUSD,0,0,0.03,3349.94,0.0,0.0,0.0,202408,EmpireIA,365385229,365385229
1755510815,EURUSD,0,0,100.0,1.1697899999999999,0.0,0.0,0.0,202408,EmpireIA,365385812,365385812
1755510818,EURUSD,1,1,100.0,1.16967,-1200.0,0.0,0.0,202408,[sl 1.16967],365385812,365385884
1755510819,XAUUSD,0,0,0.02,3349.68,0.0,0.0,0.0,202408,EmpireIA,365385887,365385887
1755510868,XAUUSD,1,1,0.03,3348.81,-3.39,0.0,0.0,202408,[sl 3348.81],365385229,365386260
1755510872,XAUUSD,1,1,0.02,3348.73,-1.9,0.0,0.0,202408,[sl 3348.73],365385887,365386285
1755510882,EURUSD,0,0,100.0,1.16974,0.0,0.0,0.0,202408,EmpireIA,365386340,365386340
1755510884,XAUUSD,1,1,0.03,3348.64,-3.48,0.0,0.0,202408,[sl 3348.64],365383677,365386374
1755510890,EURUSD,1,1,100.0,1.16955,-1900.0,0.0,0.0,202408,[sl 1.16955],365386340,365386414
1755510904,XAUUSD,1,1,0.04,3348.63,-4.68,0.0,0.0,202408,[sl 3348.63],365373932,365386634
1755510939,XAUUSD,1,1,0.03,3348.19,-4.44,0.0,0.0,202408,[sl 3348.19],365366659,365387024
1755510971,XAUUSD,1,1,0.04,3347.93,-5.12,0.0,0.0,202408,[sl 3347.93],365363088,365387646
1755511359,XAUUSD,0,0,0.02,3349.8,0.0,0.0,0.0,202408,EmpireIA,365394570,365394570
1755511418,XAUUSD,0,0,0.02,3350.47,0.0,0.0,0.0,202408,EmpireIA,365395525,365395525
1755511484,XAUUSD,0,0,0.02,3350.69,0.0,0.0,0.0,202408,EmpireIA,365396735,365396735
1755511499,XAUUSD,1,1,0.02,3349.78,-1.8199999999999998,0.0,0.0,202408,[sl 3349.78],365396735,365396915
1755511537,XAUUSD,1,1,0.02,3351.16,2.7199999999999998,0.0,0.0,202408,[tp 3351.16],365394570,365397597
1755511548,XAUUSD,0,0,0.02,3351.41,0.0,0.0,0.0,202408,EmpireIA,365398007,365398007
1755511584,XAUUSD,1,1,0.02,3351.76,2.58,0.0,0.0,202408,[tp 3351.76],365395525,365398859
1755511599,XAUUSD,0,0,0.02,3351.96,0.0,0.0,0.0,202408,EmpireIA,365399165,365399165
1755511634,XAUUSD,1,1,0.02,3352.41,2.0,0.0,0.0,202408,[tp 3352.41],365398007,365400307
1755511659,XAUUSD,0,0,0.02,3352.58,0.0,0.0,0.0,202408,EmpireIA,365400996,365400996
1755511680,XAUUSD,1,1,0.02,3351.12,-2.92,0.0,0.0,202408,[sl 3351.12],365400996,365401577
1755511718,XAUUSD,0,0,0.02,3351.91,0.0,0.0,0.0,202408,EmpireIA,365402347,365402347
1755511779,XAUUSD,0,0,0.02,3351.11,0.0,0.0,0.0,202408,EmpireIA,365403536,365403536
1755511810,XAUUSD,1,1,0.02,3350.48,-2.96,0.0,0.0,202408,[sl 3350.48],365399165,365404367
1755511810,XAUUSD,1,1,0.02,3350.36,-3.1,0.0,0.0,202408,[sl 3350.36],365402347,365404384
1755511901,XAUUSD,0,0,0.02,3350.69,0.0,0.0,0.0,202408,EmpireIA,365405982,365405982
1755511959,XAUUSD,0,0,0.01,3352.19,0.0,0.0,0.0,202408,EmpireIA,365407087,365407087
1755511970,XAUUSD,1,1,0.02,3352.34,3.3,0.0,0.0,202408,[tp 3352.34],365405982,365407174
1755511980,XAUUSD,1,1,0.02,3352.93,3.64,0.0,0.0,202408,[tp 3352.93],365403536,365407602
1755512019,XAUUSD,0,0,0.01,3353.07,0.0,0.0,0.0,202408,EmpireIA,365408765,365408765
1755512037,XAUUSD,1,1,0.01,3354.03,1.8399999999999999,0.0,0.0,202408,[tp 3354.03],365407087,365409294
1755512079,XAUUSD,0,0,0.01,3353.83,0.0,0.0,0.0,202408,EmpireIA,365410446,365410446
1755512139,XAUUSD,0,0,0.01,3353.82,0.0,0.0,0.0,202408,EmpireIA,365411538,365411538
1755512198,XAUUSD,0,0,0.01,3354.16,0.0,0.0,0.0,202408,EmpireIA,365412103,365412103
1755512259,XAUUSD,0,0,0.01,3354.79,0.0,0.0,0.0,202408,EmpireIA,365413525,365413525
1755512319,XAUUSD,0,0,0.02,3354.15,0.0,0.0,0.0,202408,EmpireIA,365414860,365414860
1755512379,XAUUSD,0,0,0.02,3354.56,0.0,0.0,0.0,202408,EmpireIA,365415577,365415577
1755512415,XAUUSD,1,1,0.01,3355.07,2.0,0.0,0.0,202408,[tp 3355.07],365408765,365416361
1755512439,XAUUSD,0,0,0.02,3354.73,0.0,0.0,0.0,202408,EmpireIA,365416774,365416774
1755512498,XAUUSD,0,0,0.02,3354.88,0.0,0.0,0.0,202408,EmpireIA,365417469,365417469
1755512559,XAUUSD,0,0,0.02,3355.48,0.0,0.0,0.0,202408,EmpireIA,365419044,365419044
1755512619,XAUUSD,0,0,0.02,3355.53,0.0,0.0,0.0,202408,EmpireIA,365419774,365419774
1755512678,XAUUSD,0,0,0.02,3355.5,0.0,0.0,0.0,202408,EmpireIA,365420468,365420468
1755512712,XAUUSD,1,1,0.02,3354.32,-2.42,0.0,0.0,202408,[sl 3354.32],365419774,365421096
1755512712,XAUUSD,1,1,0.02,3354.31,-2.38,0.0,0.0,202408,[sl 3354.31],365420468,365421099
1755512713,XAUUSD,1,1,0.02,3354.23,-2.5,0.0,0.0,202408,[sl 3354.23],365419044,365421163
1755512725,XAUUSD,1,1,0.02,3353.82,-2.12,0.0,0.0,202408,[sl 3353.82],365417469,365421483
1755512741,XAUUSD,0,0,0.02,3353.78,0.0,0.0,0.0,202408,EmpireIA,365421867,365421867
1755512748,XAUUSD,1,1,0.02,3353.37,-2.7199999999999998,0.0,0.0,202408,[sl 3353.37],365416774,365421967
1755512858,XAUUSD,0,0,0.02,3354.13,0.0,0.0,0.0,202408,EmpireIA,365423778,365423778
1755512919,XAUUSD,0,0,0.02,3353.95,0.0,0.0,0.0,202408,EmpireIA,365424348,365424348
1755512954,XAUUSD,1,1,0.01,3353.08,-1.71,0.0,0.0,202408,[sl 3353.08],365413525,365424649
1755512954,XAUUSD,1,1,0.02,3353.05,-3.02,0.0,0.0,202408,[sl 3353.05],365415577,365424651
1755512956,XAUUSD,1,1,0.02,3352.84,-2.62,0.0,0.0,202408,[sl 3352.84],365414860,365424700
1755512956,XAUUSD,1,1,0.02,3352.86,-2.54,0.0,0.0,202408,[sl 3352.86],365423778,365424702
1755512956,XAUUSD,1,1,0.02,3352.83,-2.24,0.0,0.0,202408,[sl 3352.83],365424348,365424705
1755512984,XAUUSD,1,1,0.01,3352.45,-1.71,0.0,0.0,202408,[sl 3352.45],365412103,365425416
1755512999,XAUUSD,1,1,0.02,3352.39,-2.7800000000000002,0.0,0.0,202408,[sl 3352.39],365421867,365425657
1755513000,XAUUSD,1,1,0.01,3352.21,-1.62,0.0,0.0,202408,[sl 3352.21],365410446,365425872
1755513016,XAUUSD,1,1,0.01,3352.09,-1.73,0.0,0.0,202408,[sl 3352.09],365411538,365426355
1755513278,XAUUSD,0,0,0.02,3350.57,0.0,0.0,0.0,202408,EmpireIA,365432732,365432732
1755513339,XAUUSD,0,0,0.02,3349.85,0.0,0.0,0.0,202408,EmpireIA,365434000,365434000
1755513355,XAUUSD,1,1,0.02,3349.25,-2.64,0.0,0.0,202408,[sl 3349.25],365432732,365434301
1755513399,XAUUSD,0,0,0.02,3349.81,0.0,0.0,0.0,202408,EmpireIA,365435475,365435475
1755513459,XAUUSD,0,0,0.02,3349.73,0.0,0.0,0.0,202408,EmpireIA,365436498,365436498
1755513519,XAUUSD,0,0,0.02,3350.25,0.0,0.0,0.0,202408,EmpireIA,365437197,365437197
1755513758,XAUUSD,0,0,0.02,3350.31,0.0,0.0,0.0,202408,EmpireIA,365441335,365441335
1755514263,XAUUSD,1,1,0.02,3349.08,-2.34,0.0,0.0,202408,[sl 3349.08],365437197,365448626
1755514326,XAUUSD,1,1,0.02,3348.7,-3.22,0.0,0.0,202408,[sl 3348.70],365441335,365450333
1755514326,XAUUSD,1,1,0.02,3348.68,-2.34,0.0,0.0,202408,[sl 3348.68],365434000,365450362
1755514341,XAUUSD,1,1,0.02,3348.39,-2.84,0.0,0.0,202408,[sl 3348.39],365435475,365450992
1755514341,XAUUSD,1,1,0.02,3348.32,-2.82,0.0,0.0,202408,[sl 3348.32],365436498,365450995
1755514479,XAUUSD,0,0,0.02,3348.13,0.0,0.0,0.0,202408,EmpireIA,365454839,365454839
1755514539,XAUUSD,1,0,0.02,3349.12,0.0,0.0,0.0,202408,EmpireIA,365456048,365456048
1755514556,XAUUSD,0,1,0.02,3349.53,-0.82,0.0,0.0,202408,[sl 3349.53],365456048,365456418
1755514556,XAUUSD,1,1,0.02,3349.32,2.38,0.0,0.0,202408,[tp 3349.32],365454839,365456428
1755514604,XAUUSD,1,0,0.02,3348.84,0.0,0.0,0.0,202408,EmpireIA,365457374,365457374
1755514658,XAUUSD,1,0,0.02,3349.33,0.0,0.0,0.0,202408,EmpireIA,365458148,365458148
1755514719,XAUUSD,1,0,0.02,3348.87,0.0,0.0,0.0,202408,EmpireIA,365458954,365458954
1755514779,XAUUSD,1,0,0.02,3349.23,0.0,0.0,0.0,202408,EmpireIA,365460171,365460171
1755514816,XAUUSD,0,1,0.02,3349.81,-1.94,0.0,0.0,202408,[sl 3349.81],365457374,365461235
1755514830,XAUUSD,0,1,0.02,3349.97,-2.2,0.0,0.0,202408,[sl 3349.97],365458954,365461633
1755514976,XAUUSD,1,0,0.02,3348.24,0.0,0.0,0.0,202408,EmpireIA,365464679,365464679
1755515022,XAUUSD,1,0,0.02,3348.79,0.0,0.0,0.0,202408,EmpireIA,365465435,365465435
1755515078,XAUUSD,1,0,0.02,3347.99,0.0,0.0,0.0,202408,EmpireIA,365466075,365466075
1755515087,XAUUSD,0,1,0.02,3347.66,3.34,0.0,0.0,202408,[tp 3347.66],365458148,365466303
1755515090,XAUUSD,0,1,0.02,3347.52,3.42,0.0,0.0,202408,[tp 3347.52],365460171,365466407
1755515138,XAUUSD,1,0,0.02,3348.1,0.0,0.0,0.0,202408,EmpireIA,365468127,365468127
1755515199,XAUUSD,1,0,0.02,3347.65,0.0,0.0,0.0,202408,EmpireIA,365469240,365469240
1755515258,XAUUSD,1,0,0.02,3347.55,0.0,0.0,0.0,202408,EmpireIA,365470179,365470179
1755515319,XAUUSD,1,0,0.02,3347.46,0.0,0.0,0.0,202408,EmpireIA,365470890,365470890
1755515379,XAUUSD,1,0,0.02,3347.29,0.0,0.0,0.0,202408,EmpireIA,365471704,365471704
1755515439,XAUUSD,1,0,0.02,3346.54,0.0,0.0,0.0,202408,EmpireIA,365473220,365473220
1755515504,XAUUSD,1,0,0.02,3346.66,0.0,0.0,0.0,202408,EmpireIA,365474463,365474463
1755515514,XAUUSD,0,1,0.02,3346.54,3.4,0.0,0.0,202408,[tp 3346.54],365464679,365474680
1755515515,XAUUSD,0,1,0.02,3346.45,4.68,0.0,0.0,202408,[tp 3346.45],365465435,365474777
1755515546,XAUUSD,0,1,0.02,3346.29,3.4,0.0,0.0,202408,[tp 3346.29],365466075,365475767
1755515559,XAUUSD,1,0,0.02,3345.91,0.0,0.0,0.0,202408,EmpireIA,365476397,365476397
1755515612,XAUUSD,0,1,0.02,3345.91,4.38,0.0,0.0,202408,[tp 3345.91],365468127,365477815
1755515617,XAUUSD,0,1,0.02,3345.81,2.96,0.0,0.0,202408,[tp 3345.81],365471704,365477930
1755515619,XAUUSD,1,0,0.02,3345.59,0.0,0.0,0.0,202408,EmpireIA,365478004,365478004
1755515638,XAUUSD,0,1,0.02,3345.62,4.06,0.0,0.0,202408,[tp 3345.62],365469240,365478444
1755515638,XAUUSD,0,1,0.02,3345.55,4.0,0.0,0.0,202408,[tp 3345.55],365470179,365478446
1755515638,XAUUSD,0,1,0.02,3345.52,3.88,0.0,0.0,202408,[tp 3345.52],365470890,365478449
1755515643,XAUUSD,0,1,0.02,3345.0,3.32,0.0,0.0,202408,[tp 3345.00],365474463,365479172
1755515649,XAUUSD,0,1,0.02,3344.95,3.18,0.0,0.0,202408,[tp 3344.95],365473220,365479441
1755515798,XAUUSD,1,0,0.02,3345.28,0.0,0.0,0.0,202408,EmpireIA,365482738,365482738
1755515839,XAUUSD,0,1,0.02,3346.38,-2.2,0.0,0.0,202408,[sl 3346.38],365482738,365483583
1755515902,XAUUSD,0,1,0.02,3346.77,-2.36,0.0,0.0,202408,[sl 3346.77],365478004,365484543
1755515919,XAUUSD,1,0,0.03,3346.03,0.0,0.0,0.0,202408,EmpireIA,365484751,365484751
1755516099,XAUUSD,1,0,0.03,3345.9,0.0,0.0,0.0,202408,EmpireIA,365487702,365487702
1755516219,XAUUSD,1,0,0.02,3345.11,0.0,0.0,0.0,202408,EmpireIA,365489859,365489859
1755516254,XAUUSD,0,1,0.02,3346.07,-1.92,0.0,0.0,202408,[sl 3346.07],365489859,365490283
1755516279,XAUUSD,1,0,0.02,3345.82,0.0,0.0,0.0,202408,EmpireIA,365490684,365490684
1755516338,XAUUSD,1,0,0.02,3345.24,0.0,0.0,0.0,202408,EmpireIA,365491554,365491554
1755516362,XAUUSD,0,1,0.02,3346.29,-2.1,0.0,0.0,202408,[sl 3346.29],365491554,365491878
1755516382,XAUUSD,0,1,0.03,3346.73,-2.49,0.0,0.0,202408,[sl 3346.73],365487702,365492197
1755516407,XAUUSD,1,0,0.02,3346.34,0.0,0.0,0.0,202408,EmpireIA,365492776,365492776
1755516422,XAUUSD,0,1,0.02,3346.94,-2.24,0.0,0.0,202408,[sl 3346.94],365490684,365493130
1755516422,XAUUSD,0,1,0.03,3346.98,-2.85,0.0,0.0,202408,[sl 3346.98],365484751,365493131
1755516426,XAUUSD,0,1,0.02,3347.22,-2.62,0.0,0.0,202408,[sl 3347.22],365476397,365493344
1755516427,XAUUSD,0,1,0.02,3347.24,-1.8,0.0,0.0,202408,[sl 3347.24],365492776,365493384
1755517838,XAUUSD,1,0,0.03,3347.98,0.0,0.0,0.0,202408,EmpireIA,365515456,365515456
1755517899,XAUUSD,1,0,0.03,3347.65,0.0,0.0,0.0,202408,EmpireIA,365516258,365516258
1755517958,XAUUSD,1,0,0.04,3347.97,0.0,0.0,0.0,202408,EmpireIA,365517149,365517149
1755517992,XAUUSD,0,1,0.03,3348.51,-2.58,0.0,0.0,202408,[sl 3348.51],365516258,365517653
1755518011,XAUUSD,0,1,0.04,3348.63,-2.64,0.0,0.0,202408,[sl 3348.63],365517149,365517951
1755518048,XAUUSD,0,1,0.03,3348.77,-2.37,0.0,0.0,202408,[sl 3348.77],365515456,365518471
1755518138,XAUUSD,0,0,0.03,3349.41,0.0,0.0,0.0,202408,EmpireIA,365520076,365520076
1755518201,XAUUSD,0,0,0.03,3349.68,0.0,0.0,0.0,202408,EmpireIA,365521421,365521421
1755518258,XAUUSD,1,1,0.03,3348.85,-2.49,0.0,0.0,202408,[sl 3348.85],365521421,365522480
1755518261,XAUUSD,1,1,0.03,3348.51,-2.7,0.0,0.0,202408,[sl 3348.51],365520076,365522605
1755518292,XAUUSD,0,0,0.03,3348.88,0.0,0.0,0.0,202408,EmpireIA,365523037,365523037
1755518478,XAUUSD,1,0,0.04,3348.28,0.0,0.0,0.0,202408,EmpireIA,365525466,365525466
1755518515,XAUUSD,0,1,0.04,3349.02,-2.96,0.0,0.0,202408,[sl 3349.02],365525466,365525878
1755518535,XAUUSD,0,0,0.04,3349.11,0.0,0.0,0.0,202408,EmpireIA,365526233,365526233
1755518590,XAUUSD,0,0,0.03,3349.67,0.0,0.0,0.0,202408,EmpireIA,365527311,365527311
1755518650,XAUUSD,0,0,0.03,3349.96,0.0,0.0,0.0,202408,EmpireIA,365528132,365528132
1755518705,XAUUSD,1,1,0.03,3348.92,-3.12,0.0,0.0,202408,[sl 3348.92],365528132,365528826
1755518706,XAUUSD,1,1,0.03,3348.7,-2.91,0.0,0.0,202408,[sl 3348.70],365527311,365528873
1755518709,XAUUSD,0,0,0.03,3349.01,0.0,0.0,0.0,202408,EmpireIA,365528930,365528930
1755518770,XAUUSD,0,0,0.03,3349.37,0.0,0.0,0.0,202408,EmpireIA,365529619,365529619
1755518821,XAUUSD,1,1,0.03,3349.78,2.7,0.0,0.0,202408,[tp 3349.78],365523037,365530573
1755518822,XAUUSD,1,1,0.04,3349.95,3.36,0.0,0.0,202408,[tp 3349.95],365526233,365530577
1755518822,XAUUSD,1,1,0.03,3350.02,3.03,0.0,0.0,202408,[tp 3350.02],365528930,365530664
1755518822,XAUUSD,1,1,0.03,3350.01,1.92,0.0,0.0,202408,[tp 3350.01],365529619,365530666
1755518829,XAUUSD,0,0,0.03,3350.91,0.0,0.0,0.0,202408,EmpireIA,365531471,365531471
1755518890,XAUUSD,0,0,0.03,3351.02,0.0,0.0,0.0,202408,EmpireIA,365533246,365533246
1755518949,XAUUSD,0,0,0.03,3350.61,0.0,0.0,0.0,202408,EmpireIA,365533949,365533949
1755519009,XAUUSD,0,0,0.03,3350.71,0.0,0.0,0.0,202408,EmpireIA,365534748,365534748
1755519020,XAUUSD,1,1,0.03,3350.0,-3.06,0.0,0.0,202408,[sl 3350.00],365533246,365534934
1755519070,XAUUSD,0,0,0.03,3350.2,0.0,0.0,0.0,202408,EmpireIA,365535894,365535894
1755519119,XAUUSD,0,0,0.03,3350.78,0.0,0.0,0.0,202408,EmpireIA,365536521,365536521
1755519162,XAUUSD,0,0,0.03,3350.5,0.0,0.0,0.0,202408,EmpireIA,365537300,365537300
1755519219,XAUUSD,0,0,0.03,3350.47,0.0,0.0,0.0,202408,EmpireIA,365538032,365538032
1755519275,XAUUSD,1,1,0.03,3351.08,2.64,0.0,0.0,202408,[tp 3351.08],365535894,365538419
1755519279,XAUUSD,0,0,0.03,3350.87,0.0,0.0,0.0,202408,EmpireIA,365538582,365538582
1755519337,XAUUSD,1,1,0.03,3350.16,-2.13,0.0,0.0,202408,[sl 3350.16],365538582,365539272
1755519338,XAUUSD,0,0,0.03,3350.31,0.0,0.0,0.0,202408,EmpireIA,365539329,365539329
1755519371,XAUUSD,1,1,0.03,3349.84,-2.82,0.0,0.0,202408,[sl 3349.84],365536521,365539719
1755519381,XAUUSD,1,1,0.03,3349.78,-2.49,0.0,0.0,202408,[sl 3349.78],365533949,365540121
1755519381,XAUUSD,1,1,0.03,3349.78,-2.79,0.0,0.0,202408,[sl 3349.78],365534748,365540123
1755519381,XAUUSD,1,1,0.03,3349.63,-2.52,0.0,0.0,202408,[sl 3349.63],365538032,365540138
1755519398,XAUUSD,1,1,0.03,3349.58,-2.19,0.0,0.0,202408,[sl 3349.58],365539329,365540374
1755519399,XAUUSD,1,1,0.03,3349.55,-2.85,0.0,0.0,202408,[sl 3349.55],365537300,365540381
1755519414,XAUUSD,1,1,0.03,3349.02,-5.67,0.0,0.0,202408,[sl 3349.02],365531471,365540860
1755519459,XAUUSD,1,0,0.03,3348.51,0.0,0.0,0.0,202408,EmpireIA,365541608,365541608
1755519519,XAUUSD,1,0,0.03,3348.38,0.0,0.0,0.0,202408,EmpireIA,365542325,365542325
1755519578,XAUUSD,1,0,0.03,3348.27,0.0,0.0,0.0,202408,EmpireIA,365542996,365542996
1755519595,XAUUSD,0,1,0.03,3349.2,-2.46,0.0,0.0,202408,[sl 3349.20],365542325,365543966
1755519595,XAUUSD,0,1,0.03,3349.22,-2.85,0.0,0.0,202408,[sl 3349.22],365542996,365543968
1755519599,XAUUSD,0,1,0.03,3349.54,-3.09,0.0,0.0,202408,[sl 3349.54],365541608,365544065
1755519638,XAUUSD,0,0,0.02,3349.71,0.0,0.0,0.0,202408,EmpireIA,365544746,365544746
1755519939,XAUUSD,0,0,0.03,3349.57,0.0,0.0,0.0,202408,EmpireIA,365548321,365548321
1755520119,XAUUSD,1,0,0.03,3348.9,0.0,0.0,0.0,202408,EmpireIA,365550822,365550822
1755520178,XAUUSD,1,0,0.03,3348.88,0.0,0.0,0.0,202408,EmpireIA,365551380,365551380
1755520188,XAUUSD,1,1,0.03,3348.62,-2.85,0.0,0.0,202408,[sl 3348.62],365548321,365551472
1755520200,XAUUSD,1,1,0.02,3348.55,-2.32,0.0,0.0,202408,[sl 3348.55],365544746,365551633
1755520240,XAUUSD,1,0,0.04,3348.29,0.0,0.0,0.0,202408,EmpireIA,365552975,365552975
1755520299,XAUUSD,1,0,0.04,3348.56,0.0,0.0,0.0,202408,EmpireIA,365553750,365553750
1755520330,XAUUSD,0,1,0.04,3348.99,-2.8,0.0,0.0,202408,[sl 3348.99],365552975,365554127
1755520330,XAUUSD,0,1,0.04,3349.23,-2.68,0.0,0.0,202408,[sl 3349.23],365553750,365554165
1755520358,XAUUSD,0,0,0.02,3349.19,0.0,0.0,0.0,202408,EmpireIA,365554888,365554888
1755520418,XAUUSD,1,0,0.03,3348.9,0.0,0.0,0.0,202408,EmpireIA,365555572,365555572
1755520448,XAUUSD,0,1,0.03,3349.58,-2.04,0.0,0.0,202408,[sl 3349.58],365555572,365555893
1755520448,XAUUSD,0,1,0.03,3349.62,-2.16,0.0,0.0,202408,[sl 3349.62],365550822,365555897
1755520448,XAUUSD,0,1,0.03,3349.62,-2.22,0.0,0.0,202408,[sl 3349.62],365551380,365555899
1755520539,XAUUSD,0,0,0.03,3349.82,0.0,0.0,0.0,202408,EmpireIA,365558280,365558280
1755520576,XAUUSD,1,1,0.02,3350.43,2.48,0.0,0.0,202408,[tp 3350.43],365554888,365558900
1755520599,XAUUSD,0,0,0.02,3350.61,0.0,0.0,0.0,202408,EmpireIA,365559483,365559483
1755520659,XAUUSD,0,0,0.03,3350.8,0.0,0.0,0.0,202408,EmpireIA,365560613,365560613
1755520718,XAUUSD,0,0,0.03,3350.69,0.0,0.0,0.0,202408,EmpireIA,365561572,365561572
1755520742,XAUUSD,1,1,0.03,3350.86,3.12,0.0,0.0,202408,[tp 3350.86],365558280,365562143
1755520750,XAUUSD,1,1,0.02,3351.58,1.94,0.0,0.0,202408,[tp 3351.58],365559483,365563148
1755520750,XAUUSD,1,1,0.03,3351.46,2.31,0.0,0.0,202408,[tp 3351.46],365561572,365563153
1755520779,XAUUSD,0,0,0.02,3351.43,0.0,0.0,0.0,202408,EmpireIA,365564441,365564441
1755520793,XAUUSD,1,1,0.02,3350.47,-1.92,0.0,0.0,202408,[sl 3350.47],365564441,365564838
1755520839,XAUUSD,0,0,0.02,3350.41,0.0,0.0,0.0,202408,EmpireIA,365566408,365566408
1755520894,XAUUSD,1,1,0.03,3349.8,-3.0,0.0,0.0,202408,[sl 3349.80],365560613,365567746
1755520899,XAUUSD,0,0,0.02,3349.88,0.0,0.0,0.0,202408,EmpireIA,365567844,365567844
1755520916,XAUUSD,1,1,0.02,3349.37,-2.08,0.0,0.0,202408,[sl 3349.37],365566408,365568127
1755520963,XAUUSD,1,0,0.02,3349.01,0.0,0.0,0.0,202408,EmpireIA,365569323,365569323
1755520965,XAUUSD,1,1,0.02,3348.8,-2.16,0.0,0.0,202408,[sl 3348.80],365567844,365569418
1755521019,XAUUSD,1,0,0.02,3348.97,0.0,0.0,0.0,202408,EmpireIA,365570317,365570317
1755521071,XAUUSD,0,1,0.02,3349.75,-1.56,0.0,0.0,202408,[sl 3349.75],365570317,365571272
1755521078,XAUUSD,0,0,0.02,3349.89,0.0,0.0,0.0,202408,EmpireIA,365571405,365571405
1755521140,XAUUSD,0,0,0.02,3349.63,0.0,0.0,0.0,202408,EmpireIA,365572225,365572225
1755521172,XAUUSD,0,1,0.02,3350.0,-1.98,0.0,0.0,202408,[sl 3350.00],365569323,365572478
1755521198,XAUUSD,0,0,0.02,3350.2,0.0,0.0,0.0,202408,EmpireIA,365572853,365572853
1755521259,XAUUSD,0,0,0.02,3350.28,0.0,0.0,0.0,202408,EmpireIA,365573428,365573428
1755521291,XAUUSD,1,1,0.02,3349.18,-2.2,0.0,0.0,202408,[sl 3349.18],365573428,365573865
1755521291,XAUUSD,1,1,0.02,3349.1,-2.2,0.0,0.0,202408,[sl 3349.10],365572853,365573875
1755521298,XAUUSD,1,1,0.02,3348.65,-2.48,0.0,0.0,202408,[sl 3348.65],365571405,365574021
1755521319,XAUUSD,1,0,0.03,3348.74,0.0,0.0,0.0,202408,EmpireIA,365574161,365574161
1755521376,XAUUSD,1,1,0.02,3348.59,-2.08,0.0,0.0,202408,[sl 3348.59],365572225,365574680
1755521379,XAUUSD,1,0,0.03,3348.49,0.0,0.0,0.0,202408,EmpireIA,365574757,365574757
1755521439,XAUUSD,1,0,0.03,3348.84,0.0,0.0,0.0,202408,EmpireIA,365575454,365575454
1755521448,XAUUSD,0,1,0.03,3349.46,-2.91,0.0,0.0,202408,[sl 3349.46],365574757,365575551
1755521498,XAUUSD,1,0,0.03,3348.37,0.0,0.0,0.0,202408,EmpireIA,365576007,365576007
1755521558,XAUUSD,1,0,0.03,3348.81,0.0,0.0,0.0,202408,EmpireIA,365576592,365576592
1755521620,XAUUSD,1,0,0.03,3347.97,0.0,0.0,0.0,202408,EmpireIA,365578043,365578043
1755521679,XAUUSD,1,0,0.03,3348.52,0.0,0.0,0.0,202408,EmpireIA,365578546,365578546
1755521696,XAUUSD,0,1,0.03,3348.92,-2.85,0.0,0.0,202408,[sl 3348.92],365578043,365578704
1755521717,XAUUSD,0,1,0.03,3348.98,-1.38,0.0,0.0,202408,[sl 3348.98],365578546,365579165
1755521739,XAUUSD,1,0,0.03,3348.23,0.0,0.0,0.0,202408,EmpireIA,365579540,365579540
1755521804,XAUUSD,1,0,0.03,3348.86,0.0,0.0,0.0,202408,EmpireIA,365580148,365580148
1755521805,XAUUSD,0,1,0.03,3349.23,-3.0,0.0,0.0,202408,[sl 3349.23],365579540,365580157
1755521805,XAUUSD,0,1,0.03,3349.26,-1.2,0.0,0.0,202408,[sl 3349.26],365580148,365580159
1755521805,XAUUSD,0,1,0.03,3349.34,-2.91,0.0,0.0,202408,[sl 3349.34],365576007,365580186
1755521809,XAUUSD,0,1,0.03,3349.61,-2.61,0.0,0.0,202408,[sl 3349.61],365574161,365580301
1755521810,XAUUSD,0,1,0.03,3349.71,-2.61,0.0,0.0,202408,[sl 3349.71],365575454,365580321
1755521810,XAUUSD,0,1,0.03,3349.7,-2.67,0.0,0.0,202408,[sl 3349.70],365576592,365580322
1755521863,XAUUSD,0,0,0.02,3350.16,0.0,0.0,0.0,202408,EmpireIA,365581280,365581280
1755521919,XAUUSD,0,0,0.02,3349.56,0.0,0.0,0.0,202408,EmpireIA,365582277,365582277
1755521934,XAUUSD,1,1,0.02,3349.05,-2.22,0.0,0.0,202408,[sl 3349.05],365581280,365582356
1755521978,XAUUSD,1,0,0.02,3348.9,0.0,0.0,0.0,202408,EmpireIA,365582872,365582872
1755521993,XAUUSD,1,1,0.02,3348.26,-2.6,0.0,0.0,202408,[sl 3348.26],365582277,365583020
1755522100,XAUUSD,0,0,0.02,3349.49,0.0,0.0,0.0,202408,EmpireIA,365584945,365584945
1755522158,XAUUSD,0,0,0.02,3349.42,0.0,0.0,0.0,202408,EmpireIA,365585650,365585650
1755522187,XAUUSD,0,1,0.02,3349.7,-1.6,0.0,0.0,202408,[sl 3349.70],365582872,365586213
1755522219,XAUUSD,0,0,0.02,3349.74,0.0,0.0,0.0,202408,EmpireIA,365586646,365586646
1755522279,XAUUSD,0,0,0.02,3349.89,0.0,0.0,0.0,202408,EmpireIA,365587290,365587290
1755522339,XAUUSD,0,0,0.02,3349.48,0.0,0.0,0.0,202408,EmpireIA,365587891,365587891
1755522351,XAUUSD,1,1,0.02,3348.53,-2.42,0.0,0.0,202408,[sl 3348.53],365586646,365588128
1755522357,XAUUSD,1,1,0.02,3348.38,-3.02,0.0,0.0,202408,[sl 3348.38],365587290,365588202
1755522399,XAUUSD,1,0,0.02,3348.7,0.0,0.0,0.0,202408,EmpireIA,365588643,365588643
1755522459,XAUUSD,1,0,0.02,3349.05,0.0,0.0,0.0,202408,EmpireIA,365589173,365589173
1755522519,XAUUSD,0,0,0.02,3349.53,0.0,0.0,0.0,202408,EmpireIA,365589753,365589753
1755522579,XAUUSD,0,0,0.02,3349.08,0.0,0.0,0.0,202408,EmpireIA,365590464,365590464
1755522638,XAUUSD,0,0,0.02,3349.36,0.0,0.0,0.0,202408,EmpireIA,365591099,365591099
1755522700,XAUUSD,0,0,0.02,3349.42,0.0,0.0,0.0,202408,EmpireIA,365591720,365591720
1755522710,XAUUSD,0,1,0.02,3349.83,-2.26,0.0,0.0,202408,[sl 3349.83],365588643,365591780
1755522713,XAUUSD,0,1,0.02,3350.0,-1.9,0.0,0.0,202408,[sl 3350.00],365589173,365591806
1755522763,XAUUSD,0,0,0.02,3350.31,0.0,0.0,0.0,202408,EmpireIA,365592816,365592816
1755522819,XAUUSD,0,0,0.02,3349.91,0.0,0.0,0.0,202408,EmpireIA,365593470,365593470
1755522879,XAUUSD,0,0,0.02,3349.95,0.0,0.0,0.0,202408,EmpireIA,365593946,365593946
1755522938,XAUUSD,0,0,0.02,3350.46,0.0,0.0,0.0,202408,EmpireIA,365595158,365595158
1755523000,XAUUSD,0,0,0.03,3350.74,0.0,0.0,0.0,202408,EmpireIA,365595934,365595934
1755523015,XAUUSD,1,1,0.02,3350.66,2.48,0.0,0.0,202408,[tp 3350.66],365591720,365596076
1755523017,XAUUSD,1,1,0.02,3350.74,3.32,0.0,0.0,202408,[tp 3350.74],365590464,365596171
1755523023,XAUUSD,1,1,0.02,3350.86,3.0,0.0,0.0,202408,[tp 3350.86],365591099,365596464
1755523023,XAUUSD,1,1,0.02,3350.94,1.98,0.0,0.0,202408,[tp 3350.94],365593946,365596521
1755523024,XAUUSD,1,1,0.02,3351.01,3.04,0.0,0.0,202408,[tp 3351.01],365584945,365596566
1755523024,XAUUSD,1,1,0.02,3350.95,3.06,0.0,0.0,202408,[tp 3350.95],365585650,365596569
1755523024,XAUUSD,1,1,0.02,3350.97,2.98,0.0,0.0,202408,[tp 3350.97],365587891,365596570
1755523024,XAUUSD,1,1,0.02,3350.98,2.9,0.0,0.0,202408,[tp 3350.98],365589753,365596573
1755523025,XAUUSD,1,1,0.02,3351.06,2.3,0.0,0.0,202408,[tp 3351.06],365593470,365596783
1755523026,XAUUSD,1,1,0.02,3351.15,1.6800000000000002,0.0,0.0,202408,[tp 3351.15],365592816,365596832
1755523046,XAUUSD,1,1,0.02,3351.31,1.7,0.0,0.0,202408,[tp 3351.31],365595158,365597263
1755523059,XAUUSD,0,0,0.02,3350.78,0.0,0.0,0.0,202408,EmpireIA,365597659,365597659
1755523070,XAUUSD,1,1,0.02,3349.96,-1.6400000000000001,0.0,0.0,202408,[sl 3349.96],365597659,365597968
1755523088,XAUUSD,1,1,0.03,3349.8,-2.82,0.0,0.0,202408,[sl 3349.80],365595934,365598305
1755523119,XAUUSD,0,0,0.02,3349.88,0.0,0.0,0.0,202408,EmpireIA,365598982,365598982
1755523178,XAUUSD,0,0,0.02,3349.89,0.0,0.0,0.0,202408,EmpireIA,365599480,365599480
1755523312,XAUUSD,1,1,0.02,3348.97,-1.8199999999999998,0.0,0.0,202408,[sl 3348.97],365598982,365600681
1755523325,XAUUSD,1,1,0.02,3348.89,-2.0,0.0,0.0,202408,[sl 3348.89],365599480,365600918
1755523358,XAUUSD,1,0,0.03,3349.06,0.0,0.0,0.0,202408,EmpireIA,365601332,365601332
1755523420,XAUUSD,1,0,0.03,3348.85,0.0,0.0,0.0,202408,EmpireIA,365602094,365602094
1755523478,XAUUSD,1,0,0.03,3348.78,0.0,0.0,0.0,202408,EmpireIA,365603151,365603151
1755523540,XAUUSD,1,0,0.03,3348.86,0.0,0.0,0.0,202408,EmpireIA,365603737,365603737
1755523599,XAUUSD,1,0,0.03,3348.68,0.0,0.0,0.0,202408,EmpireIA,365604215,365604215
1755523663,XAUUSD,1,0,0.03,3348.54,0.0,0.0,0.0,202408,EmpireIA,365604638,365604638
1755523685,XAUUSD,0,1,0.03,3349.33,-2.37,0.0,0.0,202408,[sl 3349.33],365604638,365605019
1755523719,XAUUSD,1,0,0.03,3348.88,0.0,0.0,0.0,202408,EmpireIA,365605271,365605271
1755523778,XAUUSD,1,0,0.04,3348.77,0.0,0.0,0.0,202408,EmpireIA,365605759,365605759
1755523836,XAUUSD,0,1,0.04,3349.48,-2.84,0.0,0.0,202408,[sl 3349.48],365605759,365606519
1755523840,XAUUSD,0,0,0.02,3349.4,0.0,0.0,0.0,202408,EmpireIA,365606618,365606618
1755523841,XAUUSD,0,1,0.03,3349.64,-2.37,0.0,0.0,202408,[sl 3349.64],365602094,365606637
1755523841,XAUUSD,0,1,0.03,3349.63,-2.25,0.0,0.0,202408,[sl 3349.63],365605271,365606639
1755523865,XAUUSD,0,1,0.03,3349.69,-2.73,0.0,0.0,202408,[sl 3349.69],365603151,365606891
1755523865,XAUUSD,0,1,0.03,3349.72,-2.58,0.0,0.0,202408,[sl 3349.72],365603737,365606892
1755523865,XAUUSD,0,1,0.03,3349.7,-3.06,0.0,0.0,202408,[sl 3349.70],365604215,365606894
1755523877,XAUUSD,0,1,0.03,3349.86,-2.4,0.0,0.0,202408,[sl 3349.86],365601332,365607030
1755523901,XAUUSD,0,0,0.03,3349.43,0.0,0.0,0.0,202408,EmpireIA,365607272,365607272
1755523959,XAUUSD,0,0,0.03,3349.77,0.0,0.0,0.0,202408,EmpireIA,365607663,365607663
1755524019,XAUUSD,0,0,0.03,3349.48,0.0,0.0,0.0,202408,EmpireIA,365608439,365608439
1755524054,XAUUSD,1,1,0.03,3348.82,-2.85,0.0,0.0,202408,[sl 3348.82],365607663,365608803
1755524079,XAUUSD,1,0,0.04,3349.05,0.0,0.0,0.0,202408,EmpireIA,365608963,365608963
1755524138,XAUUSD,1,0,0.04,3348.84,0.0,0.0,0.0,202408,EmpireIA,365609487,365609487
1755524140,XAUUSD,1,1,0.03,3348.63,-2.55,0.0,0.0,202408,[sl 3348.63],365608439,365609497
1755524153,XAUUSD,1,1,0.02,3348.53,-1.74,0.0,0.0,202408,[sl 3348.53],365606618,365609557
1755524159,XAUUSD,1,1,0.03,3348.45,-2.94,0.0,0.0,202408,[sl 3348.45],365607272,365609604
1755524198,XAUUSD,1,0,0.03,3348.91,0.0,0.0,0.0,202408,EmpireIA,365610181,365610181
1755524211,XAUUSD,0,1,0.04,3349.59,-3.0,0.0,0.0,202408,[sl 3349.59],365609487,365610253
1755524212,XAUUSD,0,1,0.03,3349.66,-2.25,0.0,0.0,202408,[sl 3349.66],365610181,365610279
1755524223,XAUUSD,0,1,0.04,3349.72,-2.68,0.0,0.0,202408,[sl 3349.72],365608963,365610419
1755524259,XAUUSD,0,0,0.02,3349.5,0.0,0.0,0.0,202408,EmpireIA,365611122,365611122
1755524319,XAUUSD,1,0,0.03,3349.1,0.0,0.0,0.0,202408,EmpireIA,365612268,365612268
1755524350,XAUUSD,0,1,0.03,3349.84,-2.22,0.0,0.0,202408,[sl 3349.84],365612268,365612643
1755524378,XAUUSD,1,0,0.03,3348.83,0.0,0.0,0.0,202408,EmpireIA,365613076,365613076
1755524439,XAUUSD,1,0,0.03,3348.78,0.0,0.0,0.0,202408,EmpireIA,365613655,365613655
1755524499,XAUUSD,1,0,0.03,3348.61,0.0,0.0,0.0,202408,EmpireIA,365614235,365614235
1755524517,XAUUSD,0,1,0.03,3349.53,-2.76,0.0,0.0,202408,[sl 3349.53],365614235,365614371
1755524561,XAUUSD,0,0,0.02,3349.35,0.0,0.0,0.0,202408,EmpireIA,365615124,365615124
1755524621,XAUUSD,0,0,0.02,3349.43,0.0,0.0,0.0,202408,EmpireIA,365615852,365615852
1755524678,XAUUSD,0,0,0.02,3349.48,0.0,0.0,0.0,202408,EmpireIA,365616352,365616352
1755524689,XAUUSD,0,1,0.03,3349.87,-3.12,0.0,0.0,202408,[sl 3349.87],365613076,365616465
1755524689,XAUUSD,0,1,0.03,3349.85,-3.21,0.0,0.0,202408,[sl 3349.85],365613655,365616467
1755524739,XAUUSD,0,0,0.02,3349.65,0.0,0.0,0.0,202408,EmpireIA,365617081,365617081
1755524798,XAUUSD,0,0,0.02,3349.37,0.0,0.0,0.0,202408,EmpireIA,365617505,365617505
1755524859,XAUUSD,1,0,0.03,3348.85,0.0,0.0,0.0,202408,EmpireIA,365617897,365617897
1755524870,XAUUSD,1,1,0.02,3348.6,-2.1,0.0,0.0,202408,[sl 3348.60],365617081,365617977
1755524883,XAUUSD,1,1,0.02,3348.49,-2.02,0.0,0.0,202408,[sl 3348.49],365611122,365618259
1755524883,XAUUSD,1,1,0.02,3348.36,-2.14,0.0,0.0,202408,[sl 3348.36],365615852,365618261
1755524883,XAUUSD,1,1,0.02,3348.52,-1.92,0.0,0.0,202408,[sl 3348.52],365616352,365618263
1755524884,XAUUSD,1,1,0.02,3348.34,-2.06,0.0,0.0,202408,[sl 3348.34],365617505,365618274
1755524889,XAUUSD,1,1,0.02,3348.24,-2.22,0.0,0.0,202408,[sl 3348.24],365615124,365618426
1755524919,XAUUSD,1,0,0.03,3348.8,0.0,0.0,0.0,202408,EmpireIA,365618698,365618698
1755524979,XAUUSD,1,0,0.03,3348.31,0.0,0.0,0.0,202408,EmpireIA,365619077,365619077
1755525039,XAUUSD,1,0,0.03,3348.11,0.0,0.0,0.0,202408,EmpireIA,365619707,365619707
1755525075,XAUUSD,0,1,0.03,3347.66,3.57,0.0,0.0,202408,[tp 3347.66],365617897,365620539
1755525087,XAUUSD,0,1,0.03,3347.54,3.7800000000000002,0.0,0.0,202408,[tp 3347.54],365618698,365620959
1755525279,XAUUSD,1,0,0.04,3347.82,0.0,0.0,0.0,202408,EmpireIA,365626081,365626081
1755525437,XAUUSD,0,1,0.03,3347.08,3.69,0.0,0.0,202408,[tp 3347.08],365619077,365627712
1755525462,XAUUSD,0,1,0.03,3347.04,3.21,0.0,0.0,202408,[tp 3347.04],365619707,365627957
1755525470,XAUUSD,0,1,0.04,3346.88,3.76,0.0,0.0,202408,[tp 3346.88],365626081,365628375
1755525700,XAUUSD,1,0,0.03,3347.24,0.0,0.0,0.0,202408,EmpireIA,365632088,365632088
1755525717,XAUUSD,0,1,0.03,3347.85,-1.83,0.0,0.0,202408,[sl 3347.85],365632088,365632194
1755526119,XAUUSD,1,0,0.04,3347.87,0.0,0.0,0.0,202408,EmpireIA,365637965,365637965
1755526232,XAUUSD,0,1,0.04,3348.56,-2.76,0.0,0.0,202408,[sl 3348.56],365637965,365638952
1755526361,XAUUSD,1,0,0.04,3348.03,0.0,0.0,0.0,202408,EmpireIA,365640484,365640484
1755526421,XAUUSD,1,0,0.04,3347.69,0.0,0.0,0.0,202408,EmpireIA,365641655,365641655
1755526506,XAUUSD,0,1,0.04,3348.47,-3.12,0.0,0.0,202408,[sl 3348.47],365641655,365642660
1755526529,XAUUSD,0,1,0.04,3348.65,-2.48,0.0,0.0,202408,[sl 3348.65],365640484,365643023
1755526719,XAUUSD,1,0,0.04,3348.04,0.0,0.0,0.0,202408,EmpireIA,365644785,365644785
1755526761,XAUUSD,0,1,0.04,3348.62,-2.32,0.0,0.0,202408,[sl 3348.62],365644785,365645376
1755526839,XAUUSD,1,0,0.05,3348.04,0.0,0.0,0.0,202408,EmpireIA,365646065,365646065
1755527025,XAUUSD,0,1,0.05,3348.58,-2.7,0.0,0.0,202408,[sl 3348.58],365646065,365647644
1755527259,XAUUSD,1,0,0.05,3347.55,0.0,0.0,0.0,202408,EmpireIA,365649116,365649116
1755527272,XAUUSD,0,1,0.05,3347.95,-2.0,0.0,0.0,202408,[sl 3347.95],365649116,365649188
1755527500,XAUUSD,1,0,0.05,3348.07,0.0,0.0,0.0,202408,EmpireIA,365651213,365651213
1755527559,XAUUSD,1,0,0.05,3347.51,0.0,0.0,0.0,202408,EmpireIA,365651934,365651934
1755527619,XAUUSD,1,0,0.05,3347.67,0.0,0.0,0.0,202408,EmpireIA,365652907,365652907
1755527625,XAUUSD,0,1,0.05,3348.07,-2.8,0.0,0.0,202408,[sl 3348.07],365651934,365653097
1755527651,XAUUSD,0,1,0.05,3348.26,-2.95,0.0,0.0,202408,[sl 3348.26],365652907,365653249
1755527678,XAUUSD,1,0,0.05,3347.77,0.0,0.0,0.0,202408,EmpireIA,365653430,365653430
1755527738,XAUUSD,1,0,0.04,3347.53,0.0,0.0,0.0,202408,EmpireIA,365654415,365654415
1755527754,XAUUSD,0,1,0.04,3348.11,-2.32,0.0,0.0,202408,[sl 3348.11],365654415,365654629
1755527818,XAUUSD,0,1,0.05,3348.55,-2.4,0.0,0.0,202408,[sl 3348.55],365651213,365655156
1755527818,XAUUSD,0,1,0.05,3348.54,-3.85,0.0,0.0,202408,[sl 3348.54],365653430,365655157
1755527979,XAUUSD,1,0,0.04,3347.95,0.0,0.0,0.0,202408,EmpireIA,365656817,365656817
1755528039,XAUUSD,1,0,0.04,3347.75,0.0,0.0,0.0,202408,EmpireIA,365657207,365657207
1755528099,XAUUSD,1,0,0.04,3347.62,0.0,0.0,0.0,202408,EmpireIA,365657763,365657763
1755528159,XAUUSD,1,0,0.04,3347.4,0.0,0.0,0.0,202408,EmpireIA,365658360,365658360
1755528223,XAUUSD,1,0,0.04,3347.34,0.0,0.0,0.0,202408,EmpireIA,365658896,365658896
1755528270,XAUUSD,0,1,0.04,3346.98,3.88,0.0,0.0,202408,[tp 3346.98],365656817,365659945
1755528279,XAUUSD,1,0,0.04,3346.7,0.0,0.0,0.0,202408,EmpireIA,365660132,365660132
1755528318,XAUUSD,0,1,0.04,3346.77,3.92,0.0,0.0,202408,[tp 3346.77],365657207,365660987
1755528339,XAUUSD,1,0,0.04,3346.79,0.0,0.0,0.0,202408,EmpireIA,365661296,365661296
1755528399,XAUUSD,1,0,0.04,3346.77,0.0,0.0,0.0,202408,EmpireIA,365661852,365661852
1755528437,XAUUSD,0,1,0.04,3346.74,3.52,0.0,0.0,202408,[tp 3346.74],365657763,365662115
1755528517,XAUUSD,0,1,0.04,3346.52,3.52,0.0,0.0,202408,[tp 3346.52],365658360,365663357
1755528579,XAUUSD,1,0,0.05,3346.92,0.0,0.0,0.0,202408,EmpireIA,365663804,365663804
1755528737,XAUUSD,0,1,0.04,3346.46,3.52,0.0,0.0,202408,[tp 3346.46],365658896,365666467
1755528747,XAUUSD,0,1,0.05,3346.23,3.45,0.0,0.0,202408,[tp 3346.23],365663804,365666707
1755528943,XAUUSD,0,1,0.04,3345.86,3.7199999999999998,0.0,0.0,202408,[tp 3345.86],365661296,365669750
1755528943,XAUUSD,0,1,0.04,3345.96,3.24,0.0,0.0,202408,[tp 3345.96],365661852,365669754
1755528945,XAUUSD,0,1,0.04,3345.77,3.7199999999999998,0.0,0.0,202408,[tp 3345.77],365660132,365669871
1755529121,XAUUSD,1,0,0.03,3345.72,0.0,0.0,0.0,202408,EmpireIA,365674811,365674811
1755529180,XAUUSD,1,0,0.03,3345.55,0.0,0.0,0.0,202408,EmpireIA,365675633,365675633
1755529253,XAUUSD,1,0,0.03,3345.61,0.0,0.0,0.0,202408,EmpireIA,365676847,365676847
1755529299,XAUUSD,1,0,0.03,3345.79,0.0,0.0,0.0,202408,EmpireIA,365677474,365677474
1755529339,XAUUSD,0,1,0.03,3346.32,-2.31,0.0,0.0,202408,[sl 3346.32],365675633,365678284
1755529342,XAUUSD,0,1,0.03,3346.38,-1.98,0.0,0.0,202408,[sl 3346.38],365674811,365678317
1755529383,XAUUSD,0,1,0.03,3346.5,-2.13,0.0,0.0,202408,[sl 3346.50],365677474,365678848
1755529386,XAUUSD,0,1,0.03,3346.59,-2.94,0.0,0.0,202408,[sl 3346.59],365676847,365678888
1755529420,XAUUSD,1,0,0.03,3345.96,0.0,0.0,0.0,202408,EmpireIA,365679647,365679647
1755529480,XAUUSD,0,1,0.03,3347.04,-3.24,0.0,0.0,202408,[sl 3347.04],365679647,365680574
1755529779,XAUUSD,1,0,0.03,3346.45,0.0,0.0,0.0,202408,EmpireIA,365685464,365685464
1755529852,XAUUSD,0,1,0.03,3347.23,-2.34,0.0,0.0,202408,[sl 3347.23],365685464,365686598
1755530022,XAUUSD,0,0,0.02,3348.05,0.0,0.0,0.0,202408,EmpireIA,365689888,365689888
1755530091,XAUUSD,1,1,0.02,3347.09,-1.92,0.0,0.0,202408,[sl 3347.09],365689888,365690714
1755530320,XAUUSD,1,0,0.03,3345.83,0.0,0.0,0.0,202408,EmpireIA,365693960,365693960
1755530380,XAUUSD,1,0,0.03,3345.55,0.0,0.0,0.0,202408,EmpireIA,365694620,365694620
1755530428,XAUUSD,0,1,0.03,3346.61,-3.18,0.0,0.0,202408,[sl 3346.61],365694620,365695263
1755530428,XAUUSD,0,1,0.03,3346.74,-2.73,0.0,0.0,202408,[sl 3346.74],365693960,365695286
1755530439,XAUUSD,1,0,0.02,3346.25,0.0,0.0,0.0,202408,EmpireIA,365695460,365695460
1755530500,XAUUSD,1,0,0.02,3346.37,0.0,0.0,0.0,202408,EmpireIA,365696224,365696224
1755530542,XAUUSD,0,1,0.02,3347.35,-2.2,0.0,0.0,202408,[sl 3347.35],365695460,365696723
1755530542,XAUUSD,0,1,0.02,3347.45,-2.16,0.0,0.0,202408,[sl 3347.45],365696224,365696727
1755530559,XAUUSD,0,0,0.02,3347.6,0.0,0.0,0.0,202408,EmpireIA,365696989,365696989
1755530620,XAUUSD,1,0,0.02,3346.64,0.0,0.0,0.0,202408,EmpireIA,365697706,365697706
1755530636,XAUUSD,1,1,0.02,3346.44,-2.32,0.0,0.0,202408,[sl 3346.44],365696989,365697861
1755530679,XAUUSD,1,0,0.02,3345.88,0.0,0.0,0.0,202408,EmpireIA,365698418,365698418
1755530739,XAUUSD,1,0,0.02,3346.57,0.0,0.0,0.0,202408,EmpireIA,365699222,365699222
1755530846,XAUUSD,0,1,0.02,3347.38,-3.0,0.0,0.0,202408,[sl 3347.38],365698418,365700197
1755530921,XAUUSD,1,0,0.02,3347.08,0.0,0.0,0.0,202408,EmpireIA,365700973,365700973
1755530982,XAUUSD,1,0,0.02,3346.41,0.0,0.0,0.0,202408,EmpireIA,365701683,365701683
1755531040,XAUUSD,1,0,0.02,3346.05,0.0,0.0,0.0,202408,EmpireIA,365702578,365702578
1755531068,XAUUSD,0,1,0.02,3347.15,-2.2,0.0,0.0,202408,[sl 3347.15],365702578,365702878
1755531083,XAUUSD,0,1,0.02,3347.68,-2.08,0.0,0.0,202408,[sl 3347.68],365697706,365703128
1755531083,XAUUSD,0,1,0.02,3347.6,-2.06,0.0,0.0,202408,[sl 3347.60],365699222,365703130
1755531083,XAUUSD,0,1,0.02,3347.63,-1.1,0.0,0.0,202408,[sl 3347.63],365700973,365703133
1755531083,XAUUSD,0,1,0.02,3347.53,-2.24,0.0,0.0,202408,[sl 3347.53],365701683,365703135
1755531099,XAUUSD,0,0,0.02,3347.64,0.0,0.0,0.0,202408,EmpireIA,365703480,365703480
1755531159,XAUUSD,0,0,0.02,3347.3,0.0,0.0,0.0,202408,EmpireIA,365704556,365704556
1755531245,XAUUSD,1,1,0.02,3346.35,-2.58,0.0,0.0,202408,[sl 3346.35],365703480,365706118
1755531312,XAUUSD,1,1,0.02,3346.0,-2.6,0.0,0.0,202408,[sl 3346.00],365704556,365707270
1755531399,XAUUSD,0,0,0.02,3347.35,0.0,0.0,0.0,202408,EmpireIA,365709363,365709363
1755531470,XAUUSD,0,0,0.02,3347.84,0.0,0.0,0.0,202408,EmpireIA,365711435,365711435
1755531520,XAUUSD,0,0,0.02,3347.6,0.0,0.0,0.0,202408,EmpireIA,365712424,365712424
1755531579,XAUUSD,0,0,0.02,3347.75,0.0,0.0,0.0,202408,EmpireIA,365713550,365713550
1755531639,XAUUSD,0,0,0.02,3347.78,0.0,0.0,0.0,202408,EmpireIA,365714575,365714575
1755531699,XAUUSD,0,0,0.02,3348.88,0.0,0.0,0.0,202408,EmpireIA,365715577,365715577
1755531759,XAUUSD,0,0,0.02,3348.63,0.0,0.0,0.0,202408,EmpireIA,365716386,365716386
1755531822,XAUUSD,0,0,0.02,3348.27,0.0,0.0,0.0,202408,EmpireIA,365717166,365717166
1755531883,XAUUSD,0,0,0.02,3348.07,0.0,0.0,0.0,202408,EmpireIA,365718726,365718726
1755531911,XAUUSD,1,1,0.02,3347.31,-3.14,0.0,0.0,202408,[sl 3347.31],365715577,365719195
1755531912,XAUUSD,1,1,0.02,3347.27,-2.7199999999999998,0.0,0.0,202408,[sl 3347.27],365716386,365719237
1755531927,XAUUSD,1,1,0.02,3346.84,-2.86,0.0,0.0,202408,[sl 3346.84],365717166,365719526
1755531927,XAUUSD,1,1,0.02,3346.84,-2.46,0.0,0.0,202408,[sl 3346.84],365718726,365719532
1755531943,XAUUSD,1,0,0.02,3346.6,0.0,0.0,0.0,202408,EmpireIA,365719935,365719935
1755531999,XAUUSD,1,0,0.02,3347.07,0.0,0.0,0.0,202408,EmpireIA,365720733,365720733
1755532059,XAUUSD,1,0,0.02,3346.72,0.0,0.0,0.0,202408,EmpireIA,365722121,365722121
1755532085,XAUUSD,1,1,0.02,3346.45,-1.8,0.0,0.0,202408,[sl 3346.45],365709363,365722499
1755532086,XAUUSD,1,1,0.02,3346.43,-2.64,0.0,0.0,202408,[sl 3346.43],365713550,365722511
1755532086,XAUUSD,1,1,0.02,3346.41,-2.74,0.0,0.0,202408,[sl 3346.41],365714575,365722517
1755532094,XAUUSD,1,1,0.02,3346.12,-3.44,0.0,0.0,202408,[sl 3346.12],365711435,365722888
1755532094,XAUUSD,1,1,0.02,3346.07,-3.06,0.0,0.0,202408,[sl 3346.07],365712424,365722894
1755532120,XAUUSD,1,0,0.02,3346.61,0.0,0.0,0.0,202408,EmpireIA,365723729,365723729
1755532179,XAUUSD,1,0,0.02,3346.5,0.0,0.0,0.0,202408,EmpireIA,365724806,365724806
1755532239,XAUUSD,1,0,0.03,3346.39,0.0,0.0,0.0,202408,EmpireIA,365725707,365725707
1755532299,XAUUSD,1,0,0.03,3346.53,0.0,0.0,0.0,202408,EmpireIA,365726221,365726221
1755532448,XAUUSD,0,1,0.02,3345.46,3.22,0.0,0.0,202408,[tp 3345.46],365720733,365728948
1755532448,XAUUSD,0,1,0.03,3345.34,3.57,0.0,0.0,202408,[tp 3345.34],365726221,365728955
1755532452,XAUUSD,0,1,0.02,3344.89,3.42,0.0,0.0,202408,[tp 3344.89],365719935,365729470
1755532452,XAUUSD,0,1,0.02,3345.18,3.08,0.0,0.0,202408,[tp 3345.18],365722121,365729471
1755532452,XAUUSD,0,1,0.02,3344.94,3.34,0.0,0.0,202408,[tp 3344.94],365723729,365729473
1755532452,XAUUSD,0,1,0.02,3345.12,2.76,0.0,0.0,202408,[tp 3345.12],365724806,365729474
1755532452,XAUUSD,0,1,0.03,3344.92,4.41,0.0,0.0,202408,[tp 3344.92],365725707,365729478
1755532721,XAUUSD,1,0,0.02,3345.16,0.0,0.0,0.0,202408,EmpireIA,365737638,365737638
1755532783,XAUUSD,1,0,0.02,3344.26,0.0,0.0,0.0,202408,EmpireIA,365739036,365739036
1755532915,XAUUSD,1,0,0.02,3343.46,0.0,0.0,0.0,202408,EmpireIA,365741549,365741549
1755532917,XAUUSD,0,1,0.02,3343.23,3.86,0.0,0.0,202408,[tp 3343.23],365737638,365741750
1755532928,XAUUSD,0,1,0.02,3342.86,2.8,0.0,0.0,202408,[tp 3342.86],365739036,365742443
1755533139,XAUUSD,1,0,0.02,3343.28,0.0,0.0,0.0,202408,EmpireIA,365748233,365748233
1755533199,XAUUSD,1,0,0.02,3344.04,0.0,0.0,0.0,202408,EmpireIA,365749794,365749794
1755533214,XAUUSD,0,1,0.02,3344.62,-2.68,0.0,0.0,202408,[sl 3344.62],365748233,365750325
1755533260,XAUUSD,1,0,0.02,3342.62,0.0,0.0,0.0,202408,EmpireIA,365751722,365751722
1755533320,XAUUSD,1,0,0.02,3343.3,0.0,0.0,0.0,202408,EmpireIA,365752619,365752619
1755533381,XAUUSD,0,1,0.02,3342.04,2.84,0.0,0.0,202408,[tp 3342.04],365741549,365754786
1755533381,XAUUSD,0,1,0.02,3341.98,4.12,0.0,0.0,202408,[tp 3341.98],365749794,365754791
1755533439,XAUUSD,1,0,0.02,3341.92,0.0,0.0,0.0,202408,EmpireIA,365757745,365757745
1755533488,XAUUSD,0,1,0.02,3343.44,-3.04,0.0,0.0,202408,[sl 3343.44],365757745,365759124
1755533500,XAUUSD,1,0,0.02,3343.49,0.0,0.0,0.0,202408,EmpireIA,365759418,365759418
1755533559,XAUUSD,1,0,0.02,3342.97,0.0,0.0,0.0,202408,EmpireIA,365760691,365760691
1755533619,XAUUSD,1,0,0.02,3342.1,0.0,0.0,0.0,202408,EmpireIA,365761712,365761712
1755533668,XAUUSD,0,1,0.02,3341.37,4.24,0.0,0.0,202408,[tp 3341.37],365759418,365763545
1755533679,XAUUSD,0,1,0.02,3341.25,4.1,0.0,0.0,202408,[tp 3341.25],365752619,365763892
1755533688,XAUUSD,1,0,0.02,3341.29,0.0,0.0,0.0,202408,EmpireIA,365764061,365764061
1755533719,XAUUSD,0,1,0.02,3340.65,4.64,0.0,0.0,202408,[tp 3340.65],365760691,365765887
1755533739,XAUUSD,1,0,0.02,3340.63,0.0,0.0,0.0,202408,EmpireIA,365766753,365766753
1755533752,XAUUSD,0,1,0.02,3342.05,-2.84,0.0,0.0,202408,[sl 3342.05],365766753,365767253
1755533782,XAUUSD,0,1,0.02,3342.62,-2.66,0.0,0.0,202408,[sl 3342.62],365764061,365768448
1755533799,XAUUSD,1,0,0.02,3341.62,0.0,0.0,0.0,202408,EmpireIA,365768865,365768865
1755533859,XAUUSD,1,0,0.02,3341.66,0.0,0.0,0.0,202408,EmpireIA,365770016,365770016
1755533920,XAUUSD,1,0,0.02,3341.88,0.0,0.0,0.0,202408,EmpireIA,365770738,365770738
1755533979,XAUUSD,1,0,0.02,3341.34,0.0,0.0,0.0,202408,EmpireIA,365771889,365771889
1755534016,XAUUSD,0,1,0.02,3342.73,-2.7800000000000002,0.0,0.0,202408,[sl 3342.73],365771889,365772562
1755534039,XAUUSD,1,0,0.02,3342.31,0.0,0.0,0.0,202408,EmpireIA,365773049,365773049
1755534099,XAUUSD,1,0,0.02,3342.19,0.0,0.0,0.0,202408,EmpireIA,365774331,365774331
1755534159,XAUUSD,1,0,0.02,3342.48,0.0,0.0,0.0,202408,EmpireIA,365775099,365775099
1755534205,XAUUSD,0,1,0.02,3343.11,-2.9,0.0,0.0,202408,[sl 3343.11],365770016,365776307
1755534222,XAUUSD,0,1,0.02,3343.31,-2.86,0.0,0.0,202408,[sl 3343.31],365770738,365776534
1755534247,XAUUSD,0,1,0.02,3343.47,-3.7,0.0,0.0,202408,[sl 3343.47],365768865,365777359
1755534248,XAUUSD,0,1,0.02,3343.51,-2.06,0.0,0.0,202408,[sl 3343.51],365775099,365777518
1755534251,XAUUSD,0,1,0.02,3343.64,-3.08,0.0,0.0,202408,[sl 3343.64],365761712,365777580
1755534251,XAUUSD,0,1,0.02,3343.67,-2.96,0.0,0.0,202408,[sl 3343.67],365774331,365777596
1755534255,XAUUSD,0,1,0.02,3343.96,-3.3,0.0,0.0,202408,[sl 3343.96],365773049,365777741
1755534302,XAUUSD,0,1,0.02,3344.22,-3.2,0.0,0.0,202408,[sl 3344.22],365751722,365778970
1755534399,XAUUSD,1,0,0.02,3342.43,0.0,0.0,0.0,202408,EmpireIA,365780997,365780997
1755534508,XAUUSD,0,1,0.02,3343.91,-2.96,0.0,0.0,202408,[sl 3343.91],365780997,365782767
1755535152,XAUUSD,1,0,0.02,3339.68,0.0,0.0,0.0,202408,EmpireIA,365798276,365798276
1755535174,XAUUSD,0,1,0.02,3338.81,1.74,0.0,0.0,202408,[tp 3338.81],365798276,365799785
1755535197,XAUUSD,1,0,0.02,3338.01,0.0,0.0,0.0,202408,EmpireIA,365801900,365801900
1755535243,XAUUSD,1,0,0.01,3338.95,0.0,0.0,0.0,202408,EmpireIA,365803828,365803828
1755535345,XAUUSD,0,1,0.02,3340.02,-4.02,0.0,0.0,202408,[sl 3340.02],365801900,365807069
1755535355,XAUUSD,0,1,0.01,3340.27,-1.32,0.0,0.0,202408,[sl 3340.27],365803828,365807914
1755535420,XAUUSD,1,0,0.01,3340.69,0.0,0.0,0.0,202408,EmpireIA,365809925,365809925
1755535483,XAUUSD,1,0,0.01,3340.4,0.0,0.0,0.0,202408,EmpireIA,365811465,365811465
1755535539,XAUUSD,1,0,0.02,3339.37,0.0,0.0,0.0,202408,EmpireIA,365813359,365813359
1755535614,XAUUSD,1,0,0.02,3339.94,0.0,0.0,0.0,202408,EmpireIA,365815679,365815679
1755535660,XAUUSD,1,0,0.01,3339.31,0.0,0.0,0.0,202408,EmpireIA,365816934,365816934
1755535719,XAUUSD,1,0,0.01,3339.75,0.0,0.0,0.0,202408,EmpireIA,365817989,365817989
1755535779,XAUUSD,1,0,0.02,3338.96,0.0,0.0,0.0,202408,EmpireIA,365819151,365819151
1755535959,XAUUSD,1,0,0.02,3338.79,0.0,0.0,0.0,202408,EmpireIA,365823342,365823342
1755536008,XAUUSD,0,1,0.01,3338.13,2.56,0.0,0.0,202408,[tp 3338.13],365809925,365824210
1755536023,XAUUSD,1,0,0.02,3337.56,0.0,0.0,0.0,202408,EmpireIA,365824847,365824847
1755536044,XAUUSD,0,1,0.01,3337.69,2.71,0.0,0.0,202408,[tp 3337.69],365811465,365825618
1755536044,XAUUSD,0,1,0.02,3337.61,3.52,0.0,0.0,202408,[tp 3337.61],365813359,365825670
1755536044,XAUUSD,0,1,0.02,3337.61,4.66,0.0,0.0,202408,[tp 3337.61],365815679,365825671
1755536053,XAUUSD,0,1,0.01,3337.37,2.38,0.0,0.0,202408,[tp 3337.37],365817989,365826105
1755536079,XAUUSD,1,0,0.02,3337.49,0.0,0.0,0.0,202408,EmpireIA,365826913,365826913
1755536139,XAUUSD,1,0,0.02,3337.18,0.0,0.0,0.0,202408,EmpireIA,365828859,365828859
1755536230,XAUUSD,0,1,0.01,3336.98,2.33,0.0,0.0,202408,[tp 3336.98],365816934,365830763
1755536230,XAUUSD,0,1,0.02,3336.87,4.18,0.0,0.0,202408,[tp 3336.87],365819151,365830918
1755536235,XAUUSD,0,1,0.02,3336.74,4.1,0.0,0.0,202408,[tp 3336.74],365823342,365831059
1755536289,XAUUSD,0,1,0.02,3335.98,3.16,0.0,0.0,202408,[tp 3335.98],365824847,365833353
1755536433,XAUUSD,0,1,0.02,3335.45,4.08,0.0,0.0,202408,[tp 3335.45],365826913,365839203
1755536452,XAUUSD,0,1,0.02,3335.19,3.98,0.0,0.0,202408,[tp 3335.19],365828859,365840311
1755536680,XAUUSD,1,0,0.02,3335.94,0.0,0.0,0.0,202408,EmpireIA,365849656,365849656
1755536713,XAUUSD,0,1,0.02,3337.56,-3.24,0.0,0.0,202408,[sl 3337.56],365849656,365851419
1755536920,XAUUSD,1,0,0.01,3337.22,0.0,0.0,0.0,202408,EmpireIA,365856768,365856768
1755536985,XAUUSD,1,0,0.01,3335.61,0.0,0.0,0.0,202408,EmpireIA,365858863,365858863
1755537040,XAUUSD,1,0,0.01,3336.08,0.0,0.0,0.0,202408,EmpireIA,365860178,365860178
1755537077,XAUUSD,0,1,0.01,3334.8,2.42,0.0,0.0,202408,[tp 3334.80],365856768,365861137
1755537100,XAUUSD,1,0,0.01,3334.63,0.0,0.0,0.0,202408,EmpireIA,365862226,365862226
1755537159,XAUUSD,1,0,0.01,3334.23,0.0,0.0,0.0,202408,EmpireIA,365863318,365863318
1755537225,XAUUSD,1,0,0.01,3335.35,0.0,0.0,0.0,202408,EmpireIA,365864812,365864812
1755537290,XAUUSD,0,1,0.01,3335.9,-1.67,0.0,0.0,202408,[sl 3335.90],365863318,365866151
1755537315,XAUUSD,1,0,0.01,3335.62,0.0,0.0,0.0,202408,EmpireIA,365867173,365867173
1755537319,XAUUSD,0,1,0.01,3336.08,-1.45,0.0,0.0,202408,[sl 3336.08],365862226,365867308
1755537340,XAUUSD,1,0,0.01,3335.87,0.0,0.0,0.0,202408,EmpireIA,365867983,365867983
1755537399,XAUUSD,1,0,0.02,3335.66,0.0,0.0,0.0,202408,EmpireIA,365868888,365868888
1755537459,XAUUSD,1,0,0.02,3336.08,0.0,0.0,0.0,202408,EmpireIA,365869900,365869900
1755537484,XAUUSD,0,1,0.01,3336.74,-1.12,0.0,0.0,202408,[sl 3336.74],365867173,365870517
1755537520,XAUUSD,1,0,0.02,3336.11,0.0,0.0,0.0,202408,EmpireIA,365871069,365871069
1755537579,XAUUSD,1,0,0.02,3335.93,0.0,0.0,0.0,202408,EmpireIA,365871969,365871969
1755537639,XAUUSD,1,0,0.02,3336.21,0.0,0.0,0.0,202408,EmpireIA,365872866,365872866
1755537699,XAUUSD,1,0,0.02,3335.95,0.0,0.0,0.0,202408,EmpireIA,365873789,365873789
1755537759,XAUUSD,1,0,0.02,3335.37,0.0,0.0,0.0,202408,EmpireIA,365875144,365875144
1755537786,XAUUSD,0,1,0.02,3336.48,-2.22,0.0,0.0,202408,[sl 3336.48],365875144,365875721
1755537813,XAUUSD,0,1,0.02,3336.94,-1.98,0.0,0.0,202408,[sl 3336.94],365873789,365876283
1755537826,XAUUSD,0,1,0.01,3337.08,-1.73,0.0,0.0,202408,[sl 3337.08],365864812,365876489
1755537826,XAUUSD,0,1,0.02,3337.19,-3.06,0.0,0.0,202408,[sl 3337.19],365868888,365876529
1755537879,XAUUSD,0,1,0.02,3337.29,-2.42,0.0,0.0,202408,[sl 3337.29],365869900,365877902
1755537879,XAUUSD,0,1,0.02,3337.31,-2.76,0.0,0.0,202408,[sl 3337.31],365871969,365877904
1755537879,XAUUSD,0,1,0.02,3337.31,-2.2,0.0,0.0,202408,[sl 3337.31],365872866,365877906
1755537879,XAUUSD,0,1,0.02,3337.42,-2.62,0.0,0.0,202408,[sl 3337.42],365871069,365877922
1755538142,XAUUSD,0,1,0.01,3337.48,-1.6099999999999999,0.0,0.0,202408,[sl 3337.48],365867983,365883015
1755538189,XAUUSD,1,0,0.02,3335.8,0.0,0.0,0.0,202408,EmpireIA,365883883,365883883
1755538234,XAUUSD,0,1,0.02,3336.96,-2.32,0.0,0.0,202408,[sl 3336.96],365883883,365885332
1755538240,XAUUSD,0,1,0.01,3337.57,-1.96,0.0,0.0,202408,[sl 3337.57],365858863,365885544
1755538252,XAUUSD,0,1,0.01,3337.68,-1.6,0.0,0.0,202408,[sl 3337.68],365860178,365885753
1755538658,XAUUSD,1,0,0.02,3336.78,0.0,0.0,0.0,202408,EmpireIA,365892866,365892866
1755538719,XAUUSD,1,0,0.02,3334.94,0.0,0.0,0.0,202408,EmpireIA,365894353,365894353
1755538755,XAUUSD,0,1,0.02,3336.06,-2.24,0.0,0.0,202408,[sl 3336.06],365894353,365895057
1755538779,XAUUSD,1,0,0.02,3336.16,0.0,0.0,0.0,202408,EmpireIA,365895510,365895510
1755538841,XAUUSD,0,1,0.02,3337.48,-2.64,0.0,0.0,202408,[sl 3337.48],365895510,365896598
1755538959,XAUUSD,1,0,0.02,3336.47,0.0,0.0,0.0,202408,EmpireIA,365897906,365897906
1755539079,XAUUSD,1,0,0.02,3336.85,0.0,0.0,0.0,202408,EmpireIA,365899586,365899586
1755539144,XAUUSD,1,0,0.02,3335.18,0.0,0.0,0.0,202408,EmpireIA,365901032,365901032
1755539199,XAUUSD,1,0,0.02,3335.73,0.0,0.0,0.0,202408,EmpireIA,365902115,365902115
1755539241,XAUUSD,0,1,0.02,3334.95,3.8,0.0,0.0,202408,[tp 3334.95],365899586,365903905
1755539246,XAUUSD,0,1,0.02,3334.81,3.94,0.0,0.0,202408,[tp 3334.81],365892866,365904033
1755539310,XAUUSD,0,1,0.02,3334.5,3.94,0.0,0.0,202408,[tp 3334.50],365897906,365905936
1755539379,XAUUSD,1,0,0.02,3335.11,0.0,0.0,0.0,202408,EmpireIA,365907396,365907396
1755539410,XAUUSD,0,1,0.02,3336.0,-1.78,0.0,0.0,202408,[sl 3336.00],365907396,365908167
1755539439,XAUUSD,1,0,0.02,3335.49,0.0,0.0,0.0,202408,EmpireIA,365908819,365908819
1755539499,XAUUSD,1,0,0.02,3334.4,0.0,0.0,0.0,202408,EmpireIA,365909996,365909996
1755539520,XAUUSD,0,1,0.02,3333.65,4.16,0.0,0.0,202408,[tp 3333.65],365902115,365910744
1755539520,XAUUSD,0,1,0.02,3333.66,3.66,0.0,0.0,202408,[tp 3333.66],365908819,365910746
1755539522,XAUUSD,0,1,0.02,3333.47,3.42,0.0,0.0,202408,[tp 3333.47],365901032,365910825
1755539559,XAUUSD,1,0,0.02,3333.33,0.0,0.0,0.0,202408,EmpireIA,365911910,365911910
1755539619,XAUUSD,1,0,0.02,3333.75,0.0,0.0,0.0,202408,EmpireIA,365913013,365913013
1755539680,XAUUSD,1,0,0.02,3333.39,0.0,0.0,0.0,202408,EmpireIA,365914015,365914015
1755539739,XAUUSD,1,0,0.02,3333.19,0.0,0.0,0.0,202408,EmpireIA,365915093,365915093
1755539799,XAUUSD,1,0,0.02,3333.41,0.0,0.0,0.0,202408,EmpireIA,365916065,365916065
1755539859,XAUUSD,0,1,0.02,3334.44,-2.22,0.0,0.0,202408,[sl 3334.44],365911910,365917366
1755539859,XAUUSD,1,0,0.02,3334.25,0.0,0.0,0.0,202408,EmpireIA,365917384,365917384
1755539864,XAUUSD,0,1,0.02,3334.55,-2.2800000000000002,0.0,0.0,202408,[sl 3334.55],365916065,365917556
1755539865,XAUUSD,0,1,0.02,3334.65,-2.52,0.0,0.0,202408,[sl 3334.65],365914015,365917574
1755539867,XAUUSD,0,1,0.02,3334.86,-3.34,0.0,0.0,202408,[sl 3334.86],365915093,365917662
1755539919,XAUUSD,1,0,0.02,3334.29,0.0,0.0,0.0,202408,EmpireIA,365918313,365918313
1755539979,XAUUSD,1,0,0.02,3334.3,0.0,0.0,0.0,202408,EmpireIA,365919090,365919090
1755540062,XAUUSD,0,1,0.02,3335.15,-2.8,0.0,0.0,202408,[sl 3335.15],365913013,365921061
1755540063,XAUUSD,0,1,0.02,3335.24,-1.88,0.0,0.0,202408,[sl 3335.24],365919090,365921089
1755540064,XAUUSD,0,1,0.02,3335.31,-2.12,0.0,0.0,202408,[sl 3335.31],365917384,365921108
1755540099,XAUUSD,1,0,0.02,3334.27,0.0,0.0,0.0,202408,EmpireIA,365921765,365921765
1755540159,XAUUSD,1,0,0.02,3334.15,0.0,0.0,0.0,202408,EmpireIA,365922669,365922669
1755540219,XAUUSD,1,0,0.02,3334.06,0.0,0.0,0.0,202408,EmpireIA,365923381,365923381
1755540280,XAUUSD,1,0,0.02,3332.89,0.0,0.0,0.0,202408,EmpireIA,365925220,365925220
1755540340,XAUUSD,1,0,0.02,3332.52,0.0,0.0,0.0,202408,EmpireIA,365927092,365927092
1755540344,XAUUSD,0,1,0.02,3332.51,3.56,0.0,0.0,202408,[tp 3332.51],365918313,365927160
1755540345,XAUUSD,0,1,0.02,3332.44,3.92,0.0,0.0,202408,[tp 3332.44],365909996,365927256
1755540345,XAUUSD,0,1,0.02,3332.44,3.66,0.0,0.0,202408,[tp 3332.44],365921765,365927257
1755540398,XAUUSD,1,0,0.02,3332.53,0.0,0.0,0.0,202408,EmpireIA,365928109,365928109
1755540459,XAUUSD,1,0,0.02,3333.28,0.0,0.0,0.0,202408,EmpireIA,365929294,365929294
1755540464,XAUUSD,0,1,0.02,3333.66,-2.26,0.0,0.0,202408,[sl 3333.66],365928109,365929374
1755540481,XAUUSD,0,1,0.02,3333.84,-1.9,0.0,0.0,202408,[sl 3333.84],365925220,365929661
1755540481,XAUUSD,0,1,0.02,3333.78,-2.52,0.0,0.0,202408,[sl 3333.78],365927092,365929663
1755540519,XAUUSD,1,0,0.02,3333.84,0.0,0.0,0.0,202408,EmpireIA,365930359,365930359
1755540578,XAUUSD,1,0,0.02,3333.65,0.0,0.0,0.0,202408,EmpireIA,365931295,365931295
1755540639,XAUUSD,1,0,0.02,3332.94,0.0,0.0,0.0,202408,EmpireIA,365932268,365932268
1755540699,XAUUSD,1,0,0.02,3333.77,0.0,0.0,0.0,202408,EmpireIA,365932805,365932805
1755540701,XAUUSD,0,1,0.02,3334.0,-2.12,0.0,0.0,202408,[sl 3334.00],365932268,365932813
1755540728,XAUUSD,0,1,0.02,3334.27,-1.98,0.0,0.0,202408,[sl 3334.27],365929294,365933131
1755540745,XAUUSD,0,1,0.02,3334.62,-1.94,0.0,0.0,202408,[sl 3334.62],365931295,365933517
1755540745,XAUUSD,0,1,0.02,3334.63,-1.72,0.0,0.0,202408,[sl 3334.63],365932805,365933521
1755540756,XAUUSD,0,1,0.02,3334.93,-2.18,0.0,0.0,202408,[sl 3334.93],365930359,365933658
1755540903,XAUUSD,0,1,0.02,3335.22,-2.32,0.0,0.0,202408,[sl 3335.22],365923381,365935829
1755540915,XAUUSD,0,1,0.02,3335.41,-2.52,0.0,0.0,202408,[sl 3335.41],365922669,365936135
1755541059,XAUUSD,1,0,0.02,3333.91,0.0,0.0,0.0,202408,EmpireIA,365937895,365937895
1755541179,XAUUSD,1,0,0.03,3333.93,0.0,0.0,0.0,202408,EmpireIA,365939348,365939348
1755541239,XAUUSD,1,0,0.02,3333.62,0.0,0.0,0.0,202408,EmpireIA,365940466,365940466
1755541265,XAUUSD,0,1,0.02,3334.56,-1.88,0.0,0.0,202408,[sl 3334.56],365940466,365940872
1755541269,XAUUSD,0,1,0.02,3335.01,-2.2,0.0,0.0,202408,[sl 3335.01],365937895,365940973
1755541269,XAUUSD,0,1,0.03,3334.97,-3.12,0.0,0.0,202408,[sl 3334.97],365939348,365940976
1755541419,XAUUSD,1,0,0.02,3333.89,0.0,0.0,0.0,202408,EmpireIA,365944399,365944399
1755541479,XAUUSD,1,0,0.02,3334.46,0.0,0.0,0.0,202408,EmpireIA,365945933,365945933
1755541659,XAUUSD,1,0,0.02,3334.14,0.0,0.0,0.0,202408,EmpireIA,365947954,365947954
1755541719,XAUUSD,1,0,0.02,3334.26,0.0,0.0,0.0,202408,EmpireIA,365948566,365948566
1755541899,XAUUSD,1,0,0.02,3333.44,0.0,0.0,0.0,202408,EmpireIA,365951865,365951865
1755541959,XAUUSD,1,0,0.02,3333.8,0.0,0.0,0.0,202408,EmpireIA,365952423,365952423
1755542015,XAUUSD,0,1,0.02,3334.64,-2.4,0.0,0.0,202408,[sl 3334.64],365951865,365953038
1755542080,XAUUSD,1,0,0.02,3333.6,0.0,0.0,0.0,202408,EmpireIA,365953975,365953975
1755542139,XAUUSD,1,0,0.02,3333.67,0.0,0.0,0.0,202408,EmpireIA,365954768,365954768
1755542161,XAUUSD,0,1,0.02,3334.76,-2.32,0.0,0.0,202408,[sl 3334.76],365953975,365955081
1755542161,XAUUSD,0,1,0.02,3334.82,-2.3,0.0,0.0,202408,[sl 3334.82],365954768,365955082
1755542180,XAUUSD,0,1,0.02,3334.96,-2.32,0.0,0.0,202408,[sl 3334.96],365952423,365955463
1755542215,XAUUSD,0,1,0.02,3335.25,-1.98,0.0,0.0,202408,[sl 3335.25],365948566,365955803
1755542216,XAUUSD,0,1,0.02,3335.3,-2.82,0.0,0.0,202408,[sl 3335.30],365944399,365955854
1755542216,XAUUSD,0,1,0.02,3335.32,-1.72,0.0,0.0,202408,[sl 3335.32],365945933,365955856
1755542216,XAUUSD,0,1,0.02,3335.32,-2.36,0.0,0.0,202408,[sl 3335.32],365947954,365955858
1755589433,BTCUSD,1,0,0.05,115127.18,0.0,0.0,0.0,202408,EmpireIA,366457968,366457968
1755589433,BTCUSD,0,1,0.05,115145.14,-0.9,0.0,0.0,202408,[sl 115145.14],366457968,366457971
1755589440,LNKUSD,1,0,28.8,24.058,0.0,0.0,0.0,202408,EmpireIA,366458039,366458039
1755589440,LNKUSD,0,1,28.8,24.145,-250.56,0.0,0.0,202408,[sl 24.145],366458039,366458041
1755589445,EURUSD,0,0,0.01,1.166,0.0,0.0,0.0,202408,EmpireIA,366458103,366458103
1755589487,BTCUSD,1,0,0.05,115209.92,0.0,0.0,0.0,202408,EmpireIA,366458722,366458722
1755589490,BTCUSD,0,1,0.05,115227.91,-0.9,0.0,0.0,202408,[sl 115227.91],366458722,366458739
1755589492,LNKUSD,1,0,28.67,24.068,0.0,0.0,0.0,202408,EmpireIA,366458767,366458767
1755589492,LNKUSD,0,1,28.67,24.154,-246.56,0.0,0.0,202408,[sl 24.154],366458767,366458768
1755589497,EURUSD,0,0,0.01,1.166,0.0,0.0,0.0,202408,EmpireIA,366458820,366458820
1755589547,BTCUSD,1,0,0.05,115164.75,0.0,0.0,0.0,202408,EmpireIA,366459401,366459401
1755589557,EURUSD,0,0,0.01,1.16602,0.0,0.0,0.0,202408,EmpireIA,366459506,366459506
1755589577,BTCUSD,0,1,0.05,115146.65,0.91,0.0,0.0,202408,[tp 115146.65],366459401,366459666
1755589607,BTCUSD,1,0,0.04,115162.38,0.0,0.0,0.0,202408,EmpireIA,366459955,366459955
1755589609,BTCUSD,0,1,0.04,115180.36,-0.71,0.0,0.0,202408,[sl 115180.36],366459955,366459963
1755589612,LNKUSD,1,0,100.0,23.986,0.0,0.0,0.0,202408,EmpireIA,366459970,366459970
1755589617,EURUSD,0,0,0.01,1.16611,0.0,0.0,0.0,202408,EmpireIA,366460044,366460044
1755589659,EURUSD,1,1,0.01,1.16578,-0.22,0.0,0.0,202408,[sl 1.16578],366458103,366460281
1755589659,EURUSD,1,1,0.01,1.1657899999999999,-0.23,0.0,0.0,202408,[sl 1.16579],366459506,366460282
1755589659,EURUSD,1,1,0.01,1.1657899999999999,-0.32,0.0,0.0,202408,[sl 1.16579],366460044,366460283
1755589661,EURUSD,1,1,0.01,1.16576,-0.24,0.0,0.0,202408,[sl 1.16576],366458820,366460295
1755589672,LNKUSD,1,0,12.37,23.961,0.0,0.0,0.0,202408,EmpireIA,366460344,366460344
1755589673,LNKUSD,0,1,12.37,24.046,-105.14,0.0,0.0,202408,[sl 24.046],366460344,366460347
1755589680,EURUSD,0,0,0.01,1.16588,0.0,0.0,0.0,202408,EmpireIA,366460355,366460355
1755589684,EURUSD,1,1,0.01,1.16576,-0.12,0.0,0.0,202408,[sl 1.16576],366460355,366460376
1755589732,LNKUSD,1,0,14.02,23.972,0.0,0.0,0.0,202408,EmpireIA,366460502,366460502
1755589732,LNKUSD,0,1,14.02,24.059,-121.98,0.0,0.0,202408,[sl 24.059],366460502,366460506
1755589737,EURUSD,0,0,0.01,1.16595,0.0,0.0,0.0,202408,EmpireIA,366460550,366460550
1755589792,LNKUSD,1,0,12.73,23.876,0.0,0.0,0.0,202408,EmpireIA,366460795,366460795
1755589792,LNKUSD,0,1,12.73,23.962,-109.48,0.0,0.0,202408,[sl 23.962],366460795,366460796
1755589798,EURUSD,0,0,0.01,1.16595,0.0,0.0,0.0,202408,EmpireIA,366460810,366460810
1755589852,LNKUSD,1,0,14.94,23.881,0.0,0.0,0.0,202408,EmpireIA,366461294,366461294
1755589857,EURUSD,0,0,0.01,1.16598,0.0,0.0,0.0,202408,EmpireIA,366461310,366461310
1755589858,EURUSD,1,1,0.01,1.16582,-0.16,0.0,0.0,202408,[sl 1.16582],366461310,366461312
1755589862,LNKUSD,0,1,14.94,23.968,-129.98,0.0,0.0,202408,[sl 23.968],366461294,366461349
1755589912,LNKUSD,1,0,13.92,23.9,0.0,0.0,0.0,202408,EmpireIA,366461746,366461746
1755589912,LNKUSD,0,1,13.92,23.986,-119.71,0.0,0.0,202408,[sl 23.986],366461746,366461748
1755589917,EURUSD,0,0,0.01,1.16608,0.0,0.0,0.0,202408,EmpireIA,366461785,366461785
1755589972,LNKUSD,1,0,10.82,23.964,0.0,0.0,0.0,202408,EmpireIA,366462259,366462259
1755589973,LNKUSD,0,1,10.82,24.05,-93.05,0.0,0.0,202408,[sl 24.050],366462259,366462261
1755589977,EURUSD,0,0,0.01,1.1661299999999999,0.0,0.0,0.0,202408,EmpireIA,366462301,366462301
1755590032,LNKUSD,1,0,3.0,23.975,0.0,0.0,0.0,202408,EmpireIA,366462759,366462759
1755590039,EURUSD,0,0,0.01,1.16615,0.0,0.0,0.0,202408,EmpireIA,366462902,366462902
1755590049,EURUSD,1,1,0.01,1.16607,0.12,0.0,0.0,202408,[tp 1.16607],366460550,366463078
1755590049,EURUSD,1,1,0.01,1.16607,0.12,0.0,0.0,202408,[tp 1.16607],366460810,366463080
1755590050,LNKUSD,0,1,3.0,24.06,-25.5,0.0,0.0,202408,[sl 24.060],366462759,366463125
1755590092,LNKUSD,1,0,11.88,23.966,0.0,0.0,0.0,202408,EmpireIA,366463867,366463867
1755590097,EURUSD,0,0,0.01,1.1662,0.0,0.0,0.0,202408,EmpireIA,366463877,366463877
1755590126,EURUSD,1,1,0.01,1.16596,-0.24,0.0,0.0,202408,[sl 1.16596],366463877,366464352
1755590157,EURUSD,0,0,0.01,1.16609,0.0,0.0,0.0,202408,EmpireIA,366464512,366464512
1755590182,EURUSD,1,1,0.01,1.1659,-0.25,0.0,0.0,202408,[sl 1.16590],366462902,366464762
1755590217,EURUSD,0,0,0.01,1.16605,0.0,0.0,0.0,202408,EmpireIA,366465125,366465125
1755590277,EURUSD,0,0,0.01,1.16611,0.0,0.0,0.0,202408,EmpireIA,366465667,366465667
1755590283,LNKUSD,0,1,11.88,24.134,-199.58,0.0,0.0,202408,[sl 24.134],366463867,366465708
1755590303,LNKUSD,0,1,100.0,24.157,-1710.0,0.0,0.0,202408,[sl 24.157],366459970,366465903
1755590328,BTCUSD,1,0,0.05,115344.3,0.0,0.0,0.0,202408,EmpireIA,366466249,366466249
1755590342,EURUSD,0,0,0.01,1.16617,0.0,0.0,0.0,202408,EmpireIA,366466332,366466332
1755590348,BTCUSD,0,1,0.05,115330.41,0.7,0.0,0.0,202408,[tp 115330.41],366466249,366466382
1755590388,BTCUSD,1,0,0.05,115290.23,0.0,0.0,0.0,202408,EmpireIA,366466552,366466552
1755590391,BTCUSD,0,1,0.05,115308.23,-0.9,0.0,0.0,202408,[sl 115308.23],366466552,366466558
1755590392,LNKUSD,1,0,28.43,24.116,0.0,0.0,0.0,202408,EmpireIA,366466566,366466566
1755590393,LNKUSD,0,1,28.43,24.202,-244.5,0.0,0.0,202408,[sl 24.202],366466566,366466568
1755590397,EURUSD,0,0,0.01,1.16614,0.0,0.0,0.0,202408,EmpireIA,366466575,366466575
1755590429,EURUSD,1,1,0.01,1.16614,0.09,0.0,0.0,202408,[tp 1.16614],366465125,366467082
1755590447,EURUSD,1,1,0.01,1.16621,0.13,0.0,0.0,202408,[tp 1.16621],366461785,366467702
1755590447,EURUSD,1,1,0.01,1.16621,0.12,0.0,0.0,202408,[tp 1.16621],366464512,366467703
1755590447,EURUSD,1,1,0.01,1.16623,0.12,0.0,0.0,202408,[tp 1.16623],366465667,366467732
1755590448,BTCUSD,1,0,0.05,115370.34,0.0,0.0,0.0,202408,EmpireIA,366467744,366467744
1755590453,BTCUSD,0,1,0.05,115388.37,-0.9,0.0,0.0,202408,[sl 115388.37],366467744,366467927
1755590459,EURUSD,0,0,0.01,1.16627,0.0,0.0,0.0,202408,EmpireIA,366468008,366468008
1755590508,BTCUSD,1,0,0.05,115428.1,0.0,0.0,0.0,202408,EmpireIA,366468757,366468757
1755590508,BTCUSD,0,1,0.05,115446.11,-0.9,0.0,0.0,202408,[sl 115446.11],366468757,366468763
1755590513,LNKUSD,1,0,26.09,24.169,0.0,0.0,0.0,202408,EmpireIA,366468859,366468859
1755590513,LNKUSD,0,1,26.09,24.254,-221.77,0.0,0.0,202408,[sl 24.254],366468859,366468864
1755590518,EURUSD,0,0,0.01,1.1663000000000001,0.0,0.0,0.0,202408,EmpireIA,366468971,366468971
1755590536,EURUSD,1,1,0.01,1.16625,0.12,0.0,0.0,202408,[tp 1.16625],366462301,366469344
1755590536,EURUSD,1,1,0.01,1.16628,0.14,0.0,0.0,202408,[tp 1.16628],366466575,366469366
1755590566,EURUSD,1,1,0.01,1.1663000000000001,0.13,0.0,0.0,202408,[tp 1.16630],366466332,366469772
1755590568,BTCUSD,1,0,0.04,115383.79,0.0,0.0,0.0,202408,EmpireIA,366469791,366469791
1755590574,EURUSD,0,0,0.01,1.16642,0.0,0.0,0.0,202408,EmpireIA,366470191,366470191
1755590590,BTCUSD,0,1,0.04,115365.79,0.72,0.0,0.0,202408,[tp 115365.79],366469791,366470515
1755590628,BTCUSD,1,0,0.04,115293.83,0.0,0.0,0.0,202408,EmpireIA,366470914,366470914
1755590637,EURUSD,0,0,0.01,1.16638,0.0,0.0,0.0,202408,EmpireIA,366470961,366470961
1755590654,BTCUSD,0,1,0.04,115278.17,0.62,0.0,0.0,202408,[tp 115278.17],366470914,366471199
1755590688,BTCUSD,1,0,0.05,115263.84,0.0,0.0,0.0,202408,EmpireIA,366471432,366471432
1755590693,EURUSD,0,0,0.01,1.16639,0.0,0.0,0.0,202408,EmpireIA,366471449,366471449
1755590694,BTCUSD,0,1,0.05,115312.43,-2.43,0.0,0.0,202408,[sl 115312.43],366471432,366471459
1755590718,EURUSD,1,1,0.01,1.1663999999999999,0.13,0.0,0.0,202408,[tp 1.16640],366468008,366471723
1755590748,BTCUSD,1,0,0.04,115458.82,0.0,0.0,0.0,202408,EmpireIA,366472024,366472024
1755590753,EURUSD,0,0,0.01,1.16651,0.0,0.0,0.0,202408,EmpireIA,366472073,366472073
1755590778,BTCUSD,0,1,0.04,115418.76,1.6,0.0,0.0,202408,[tp 115418.76],366472024,366472428
1755590808,BTCUSD,1,0,0.04,115385.7,0.0,0.0,0.0,202408,EmpireIA,366472620,366472620
1755590809,BTCUSD,0,1,0.04,115403.75,-0.72,0.0,0.0,202408,[sl 115403.75],366472620,366472633
1755590813,EURUSD,0,0,0.01,1.16651,0.0,0.0,0.0,202408,EmpireIA,366472658,366472658
1755590829,EURUSD,1,1,0.01,1.16646,0.16,0.0,0.0,202408,[tp 1.16646],366468971,366472766
1755590868,BTCUSD,1,0,0.03,115318.11,0.0,0.0,0.0,202408,EmpireIA,366473075,366473075
1755590870,BTCUSD,0,1,0.03,115336.13,-0.54,0.0,0.0,202408,[sl 115336.13],366473075,366473093
1755590875,EURUSD,0,0,0.01,1.1665,0.0,0.0,0.0,202408,EmpireIA,366473124,366473124
1755590928,BTCUSD,1,0,0.03,115307.17,0.0,0.0,0.0,202408,EmpireIA,366473515,366473515
1755590933,EURUSD,0,0,0.01,1.16647,0.0,0.0,0.0,202408,EmpireIA,366473560,366473560
1755590934,BTCUSD,0,1,0.03,115325.17,-0.54,0.0,0.0,202408,[sl 115325.17],366473515,366473565
1755590988,BTCUSD,1,0,0.03,115296.53,0.0,0.0,0.0,202408,EmpireIA,366473797,366473797
1755590989,BTCUSD,0,1,0.03,115314.52,-0.54,0.0,0.0,202408,[sl 115314.52],366473797,366473802
1755590994,EURUSD,0,0,0.01,1.16649,0.0,0.0,0.0,202408,EmpireIA,366473816,366473816
1755591048,BTCUSD,1,0,0.04,115267.98,0.0,0.0,0.0,202408,EmpireIA,366474293,366474293
1755591054,EURUSD,0,0,0.01,1.16647,0.0,0.0,0.0,202408,EmpireIA,366474323,366474323
1755591113,EURUSD,0,0,0.01,1.16652,0.0,0.0,0.0,202408,EmpireIA,366474620,366474620
1755591172,EURUSD,0,0,0.01,1.1665,0.0,0.0,0.0,202408,EmpireIA,366475121,366475121
1755591200,BTCUSD,0,1,0.04,115145.99,4.88,0.0,0.0,202408,[tp 115145.99],366474293,366475335
1755591228,BTCUSD,1,0,0.04,115131.45,0.0,0.0,0.0,202408,EmpireIA,366475487,366475487
1755591244,EURUSD,0,0,0.01,1.16645,0.0,0.0,0.0,202408,EmpireIA,366475800,366475800
1755591253,BTCUSD,0,1,0.04,115223.83,-3.69,0.0,0.0,202408,[sl 115223.83],366475487,366475867
1755591284,EURUSD,1,1,0.01,1.16627,-0.24,0.0,0.0,202408,[sl 1.16627],366472073,366476128
1755591284,EURUSD,1,1,0.01,1.16629,-0.21,0.0,0.0,202408,[sl 1.16629],366475121,366476129
1755591286,EURUSD,1,1,0.01,1.16625,-0.26,0.0,0.0,202408,[sl 1.16625],366472658,366476159
1755591286,EURUSD,1,1,0.01,1.16624,-0.28,0.0,0.0,202408,[sl 1.16624],366474620,366476160
1755591288,BTCUSD,1,0,0.04,115188.35,0.0,0.0,0.0,202408,EmpireIA,366476175,366476175
1755591293,EURUSD,0,0,0.01,1.1663999999999999,0.0,0.0,0.0,202408,EmpireIA,366476213,366476213
1755591311,EURUSD,1,1,0.01,1.16622,-0.28,0.0,0.0,202408,[sl 1.16622],366473124,366476481
1755591311,EURUSD,1,1,0.01,1.16622,-0.25,0.0,0.0,202408,[sl 1.16622],366474323,366476482
1755591311,EURUSD,1,1,0.01,1.16621,-0.26,0.0,0.0,202408,[sl 1.16621],366473560,366476487
1755591311,EURUSD,1,1,0.01,1.16618,-0.31,0.0,0.0,202408,[sl 1.16618],366473816,366476488
1755591311,EURUSD,1,1,0.01,1.16621,-0.24,0.0,0.0,202408,[sl 1.16621],366475800,366476489
1755591330,BTCUSD,0,1,0.04,115281.59,-3.73,0.0,0.0,202408,[sl 115281.59],366476175,366476648
1755591348,BTCUSD,1,0,0.03,115233.3,0.0,0.0,0.0,202408,EmpireIA,366476982,366476982
1755591348,BTCUSD,0,1,0.03,115251.34,-0.54,0.0,0.0,202408,[sl 115251.34],366476982,366476987
1755591353,EURUSD,0,0,0.01,1.16638,0.0,0.0,0.0,202408,EmpireIA,366477093,366477093
1755591408,BTCUSD,1,0,0.04,115221.11,0.0,0.0,0.0,202408,EmpireIA,366477570,366477570
1755591420,EURUSD,0,0,0.01,1.16649,0.0,0.0,0.0,202408,EmpireIA,366477749,366477749
1755591442,BTCUSD,0,1,0.04,115297.93,-3.08,0.0,0.0,202408,[sl 115297.93],366477570,366477878
1755591475,BTCUSD,1,0,0.04,115288.09,0.0,0.0,0.0,202408,EmpireIA,366477987,366477987
1755591481,EURUSD,0,0,0.01,1.16654,0.0,0.0,0.0,202408,EmpireIA,366478023,366478023
1755591533,EURUSD,1,1,0.01,1.16632,-0.22,0.0,0.0,202408,[sl 1.16632],366478023,366478264
1755591533,EURUSD,0,0,0.01,1.16644,0.0,0.0,0.0,202408,EmpireIA,366478265,366478265
1755591561,EURUSD,1,1,0.01,1.16625,-0.19,0.0,0.0,202408,[sl 1.16625],366478265,366478478
1755591583,EURUSD,1,1,0.01,1.16621,-0.28,0.0,0.0,202408,[sl 1.16621],366477749,366479042
1755591593,EURUSD,0,0,0.01,1.16635,0.0,0.0,0.0,202408,EmpireIA,366479085,366479085
1755591602,EURUSD,1,1,0.01,1.16621,-0.14,0.0,0.0,202408,[sl 1.16621],366479085,366479206
1755591631,BTCUSD,0,1,0.04,115330.03,-1.6800000000000002,0.0,0.0,202408,[sl 115330.03],366477987,366479411
1755591648,BTCUSD,1,0,0.04,115309.91,0.0,0.0,0.0,202408,EmpireIA,366479515,366479515
1755591653,EURUSD,0,0,0.01,1.16635,0.0,0.0,0.0,202408,EmpireIA,366479564,366479564
1755591660,EURUSD,1,1,0.01,1.16623,-0.12,0.0,0.0,202408,[sl 1.16623],366479564,366479618
1755591713,EURUSD,0,0,0.01,1.16632,0.0,0.0,0.0,202408,EmpireIA,366479869,366479869
1755591725,EURUSD,1,1,0.01,1.1662,-0.12,0.0,0.0,202408,[sl 1.16620],366479869,366479960
1755591733,EURUSD,1,1,0.01,1.16616,-0.26,0.0,0.0,202408,[sl 1.16616],366470191,366479994
1755591733,EURUSD,1,1,0.01,1.1661299999999999,-0.25,0.0,0.0,202408,[sl 1.16613],366470961,366479999
1755591733,EURUSD,1,1,0.01,1.16614,-0.26,0.0,0.0,202408,[sl 1.16614],366476213,366480000
1755591733,EURUSD,1,1,0.01,1.16614,-0.24,0.0,0.0,202408,[sl 1.16614],366477093,366480002
1755591734,EURUSD,1,1,0.01,1.16611,-0.28,0.0,0.0,202408,[sl 1.16611],366471449,366480018
1755591737,BTCUSD,0,1,0.04,115270.4,1.58,0.0,0.0,202408,[tp 115270.40],366479515,366480062
1755591768,BTCUSD,1,0,0.06,115194.7,0.0,0.0,0.0,202408,EmpireIA,366480323,366480323
1755591773,EURUSD,0,0,0.01,1.16626,0.0,0.0,0.0,202408,EmpireIA,366480346,366480346
1755591773,EURUSD,1,1,0.01,1.16614,-0.12,0.0,0.0,202408,[sl 1.16614],366480346,366480348
1755591833,EURUSD,0,0,0.01,1.16634,0.0,0.0,0.0,202408,EmpireIA,366480856,366480856
1755591836,EURUSD,1,1,0.01,1.16622,-0.12,0.0,0.0,202408,[sl 1.16622],366480856,366480869
1755591892,EURUSD,0,0,0.01,1.16637,0.0,0.0,0.0,202408,EmpireIA,366481632,366481632
1755591915,BTCUSD,0,1,0.06,115263.11,-4.11,0.0,0.0,202408,[sl 115263.11],366480323,366482180
1755591955,EURUSD,0,0,0.01,1.16642,0.0,0.0,0.0,202408,EmpireIA,366483672,366483672
1755592008,BTCUSD,1,0,0.04,115258.13,0.0,0.0,0.0,202408,EmpireIA,366484780,366484780
1755592012,BTCUSD,0,1,0.04,115292.48,-1.37,0.0,0.0,202408,[sl 115292.48],366484780,366484827
1755592013,EURUSD,0,0,0.01,1.16641,0.0,0.0,0.0,202408,EmpireIA,366484848,366484848
1755592068,BTCUSD,1,0,0.04,115366.15,0.0,0.0,0.0,202408,EmpireIA,366485745,366485745
1755592074,EURUSD,0,0,0.01,1.16652,0.0,0.0,0.0,202408,EmpireIA,366485778,366485778
1755592077,BTCUSD,0,1,0.04,115384.18,-0.72,0.0,0.0,202408,[sl 115384.18],366485745,366485795
1755592128,BTCUSD,1,0,0.04,115384.37,0.0,0.0,0.0,202408,EmpireIA,366486622,366486622
1755592130,BTCUSD,0,1,0.04,115402.48,-0.73,0.0,0.0,202408,[sl 115402.48],366486622,366486649
1755592133,EURUSD,0,0,0.01,1.16654,0.0,0.0,0.0,202408,EmpireIA,366486697,366486697
1755592145,EURUSD,1,1,0.01,1.16649,0.12,0.0,0.0,202408,[tp 1.16649],366481632,366486887
1755592200,BTCUSD,1,0,0.04,115376.51,0.0,0.0,0.0,202408,EmpireIA,366487971,366487971
1755592212,EURUSD,0,0,0.01,1.16665,0.0,0.0,0.0,202408,EmpireIA,366488351,366488351
1755592233,EURUSD,1,1,0.01,1.16653,0.12,0.0,0.0,202408,[tp 1.16653],366484848,366488574
1755592241,BTCUSD,0,1,0.04,115409.66,-1.33,0.0,0.0,202408,[sl 115409.66],366487971,366488645
1755592249,BTCUSD,1,0,0.04,115403.12,0.0,0.0,0.0,202408,EmpireIA,366488737,366488737
1755592252,BTCUSD,0,1,0.04,115421.19,-0.73,0.0,0.0,202408,[sl 115421.19],366488737,366488780
1755592256,EURUSD,0,0,0.01,1.16662,0.0,0.0,0.0,202408,EmpireIA,366488819,366488819
1755592279,EURUSD,1,1,0.01,1.16639,-0.23,0.0,0.0,202408,[sl 1.16639],366488819,366489173
1755592309,BTCUSD,1,0,0.04,115386.79,0.0,0.0,0.0,202408,EmpireIA,366489426,366489426
1755592309,EURUSD,1,1,0.01,1.16637,-0.28,0.0,0.0,202408,[sl 1.16637],366488351,366489428
1755592313,BTCUSD,0,1,0.04,115404.85,-0.72,0.0,0.0,202408,[sl 115404.85],366489426,366489436
1755592321,EURUSD,0,0,0.01,1.16649,0.0,0.0,0.0,202408,EmpireIA,366489518,366489518
1755592368,BTCUSD,1,0,0.05,115258.78,0.0,0.0,0.0,202408,EmpireIA,366490435,366490435
1755592376,EURUSD,0,0,0.01,1.16655,0.0,0.0,0.0,202408,EmpireIA,366490706,366490706
1755592433,EURUSD,0,0,0.01,1.16654,0.0,0.0,0.0,202408,EmpireIA,366491376,366491376
1755592440,EURUSD,1,1,0.01,1.1663000000000001,-0.24,0.0,0.0,202408,[sl 1.16630],366486697,366491478
1755592440,EURUSD,1,1,0.01,1.16631,-0.23,0.0,0.0,202408,[sl 1.16631],366491376,366491479
1755592442,EURUSD,1,1,0.01,1.16629,-0.26,0.0,0.0,202408,[sl 1.16629],366490706,366491523
1755592443,EURUSD,1,1,0.01,1.16628,-0.24,0.0,0.0,202408,[sl 1.16628],366485778,366491594
1755592493,EURUSD,0,0,0.01,1.16646,0.0,0.0,0.0,202408,EmpireIA,366492307,366492307
1755592507,EURUSD,1,1,0.01,1.16624,-0.25,0.0,0.0,202408,[sl 1.16624],366489518,366492691
1755592513,EURUSD,1,1,0.01,1.16622,-0.24,0.0,0.0,202408,[sl 1.16622],366492307,366492800
1755592553,EURUSD,0,0,0.01,1.16632,0.0,0.0,0.0,202408,EmpireIA,366493447,366493447
1755592554,EURUSD,1,1,0.01,1.1662,-0.12,0.0,0.0,202408,[sl 1.16620],366493447,366493471
1755592554,BTCUSD,0,1,0.05,115148.7,5.5,0.0,0.0,202408,[tp 115148.70],366490435,366493491
1755592557,EURUSD,1,1,0.01,1.16616,-0.26,0.0,0.0,202408,[sl 1.16616],366483672,366493522
1755592608,BTCUSD,1,0,0.05,115148.97,0.0,0.0,0.0,202408,EmpireIA,366494061,366494061
1755592615,EURUSD,0,0,0.01,1.16642,0.0,0.0,0.0,202408,EmpireIA,366494099,366494099
1755592617,EURUSD,1,1,0.01,1.1663000000000001,-0.12,0.0,0.0,202408,[sl 1.16630],366494099,366494111
1755592673,EURUSD,0,0,0.01,1.16639,0.0,0.0,0.0,202408,EmpireIA,366494860,366494860
1755592680,EURUSD,1,1,0.01,1.16627,-0.12,0.0,0.0,202408,[sl 1.16627],366494860,366494901
1755592721,BTCUSD,0,1,0.05,115226.65,-3.88,0.0,0.0,202408,[sl 115226.65],366494061,366495223
1755592733,EURUSD,0,0,0.01,1.16639,0.0,0.0,0.0,202408,EmpireIA,366495273,366495273
1755592787,BTCUSD,1,0,0.05,115221.41,0.0,0.0,0.0,202408,EmpireIA,366495563,366495563
1755592793,EURUSD,0,0,0.01,1.16642,0.0,0.0,0.0,202408,EmpireIA,366495593,366495593
1755592796,EURUSD,1,1,0.01,1.1663000000000001,-0.12,0.0,0.0,202408,[sl 1.16630],366495593,366495611
1755592847,BTCUSD,0,1,0.05,115294.87,-3.67,0.0,0.0,202408,[sl 115294.87],366495563,366496245
1755592853,EURUSD,0,0,0.01,1.16641,0.0,0.0,0.0,202408,EmpireIA,366496290,366496290
1755592856,EURUSD,1,1,0.01,1.16629,-0.12,0.0,0.0,202408,[sl 1.16629],366496290,366496310
1755592908,BTCUSD,1,0,0.04,115295.15,0.0,0.0,0.0,202408,EmpireIA,366496902,366496902
1755592911,BTCUSD,0,1,0.04,115313.25,-0.72,0.0,0.0,202408,[sl 115313.25],366496902,366496963
1755592913,EURUSD,0,0,0.01,1.16643,0.0,0.0,0.0,202408,EmpireIA,366496991,366496991
1755592968,BTCUSD,1,0,0.04,115313.43,0.0,0.0,0.0,202408,EmpireIA,366497369,366497369
1755592969,BTCUSD,0,1,0.04,115331.45,-0.72,0.0,0.0,202408,[sl 115331.45],366497369,366497374
1755592973,EURUSD,0,0,0.01,1.1665,0.0,0.0,0.0,202408,EmpireIA,366497377,366497377
1755593028,BTCUSD,1,0,0.04,115274.63,0.0,0.0,0.0,202408,EmpireIA,366497607,366497607
1755593028,BTCUSD,0,1,0.04,115292.73,-0.72,0.0,0.0,202408,[sl 115292.73],366497607,366497609
1755593033,EURUSD,0,0,0.01,1.16636,0.0,0.0,0.0,202408,EmpireIA,366497642,366497642
1755593035,EURUSD,1,1,0.01,1.16623,-0.16,0.0,0.0,202408,[sl 1.16623],366495273,366497650
1755593035,EURUSD,1,1,0.01,1.16624,-0.12,0.0,0.0,202408,[sl 1.16624],366497642,366497651
1755593041,EURUSD,1,1,0.01,1.16621,-0.29,0.0,0.0,202408,[sl 1.16621],366497377,366497692
1755593088,BTCUSD,1,0,0.05,115141.06,0.0,0.0,0.0,202408,EmpireIA,366498001,366498001
1755593100,EURUSD,0,0,0.01,1.16643,0.0,0.0,0.0,202408,EmpireIA,366498284,366498284
1755593153,EURUSD,0,0,0.01,1.16652,0.0,0.0,0.0,202408,EmpireIA,366498854,366498854
1755593165,BTCUSD,0,1,0.05,115043.63,4.87,0.0,0.0,202408,[tp 115043.63],366498001,366498996
1755593182,EURUSD,1,1,0.01,1.16625,-0.27,0.0,0.0,202408,[sl 1.16625],366498854,366499253
1755593191,EURUSD,1,1,0.01,1.16619,-0.24,0.0,0.0,202408,[sl 1.16619],366496991,366499350
1755593191,EURUSD,1,1,0.01,1.16618,-0.25,0.0,0.0,202408,[sl 1.16618],366498284,366499351
1755593208,BTCUSD,1,0,0.05,115005.78,0.0,0.0,0.0,202408,EmpireIA,366499482,366499482
1755593220,EURUSD,0,0,0.01,1.16635,0.0,0.0,0.0,202408,EmpireIA,366499620,366499620
1755593220,EURUSD,1,1,0.01,1.16623,-0.12,0.0,0.0,202408,[sl 1.16623],366499620,366499621
1755593273,EURUSD,0,0,0.01,1.16609,0.0,0.0,0.0,202408,EmpireIA,366500283,366500283
1755593273,EURUSD,1,1,0.01,1.16597,-0.12,0.0,0.0,202408,[sl 1.16597],366500283,366500291
1755593333,EURUSD,0,0,0.01,1.16605,0.0,0.0,0.0,202408,EmpireIA,366500897,366500897
1755593333,EURUSD,1,1,0.01,1.16593,-0.12,0.0,0.0,202408,[sl 1.16593],366500897,366500898
1755593357,BTCUSD,0,1,0.05,115071.52,-3.29,0.0,0.0,202408,[sl 115071.52],366499482,366501412
1755593388,BTCUSD,1,0,0.05,115056.52,0.0,0.0,0.0,202408,EmpireIA,366501852,366501852
1755593393,EURUSD,0,0,0.01,1.16584,0.0,0.0,0.0,202408,EmpireIA,366501895,366501895
1755593453,EURUSD,1,0,0.01,1.1656900000000001,0.0,0.0,0.0,202408,EmpireIA,366502393,366502393
1755593454,EURUSD,0,1,0.01,1.16582,-0.13,0.0,0.0,202408,[sl 1.16582],366502393,366502402
1755593467,EURUSD,1,1,0.01,1.16563,-0.21,0.0,0.0,202408,[sl 1.16563],366501895,366502617
1755593512,EURUSD,1,0,0.01,1.16563,0.0,0.0,0.0,202408,EmpireIA,366503326,366503326
1755593518,EURUSD,0,1,0.01,1.16576,-0.13,0.0,0.0,202408,[sl 1.16576],366503326,366503410
1755593575,EURUSD,1,0,0.01,1.16559,0.0,0.0,0.0,202408,EmpireIA,366504134,366504134
1755593633,EURUSD,1,0,0.01,1.16551,0.0,0.0,0.0,202408,EmpireIA,366504898,366504898
1755593633,EURUSD,0,1,0.01,1.16564,-0.13,0.0,0.0,202408,[sl 1.16564],366504898,366504901
1755593650,BTCUSD,0,1,0.05,114967.78,4.44,0.0,0.0,202408,[tp 114967.78],366501852,366505197
1755593666,EURUSD,0,1,0.01,1.16584,-0.25,0.0,0.0,202408,[sl 1.16584],366504134,366505487
1755593688,BTCUSD,1,0,0.04,114995.63,0.0,0.0,0.0,202408,EmpireIA,366505609,366505609
1755593693,EURUSD,1,0,0.01,1.16572,0.0,0.0,0.0,202408,EmpireIA,366505633,366505633
1755593694,EURUSD,0,1,0.01,1.16588,-0.16,0.0,0.0,202408,[sl 1.16588],366505633,366505638
1755593753,EURUSD,0,0,0.01,1.16585,0.0,0.0,0.0,202408,EmpireIA,366506192,366506192
1755593781,BTCUSD,0,1,0.04,114956.87,1.56,0.0,0.0,202408,[tp 114956.87],366505609,366506571
1755593781,EURUSD,1,1,0.01,1.16558,-0.27,0.0,0.0,202408,[sl 1.16558],366506192,366506584
1755593808,BTCUSD,1,0,0.04,114946.36,0.0,0.0,0.0,202408,EmpireIA,366506824,366506824
1755593809,BTCUSD,0,1,0.04,114964.45,-0.73,0.0,0.0,202408,[sl 114964.45],366506824,366506839
1755593814,EURUSD,1,0,0.01,1.1655,0.0,0.0,0.0,202408,EmpireIA,366506847,366506847
1755593815,EURUSD,0,1,0.01,1.16562,-0.12,0.0,0.0,202408,[sl 1.16562],366506847,366506862
1755593868,BTCUSD,1,0,0.04,114957.71,0.0,0.0,0.0,202408,EmpireIA,366507245,366507245
1755593869,BTCUSD,0,1,0.04,114975.77,-0.72,0.0,0.0,202408,[sl 114975.77],366507245,366507247
1755593873,EURUSD,1,0,0.01,1.1655,0.0,0.0,0.0,202408,EmpireIA,366507264,366507264
1755593874,EURUSD,0,1,0.01,1.16562,-0.12,0.0,0.0,202408,[sl 1.16562],366507264,366507267
1755593928,BTCUSD,1,0,0.07,114952.24,0.0,0.0,0.0,202408,EmpireIA,366507613,366507613
1755593933,EURUSD,1,0,0.01,1.1654,0.0,0.0,0.0,202408,EmpireIA,366507705,366507705
1755593994,EURUSD,1,0,0.01,1.16547,0.0,0.0,0.0,202408,EmpireIA,366508327,366508327
1755593997,EURUSD,0,1,0.01,1.16559,-0.12,0.0,0.0,202408,[sl 1.16559],366508327,366508374
1755594000,EURUSD,0,1,0.01,1.16571,-0.31,0.0,0.0,202408,[sl 1.16571],366507705,366508619
1755594113,EURUSD,1,0,0.01,1.1651,0.0,0.0,0.0,202408,EmpireIA,366510344,366510344
1755594114,EURUSD,0,1,0.01,1.16522,-0.12,0.0,0.0,202408,[sl 1.16522],366510344,366510356
1755594121,BTCUSD,0,1,0.07,115009.99,-4.04,0.0,0.0,202408,[sl 115009.99],366507613,366510812
1755594168,BTCUSD,1,0,0.08,114957.31,0.0,0.0,0.0,202408,EmpireIA,366512411,366512411
1755594173,EURUSD,1,0,0.01,1.16534,0.0,0.0,0.0,202408,EmpireIA,366512519,366512519
1755594218,EURUSD,0,1,0.01,1.16563,-0.29,0.0,0.0,202408,[sl 1.16563],366512519,366513668
1755594230,BTCUSD,0,1,0.08,115008.3,-4.08,0.0,0.0,202408,[sl 115008.30],366512411,366513909
1755594233,EURUSD,1,0,0.01,1.16562,0.0,0.0,0.0,202408,EmpireIA,366513962,366513962
1755594235,EURUSD,0,1,0.01,1.16574,-0.12,0.0,0.0,202408,[sl 1.16574],366513962,366513971
1755594288,BTCUSD,1,0,0.08,114993.3,0.0,0.0,0.0,202408,EmpireIA,366514482,366514482
1755594293,EURUSD,1,0,0.01,1.16546,0.0,0.0,0.0,202408,EmpireIA,366514556,366514556
1755594305,EURUSD,0,1,0.01,1.16574,-0.28,0.0,0.0,202408,[sl 1.16574],366514556,366514795
1755594353,EURUSD,1,0,0.01,1.1655,0.0,0.0,0.0,202408,EmpireIA,366515416,366515416
1755594413,EURUSD,1,0,0.01,1.16543,0.0,0.0,0.0,202408,EmpireIA,366515732,366515732
1755594427,BTCUSD,0,1,0.08,115042.92,-3.9699999999999998,0.0,0.0,202408,[sl 115042.92],366514482,366515902
1755594468,BTCUSD,1,0,0.06,115034.81,0.0,0.0,0.0,202408,EmpireIA,366516210,366516210
1755594473,EURUSD,1,0,0.01,1.16539,0.0,0.0,0.0,202408,EmpireIA,366516280,366516280
1755594518,BTCUSD,0,1,0.06,115052.89,-1.08,0.0,0.0,202408,[sl 115052.89],366516210,366516752
1755594528,BTCUSD,1,0,0.06,115042.96,0.0,0.0,0.0,202408,EmpireIA,366516861,366516861
1755594532,EURUSD,0,1,0.01,1.16572,-0.29,0.0,0.0,202408,[sl 1.16572],366515732,366516915
1755594532,EURUSD,0,1,0.01,1.16575,-0.36,0.0,0.0,202408,[sl 1.16575],366516280,366516917
1755594533,EURUSD,1,0,0.01,1.1656,0.0,0.0,0.0,202408,EmpireIA,366516931,366516931
1755594536,BTCUSD,0,1,0.06,115061.0,-1.08,0.0,0.0,202408,[sl 115061.00],366516861,366517026
1755594546,EURUSD,0,1,0.01,1.1657899999999999,-0.29,0.0,0.0,202408,[sl 1.16579],366515416,366517289
1755594550,EURUSD,0,1,0.01,1.16583,-0.23,0.0,0.0,202408,[sl 1.16583],366516931,366517382
1755594588,BTCUSD,1,0,0.06,115066.57,0.0,0.0,0.0,202408,EmpireIA,366517708,366517708
1755594588,BTCUSD,0,1,0.06,115084.66,-1.09,0.0,0.0,202408,[sl 115084.66],366517708,366517709
1755594593,EURUSD,1,0,0.01,1.16538,0.0,0.0,0.0,202408,EmpireIA,366517722,366517722
1755594648,BTCUSD,1,0,0.06,115055.86,0.0,0.0,0.0,202408,EmpireIA,366518350,366518350
1755594649,BTCUSD,0,1,0.06,115073.95,-1.09,0.0,0.0,202408,[sl 115073.95],366518350,366518362
1755594653,EURUSD,1,0,0.01,1.16552,0.0,0.0,0.0,202408,EmpireIA,366518367,366518367
1755594666,EURUSD,0,1,0.01,1.16566,-0.28,0.0,0.0,202408,[sl 1.16566],366517722,366518456
1755594708,BTCUSD,1,0,0.06,115095.32,0.0,0.0,0.0,202408,EmpireIA,366518794,366518794
1755594713,EURUSD,1,0,0.01,1.16562,0.0,0.0,0.0,202408,EmpireIA,366518835,366518835
1755594719,EURUSD,0,1,0.01,1.16574,-0.12,0.0,0.0,202408,[sl 1.16574],366518835,366518890
1755594732,BTCUSD,0,1,0.06,115113.26,-1.08,0.0,0.0,202408,[sl 115113.26],366518794,366519056
1755594768,BTCUSD,1,0,0.06,115060.14,0.0,0.0,0.0,202408,EmpireIA,366519384,366519384
1755594769,BTCUSD,0,1,0.06,115078.16,-1.08,0.0,0.0,202408,[sl 115078.16],366519384,366519387
1755594773,EURUSD,1,0,0.01,1.16556,0.0,0.0,0.0,202408,EmpireIA,366519399,366519399
1755594828,BTCUSD,1,0,0.06,115060.51,0.0,0.0,0.0,202408,EmpireIA,366519716,366519716
1755594833,EURUSD,1,0,0.01,1.16552,0.0,0.0,0.0,202408,EmpireIA,366519737,366519737
1755594834,BTCUSD,0,1,0.06,115078.53,-1.08,0.0,0.0,202408,[sl 115078.53],366519716,366519740
1755594889,BTCUSD,1,0,0.08,115013.61,0.0,0.0,0.0,202408,EmpireIA,366520289,366520289
1755594894,EURUSD,1,0,0.01,1.1656,0.0,0.0,0.0,202408,EmpireIA,366520328,366520328
1755594896,EURUSD,0,1,0.01,1.16572,-0.12,0.0,0.0,202408,[sl 1.16572],366520328,366520332
1755594912,EURUSD,0,1,0.01,1.1658,-0.28,0.0,0.0,202408,[sl 1.16580],366519737,366520610
1755594929,BTCUSD,0,1,0.08,114944.64,5.52,0.0,0.0,202408,[tp 114944.64],366520289,366520727
1755594931,EURUSD,0,1,0.01,1.16581,-0.29,0.0,0.0,202408,[sl 1.16581],366518367,366520765
1755594948,BTCUSD,1,0,0.07,114898.21,0.0,0.0,0.0,202408,EmpireIA,366520892,366520892
1755594957,EURUSD,1,0,0.01,1.16571,0.0,0.0,0.0,202408,EmpireIA,366520970,366520970
1755594960,EURUSD,0,1,0.01,1.16583,-0.12,0.0,0.0,202408,[sl 1.16583],366520970,366520985
1755594962,BTCUSD,0,1,0.07,114954.5,-3.95,0.0,0.0,202408,[sl 114954.50],366520892,366521045
1755594972,EURUSD,0,1,0.01,1.16586,-0.3,0.0,0.0,202408,[sl 1.16586],366519399,366521119
1755595008,BTCUSD,1,0,0.07,114979.75,0.0,0.0,0.0,202408,EmpireIA,366521344,366521344
1755595013,EURUSD,1,0,0.01,1.16557,0.0,0.0,0.0,202408,EmpireIA,366521412,366521412
1755595041,EURUSD,0,1,0.01,1.1656900000000001,-0.12,0.0,0.0,202408,[sl 1.16569],366521412,366521692
1755595073,EURUSD,1,0,0.01,1.16566,0.0,0.0,0.0,202408,EmpireIA,366521853,366521853
1755595081,EURUSD,0,1,0.01,1.16554,0.12,0.0,0.0,202408,[tp 1.16554],366521853,366521915
1755595133,EURUSD,1,0,0.01,1.16541,0.0,0.0,0.0,202408,EmpireIA,366522145,366522145
1755595167,BTCUSD,0,1,0.07,115035.8,-3.93,0.0,0.0,202408,[sl 115035.80],366521344,366522640
1755595178,EURUSD,0,1,0.01,1.1656900000000001,-0.28,0.0,0.0,202408,[sl 1.16569],366522145,366522731
1755595188,BTCUSD,1,0,0.05,115061.45,0.0,0.0,0.0,202408,EmpireIA,366522902,366522902
1755595192,BTCUSD,0,1,0.05,115092.05,-1.53,0.0,0.0,202408,[sl 115092.05],366522902,366522960
1755595194,EURUSD,1,0,0.01,1.16563,0.0,0.0,0.0,202408,EmpireIA,366522997,366522997
1755595194,EURUSD,0,1,0.01,1.16576,-0.13,0.0,0.0,202408,[sl 1.16576],366522997,366522999
1755595248,BTCUSD,1,0,0.05,115074.93,0.0,0.0,0.0,202408,EmpireIA,366523723,366523723
1755595253,EURUSD,1,0,0.01,1.1655,0.0,0.0,0.0,202408,EmpireIA,366523748,366523748
1755595266,BTCUSD,0,1,0.05,115060.14,0.74,0.0,0.0,202408,[tp 115060.14],366523723,366523896
1755595308,BTCUSD,1,0,0.06,115005.61,0.0,0.0,0.0,202408,EmpireIA,366524160,366524160
1755595313,EURUSD,1,0,0.01,1.16548,0.0,0.0,0.0,202408,EmpireIA,366524267,366524267
1755595373,EURUSD,1,0,0.01,1.1655,0.0,0.0,0.0,202408,EmpireIA,366525445,366525445
1755595414,EURUSD,0,1,0.01,1.1657,-0.2,0.0,0.0,202408,[sl 1.16570],366525445,366525803
1755595416,EURUSD,0,1,0.01,1.16572,-0.24,0.0,0.0,202408,[sl 1.16572],366524267,366525828
1755595429,EURUSD,0,1,0.01,1.16574,-0.24,0.0,0.0,202408,[sl 1.16574],366523748,366525902
1755595433,EURUSD,1,0,0.01,1.1656900000000001,0.0,0.0,0.0,202408,EmpireIA,366525955,366525955
1755595462,EURUSD,0,1,0.01,1.16581,-0.12,0.0,0.0,202408,[sl 1.16581],366525955,366526638
1755595487,BTCUSD,0,1,0.06,115054.46,-2.93,0.0,0.0,202408,[sl 115054.46],366524160,366526882
1755595488,BTCUSD,1,0,0.04,115038.85,0.0,0.0,0.0,202408,EmpireIA,366526892,366526892
1755595488,BTCUSD,0,1,0.04,115056.84,-0.72,0.0,0.0,202408,[sl 115056.84],366526892,366526895
1755595493,EURUSD,1,0,0.01,1.16571,0.0,0.0,0.0,202408,EmpireIA,366526957,366526957
1755595494,EURUSD,0,1,0.01,1.16583,-0.12,0.0,0.0,202408,[sl 1.16583],366526957,366526971
1755595548,BTCUSD,1,0,0.04,115150.98,0.0,0.0,0.0,202408,EmpireIA,366527764,366527764
1755595552,BTCUSD,0,1,0.04,115168.97,-0.72,0.0,0.0,202408,[sl 115168.97],366527764,366527789
1755595553,EURUSD,0,0,0.01,1.16604,0.0,0.0,0.0,202408,EmpireIA,366527798,366527798
1755595608,BTCUSD,1,0,0.04,115167.55,0.0,0.0,0.0,202408,EmpireIA,366528600,366528600
1755595613,EURUSD,0,0,0.01,1.16588,0.0,0.0,0.0,202408,EmpireIA,366528655,366528655
1755595636,BTCUSD,0,1,0.04,115149.53,0.72,0.0,0.0,202408,[tp 115149.53],366528600,366529155
1755595668,BTCUSD,1,0,0.04,115103.64,0.0,0.0,0.0,202408,EmpireIA,366529455,366529455
1755595670,BTCUSD,0,1,0.04,115121.69,-0.72,0.0,0.0,202408,[sl 115121.69],366529455,366529507
1755595673,EURUSD,0,0,0.01,1.166,0.0,0.0,0.0,202408,EmpireIA,366529558,366529558
1755595728,BTCUSD,1,0,0.04,115066.37,0.0,0.0,0.0,202408,EmpireIA,366529984,366529984
1755595730,BTCUSD,0,1,0.04,115084.44,-0.73,0.0,0.0,202408,[sl 115084.44],366529984,366529997
1755595733,EURUSD,0,0,0.01,1.16593,0.0,0.0,0.0,202408,EmpireIA,366530022,366530022
1755595788,BTCUSD,1,0,0.04,115118.02,0.0,0.0,0.0,202408,EmpireIA,366530367,366530367
1755595788,BTCUSD,0,1,0.04,115136.01,-0.72,0.0,0.0,202408,[sl 115136.01],366530367,366530369
1755595793,EURUSD,0,0,0.01,1.16599,0.0,0.0,0.0,202408,EmpireIA,366530407,366530407
1755595848,BTCUSD,1,0,0.04,115111.21,0.0,0.0,0.0,202408,EmpireIA,366530891,366530891
1755595857,EURUSD,0,0,0.01,1.16615,0.0,0.0,0.0,202408,EmpireIA,366531041,366531041
1755595862,BTCUSD,0,1,0.04,115129.25,-0.72,0.0,0.0,202408,[sl 115129.25],366530891,366531103
1755595866,EURUSD,1,1,0.01,1.16611,0.23,0.0,0.0,202408,[tp 1.16611],366528655,366531126
1755595884,EURUSD,1,1,0.01,1.16618,0.25,0.0,0.0,202408,[tp 1.16618],366530022,366531303
1755595908,BTCUSD,1,0,0.05,115024.8,0.0,0.0,0.0,202408,EmpireIA,366531538,366531538
1755595913,EURUSD,0,0,0.01,1.16629,0.0,0.0,0.0,202408,EmpireIA,366531583,366531583
1755595950,EURUSD,1,1,0.01,1.16622,0.18,0.0,0.0,202408,[tp 1.16622],366527798,366531992
1755595950,EURUSD,1,1,0.01,1.16623,0.23,0.0,0.0,202408,[tp 1.16623],366529558,366531993
1755595950,EURUSD,1,1,0.01,1.16621,0.22,0.0,0.0,202408,[tp 1.16621],366530407,366531994
1755595973,EURUSD,0,0,0.01,1.16639,0.0,0.0,0.0,202408,EmpireIA,366532350,366532350
1755596033,EURUSD,0,0,0.01,1.16646,0.0,0.0,0.0,202408,EmpireIA,366533473,366533473
1755596093,EURUSD,0,0,0.01,1.16643,0.0,0.0,0.0,202408,EmpireIA,366534130,366534130
1755596102,EURUSD,1,1,0.01,1.16638,0.23,0.0,0.0,202408,[tp 1.16638],366531041,366534280
1755596153,EURUSD,0,0,0.01,1.16638,0.0,0.0,0.0,202408,EmpireIA,366534665,366534665
1755596230,EURUSD,0,0,0.01,1.16632,0.0,0.0,0.0,202408,EmpireIA,366535257,366535257
1755596271,EURUSD,1,1,0.01,1.1661299999999999,-0.3,0.0,0.0,202408,[sl 1.16613],366534130,366535449
1755596290,EURUSD,0,0,0.01,1.16629,0.0,0.0,0.0,202408,EmpireIA,366535534,366535534
1755596350,EURUSD,0,0,0.01,1.16633,0.0,0.0,0.0,202408,EmpireIA,366535974,366535974
1755596397,EURUSD,1,1,0.01,1.16612,-0.34,0.0,0.0,202408,[sl 1.16612],366533473,366536443
1755596410,EURUSD,0,0,0.01,1.16625,0.0,0.0,0.0,202408,EmpireIA,366536617,366536617
1755596469,EURUSD,0,0,0.01,1.16644,0.0,0.0,0.0,202408,EmpireIA,366537051,366537051
1755596530,EURUSD,0,0,0.01,1.16652,0.0,0.0,0.0,202408,EmpireIA,366538422,366538422
1755596590,EURUSD,0,0,0.01,1.1665,0.0,0.0,0.0,202408,EmpireIA,366539218,366539218
1755596593,EURUSD,1,1,0.01,1.16642,0.17,0.0,0.0,202408,[tp 1.16642],366536617,366539255
1755596650,EURUSD,0,0,0.01,1.16652,0.0,0.0,0.0,202408,EmpireIA,366539968,366539968
1755596711,EURUSD,0,0,0.01,1.16643,0.0,0.0,0.0,202408,EmpireIA,366540927,366540927
1755596757,EURUSD,1,1,0.01,1.16648,0.19,0.0,0.0,202408,[tp 1.16648],366535534,366541604
1755596762,EURUSD,1,1,0.01,1.16652,0.19,0.0,0.0,202408,[tp 1.16652],366535974,366541777
1755596762,EURUSD,1,1,0.01,1.16653,0.24,0.0,0.0,202408,[tp 1.16653],366531583,366541783
1755596762,EURUSD,1,1,0.01,1.16656,0.18,0.0,0.0,202408,[tp 1.16656],366534665,366541785
1755596762,EURUSD,1,1,0.01,1.16655,0.12,0.0,0.0,202408,[tp 1.16655],366540927,366541786
1755596765,EURUSD,1,1,0.01,1.16657,0.25,0.0,0.0,202408,[tp 1.16657],366535257,366541828
1755596765,EURUSD,1,1,0.01,1.16658,0.14,0.0,0.0,202408,[tp 1.16658],366537051,366541829
1755596765,EURUSD,0,0,0.01,1.1667399999999999,0.0,0.0,0.0,202408,EmpireIA,366541864,366541864
1755596777,EURUSD,1,1,0.01,1.16662,0.23,0.0,0.0,202408,[tp 1.16662],366532350,366542078
1755596777,EURUSD,1,1,0.01,1.16663,0.13,0.0,0.0,202408,[tp 1.16663],366539218,366542079
1755596777,EURUSD,1,1,0.01,1.1666400000000001,0.12,0.0,0.0,202408,[tp 1.16664],366539968,366542086
1755596781,EURUSD,1,1,0.01,1.16665,0.13,0.0,0.0,202408,[tp 1.16665],366538422,366542188
1755596797,EURUSD,1,1,0.01,1.16688,0.14,0.0,0.0,202408,[tp 1.16688],366541864,366542457
1755596813,EURUSD,0,0,0.01,1.16699,0.0,0.0,0.0,202408,EmpireIA,366542698,366542698
1755596871,EURUSD,1,1,0.01,1.16713,0.14,0.0,0.0,202408,[tp 1.16713],366542698,366544056
1755596873,EURUSD,0,0,0.01,1.16729,0.0,0.0,0.0,202408,EmpireIA,366544226,366544226
1755596933,EURUSD,0,0,0.01,1.16729,0.0,0.0,0.0,202408,EmpireIA,366545579,366545579
1755596993,EURUSD,0,0,0.01,1.16723,0.0,0.0,0.0,202408,EmpireIA,366546227,366546227
1755597053,EURUSD,0,0,0.01,1.16734,0.0,0.0,0.0,202408,EmpireIA,366546878,366546878
1755597113,EURUSD,0,0,0.01,1.16737,0.0,0.0,0.0,202408,EmpireIA,366547440,366547440
1755597173,EURUSD,0,0,0.01,1.16745,0.0,0.0,0.0,202408,EmpireIA,366548139,366548139
1755597196,EURUSD,1,1,0.01,1.16707,-0.3,0.0,0.0,202408,[sl 1.16707],366547440,366548323
1755597198,EURUSD,1,1,0.01,1.16703,-0.31,0.0,0.0,202408,[sl 1.16703],366546878,366548355
1755597203,EURUSD,1,1,0.01,1.16702,-0.43,0.0,0.0,202408,[sl 1.16702],366548139,366548370
1755597205,EURUSD,1,1,0.01,1.16694,-0.35,0.0,0.0,202408,[sl 1.16694],366545579,366548378
1755597205,EURUSD,1,1,0.01,1.16692,-0.31,0.0,0.0,202408,[sl 1.16692],366546227,366548380
1755597205,EURUSD,1,1,0.01,1.16689,-0.4,0.0,0.0,202408,[sl 1.16689],366544226,366548383
1755597233,EURUSD,0,0,0.01,1.16699,0.0,0.0,0.0,202408,EmpireIA,366548638,366548638
1755597293,EURUSD,0,0,0.01,1.16718,0.0,0.0,0.0,202408,EmpireIA,366549307,366549307
1755597353,EURUSD,0,0,0.01,1.16719,0.0,0.0,0.0,202408,EmpireIA,366549879,366549879
1755597374,EURUSD,1,1,0.01,1.16724,0.25,0.0,0.0,202408,[tp 1.16724],366548638,366550001
1755597413,EURUSD,0,0,0.01,1.16738,0.0,0.0,0.0,202408,EmpireIA,366550373,366550373
1755597473,EURUSD,0,0,0.01,1.16744,0.0,0.0,0.0,202408,EmpireIA,366551265,366551265
1755597532,EURUSD,0,0,0.01,1.1675,0.0,0.0,0.0,202408,EmpireIA,366551697,366551697
1755597593,EURUSD,0,0,0.01,1.16753,0.0,0.0,0.0,202408,EmpireIA,366552520,366552520
1755597606,EURUSD,1,1,0.01,1.16743,0.25,0.0,0.0,202408,[tp 1.16743],366549307,366553123
1755597608,EURUSD,1,1,0.01,1.16744,0.25,0.0,0.0,202408,[tp 1.16744],366549879,366553190
1755597654,EURUSD,0,0,0.01,1.16751,0.0,0.0,0.0,202408,EmpireIA,366554020,366554020
1755597721,EURUSD,1,1,0.01,1.16767,0.29,0.0,0.0,202408,[tp 1.16767],366550373,366555096
1755597727,EURUSD,1,1,0.01,1.16772,0.28,0.0,0.0,202408,[tp 1.16772],366551265,366555264
1755597727,EURUSD,1,1,0.01,1.16773,0.22,0.0,0.0,202408,[tp 1.16773],366554020,366555265
1755597728,EURUSD,1,1,0.01,1.16777,0.27,0.0,0.0,202408,[tp 1.16777],366551697,366555335
1755597729,EURUSD,1,1,0.01,1.1678,0.27,0.0,0.0,202408,[tp 1.16780],366552520,366555364
1755597739,BTCUSD,0,1,0.05,114925.61,4.96,0.0,0.0,202408,[tp 114925.61],366531538,366555584
1755597740,EURUSD,0,0,0.01,1.1679,0.0,0.0,0.0,202408,EmpireIA,366555620,366555620
1755597776,BTCUSD,1,0,0.07,114899.21,0.0,0.0,0.0,202408,EmpireIA,366556443,366556443
1755597790,EURUSD,0,0,0.01,1.16767,0.0,0.0,0.0,202408,EmpireIA,366556745,366556745
1755597791,EURUSD,1,1,0.01,1.1675,-0.4,0.0,0.0,202408,[sl 1.16750],366555620,366556750
1755597796,BTCUSD,0,1,0.07,114952.17,-3.71,0.0,0.0,202408,[sl 114952.17],366556443,366556859
1755597836,BTCUSD,1,0,0.05,114995.15,0.0,0.0,0.0,202408,EmpireIA,366557212,366557212
1755597842,BTCUSD,0,1,0.05,115013.17,-0.9,0.0,0.0,202408,[sl 115013.17],366557212,366557286
1755597852,EURUSD,0,0,0.01,1.16768,0.0,0.0,0.0,202408,EmpireIA,366557431,366557431
1755597896,BTCUSD,1,0,0.05,114984.56,0.0,0.0,0.0,202408,EmpireIA,366558015,366558015
1755597897,BTCUSD,0,1,0.05,115002.58,-0.9,0.0,0.0,202408,[sl 115002.58],366558015,366558017
1755597910,EURUSD,0,0,0.01,1.16757,0.0,0.0,0.0,202408,EmpireIA,366558288,366558288
1755597956,BTCUSD,1,0,0.06,114929.26,0.0,0.0,0.0,202408,EmpireIA,366560076,366560076
1755597970,EURUSD,0,0,0.01,1.16784,0.0,0.0,0.0,202408,EmpireIA,366560994,366560994
1755597987,EURUSD,1,1,0.01,1.16789,0.32,0.0,0.0,202408,[tp 1.16789],366558288,366561381
1755597988,EURUSD,1,1,0.01,1.16798,0.3,0.0,0.0,202408,[tp 1.16798],366557431,366561426
1755597989,EURUSD,1,1,0.01,1.16801,0.34,0.0,0.0,202408,[tp 1.16801],366556745,366561490
1755598030,EURUSD,0,0,0.01,1.16815,0.0,0.0,0.0,202408,EmpireIA,366563632,366563632
1755598089,EURUSD,1,1,0.01,1.16775,-0.4,0.0,0.0,202408,[sl 1.16775],366563632,366565241
1755598090,EURUSD,0,0,0.01,1.16789,0.0,0.0,0.0,202408,EmpireIA,366565285,366565285
1755598150,EURUSD,0,0,0.01,1.16793,0.0,0.0,0.0,202408,EmpireIA,366567397,366567397
1755598209,EURUSD,0,0,0.01,1.16791,0.0,0.0,0.0,202408,EmpireIA,366568827,366568827
1755598224,EURUSD,1,1,0.01,1.1676,-0.29,0.0,0.0,202408,[sl 1.16760],366565285,366569052
1755598236,EURUSD,1,1,0.01,1.16757,-0.36,0.0,0.0,202408,[sl 1.16757],366567397,366569276
1755598258,BTCUSD,0,1,0.06,114853.21,4.57,0.0,0.0,202408,[tp 114853.21],366560076,366569584
1755598270,EURUSD,0,0,0.01,1.16807,0.0,0.0,0.0,202408,EmpireIA,366569813,366569813
1755598316,BTCUSD,1,0,0.06,114837.03,0.0,0.0,0.0,202408,EmpireIA,366570683,366570683
1755598330,EURUSD,0,0,0.01,1.1679,0.0,0.0,0.0,202408,EmpireIA,366571247,366571247
1755598389,EURUSD,0,0,0.01,1.16784,0.0,0.0,0.0,202408,EmpireIA,366572234,366572234
1755598450,EURUSD,0,0,0.01,1.16777,0.0,0.0,0.0,202408,EmpireIA,366574079,366574079
1755598465,EURUSD,1,1,0.01,1.1675,-0.34,0.0,0.0,202408,[sl 1.16750],366572234,366574867
1755598466,EURUSD,1,1,0.01,1.16749,-0.41,0.0,0.0,202408,[sl 1.16749],366571247,366574895
1755598467,EURUSD,1,1,0.01,1.16747,-0.44,0.0,0.0,202408,[sl 1.16747],366568827,366574986
1755598477,EURUSD,1,1,0.01,1.16744,-0.4,0.0,0.0,202408,[sl 1.16744],366560994,366575344
1755598483,EURUSD,1,1,0.01,1.16736,-0.41,0.0,0.0,202408,[sl 1.16736],366574079,366575622
1755598484,EURUSD,1,1,0.01,1.16733,-0.74,0.0,0.0,202408,[sl 1.16733],366569813,366575638
1755598511,EURUSD,0,0,0.01,1.16768,0.0,0.0,0.0,202408,EmpireIA,366576739,366576739
1755598511,EURUSD,1,1,0.01,1.16754,-0.14,0.0,0.0,202408,[sl 1.16754],366576739,366576740
1755598570,EURUSD,0,0,0.01,1.16768,0.0,0.0,0.0,202408,EmpireIA,366578159,366578159
1755598571,EURUSD,1,1,0.01,1.16756,-0.12,0.0,0.0,202408,[sl 1.16756],366578159,366578177
1755598617,EURUSD,0,0,0.01,1.16768,0.0,0.0,0.0,202408,EmpireIA,366578842,366578842
1755598673,EURUSD,0,0,0.01,1.16766,0.0,0.0,0.0,202408,EmpireIA,366579766,366579766
1755598733,EURUSD,0,0,0.01,1.1678,0.0,0.0,0.0,202408,EmpireIA,366580924,366580924
1755598793,EURUSD,0,0,0.01,1.16789,0.0,0.0,0.0,202408,EmpireIA,366581923,366581923
1755598826,EURUSD,1,1,0.01,1.16751,-0.38,0.0,0.0,202408,[sl 1.16751],366581923,366582496
1755598852,EURUSD,0,0,0.01,1.16758,0.0,0.0,0.0,202408,EmpireIA,366582744,366582744
1755598856,EURUSD,1,1,0.01,1.16744,-0.14,0.0,0.0,202408,[sl 1.16744],366582744,366582766
1755598887,BTCUSD,0,1,0.06,114752.59,5.06,0.0,0.0,202408,[tp 114752.59],366570683,366583252
1755598908,BTCUSD,1,0,0.06,114741.3,0.0,0.0,0.0,202408,EmpireIA,366583453,366583453
1755598910,BTCUSD,0,1,0.06,114759.39,-1.08,0.0,0.0,202408,[sl 114759.39],366583453,366583483
1755598913,EURUSD,0,0,0.01,1.16765,0.0,0.0,0.0,202408,EmpireIA,366583513,366583513
1755598928,EURUSD,1,1,0.01,1.1674,-0.4,0.0,0.0,202408,[sl 1.16740],366580924,366583768
1755598968,BTCUSD,1,0,0.09,114777.46,0.0,0.0,0.0,202408,EmpireIA,366584138,366584138
1755598973,EURUSD,0,0,0.01,1.16773,0.0,0.0,0.0,202408,EmpireIA,366584179,366584179
1755599023,BTCUSD,0,1,0.09,114706.67,6.37,0.0,0.0,202408,[tp 114706.67],366584138,366584958
1755599028,BTCUSD,1,0,0.05,114651.33,0.0,0.0,0.0,202408,EmpireIA,366585202,366585202
1755599028,BTCUSD,0,1,0.05,114669.34,-0.9,0.0,0.0,202408,[sl 114669.34],366585202,366585207
1755599033,EURUSD,0,0,0.01,1.1676199999999999,0.0,0.0,0.0,202408,EmpireIA,366585357,366585357
1755599065,EURUSD,1,1,0.01,1.1675,-0.12,0.0,0.0,202408,[sl 1.16750],366585357,366586423
1755599088,BTCUSD,1,0,0.06,114705.17,0.0,0.0,0.0,202408,EmpireIA,366586704,366586704
1755599093,EURUSD,0,0,0.01,1.16753,0.0,0.0,0.0,202408,EmpireIA,366586764,366586764
1755599094,EURUSD,1,1,0.01,1.16741,-0.12,0.0,0.0,202408,[sl 1.16741],366586764,366586772
1755599115,BTCUSD,0,1,0.06,114763.02,-3.4699999999999998,0.0,0.0,202408,[sl 114763.02],366586704,366587047
1755599148,BTCUSD,1,0,0.06,114746.53,0.0,0.0,0.0,202408,EmpireIA,366587272,366587272
1755599153,EURUSD,0,0,0.01,1.16765,0.0,0.0,0.0,202408,EmpireIA,366587310,366587310
1755599213,EURUSD,0,0,0.01,1.16783,0.0,0.0,0.0,202408,EmpireIA,366587915,366587915
1755599273,EURUSD,0,0,0.01,1.16766,0.0,0.0,0.0,202408,EmpireIA,366588610,366588610
1755599273,EURUSD,1,1,0.01,1.16753,-0.13,0.0,0.0,202408,[sl 1.16753],366588610,366588611
1755599297,EURUSD,1,1,0.01,1.16745,-0.38,0.0,0.0,202408,[sl 1.16745],366587915,366589106
1755599333,EURUSD,0,0,0.01,1.16768,0.0,0.0,0.0,202408,EmpireIA,366589533,366589533
1755599333,BTCUSD,0,1,0.06,114808.7,-3.73,0.0,0.0,202408,[sl 114808.70],366587272,366589536
1755599388,BTCUSD,1,0,0.05,114704.06,0.0,0.0,0.0,202408,EmpireIA,366590149,366590149
1755599393,EURUSD,0,0,0.01,1.16767,0.0,0.0,0.0,202408,EmpireIA,366590204,366590204
1755599453,EURUSD,0,0,0.01,1.16766,0.0,0.0,0.0,202408,EmpireIA,366591255,366591255
1755599517,EURUSD,0,0,0.01,1.16784,0.0,0.0,0.0,202408,EmpireIA,366592011,366592011
1755599573,EURUSD,0,0,0.01,1.16783,0.0,0.0,0.0,202408,EmpireIA,366592910,366592910
1755599633,EURUSD,0,0,0.01,1.16767,0.0,0.0,0.0,202408,EmpireIA,366593997,366593997
1755599649,EURUSD,1,1,0.01,1.16755,-0.12,0.0,0.0,202408,[sl 1.16755],366593997,366594242
1755599693,EURUSD,0,0,0.01,1.1679,0.0,0.0,0.0,202408,EmpireIA,366594701,366594701
1755599753,EURUSD,0,0,0.01,1.16784,0.0,0.0,0.0,202408,EmpireIA,366595457,366595457
1755599813,EURUSD,0,0,0.01,1.16783,0.0,0.0,0.0,202408,EmpireIA,366595896,366595896
1755599872,EURUSD,1,1,0.01,1.16787,0.22,0.0,0.0,202408,[tp 1.16787],366587310,366597084
1755599872,EURUSD,1,1,0.01,1.16788,0.22,0.0,0.0,202408,[tp 1.16788],366591255,366597085
1755599873,EURUSD,0,0,0.01,1.168,0.0,0.0,0.0,202408,EmpireIA,366597098,366597098
1755599882,BTCUSD,0,1,0.05,114800.75,-4.84,0.0,0.0,202408,[sl 114800.75],366590149,366597274
1755599883,EURUSD,1,1,0.01,1.16789,0.24,0.0,0.0,202408,[tp 1.16789],366583513,366597300
1755599883,EURUSD,1,1,0.01,1.16791,0.23,0.0,0.0,202408,[tp 1.16791],366589533,366597308
1755599893,EURUSD,1,1,0.01,1.16792,0.19,0.0,0.0,202408,[tp 1.16792],366584179,366597657
1755599912,EURUSD,1,1,0.01,1.16793,0.27,0.0,0.0,202408,[tp 1.16793],366579766,366597915
1755599912,EURUSD,1,1,0.01,1.16793,0.26,0.0,0.0,202408,[tp 1.16793],366590204,366597916
1755599917,EURUSD,1,1,0.01,1.1679599999999999,0.28,0.0,0.0,202408,[tp 1.16796],366578842,366598012
1755599917,EURUSD,1,1,0.01,1.16798,0.14,0.0,0.0,202408,[tp 1.16798],366592011,366598019
1755599928,BTCUSD,1,0,0.03,114884.38,0.0,0.0,0.0,202408,EmpireIA,366598244,366598244
1755599931,BTCUSD,0,1,0.03,114902.42,-0.54,0.0,0.0,202408,[sl 114902.42],366598244,366598304
1755599933,EURUSD,0,0,0.01,1.16795,0.0,0.0,0.0,202408,EmpireIA,366598346,366598346
1755599988,BTCUSD,1,0,0.03,114874.01,0.0,0.0,0.0,202408,EmpireIA,366599271,366599271
1755599988,EURUSD,1,1,0.01,1.16803,0.2,0.0,0.0,202408,[tp 1.16803],366592910,366599280
1755599988,EURUSD,1,1,0.01,1.16805,0.21,0.0,0.0,202408,[tp 1.16805],366595457,366599281
1755599988,EURUSD,1,1,0.01,1.16803,0.2,0.0,0.0,202408,[tp 1.16803],366595896,366599282
1755599988,BTCUSD,0,1,0.03,114891.96,-0.54,0.0,0.0,202408,[sl 114891.96],366599271,366599288
1755599993,EURUSD,0,0,0.01,1.16814,0.0,0.0,0.0,202408,EmpireIA,366599381,366599381
1755600048,BTCUSD,1,0,0.03,114859.12,0.0,0.0,0.0,202408,EmpireIA,366600217,366600217
1755600048,BTCUSD,0,1,0.03,114877.2,-0.55,0.0,0.0,202408,[sl 114877.20],366600217,366600227
1755600053,EURUSD,0,0,0.01,1.16808,0.0,0.0,0.0,202408,EmpireIA,366600319,366600319
1755600069,EURUSD,1,1,0.01,1.16785,-0.29,0.0,0.0,202408,[sl 1.16785],366599381,366600519
1755600108,BTCUSD,1,0,0.03,114823.55,0.0,0.0,0.0,202408,EmpireIA,366601121,366601121
1755600108,BTCUSD,0,1,0.03,114841.49,-0.53,0.0,0.0,202408,[sl 114841.49],366601121,366601123
1755600113,EURUSD,0,0,0.01,1.16797,0.0,0.0,0.0,202408,EmpireIA,366601167,366601167
1755600168,BTCUSD,1,0,0.03,114801.8,0.0,0.0,0.0,202408,EmpireIA,366602159,366602159
1755600170,BTCUSD,0,1,0.03,114819.77,-0.54,0.0,0.0,202408,[sl 114819.77],366602159,366602173
1755600173,EURUSD,0,0,0.01,1.16794,0.0,0.0,0.0,202408,EmpireIA,366602221,366602221
1755600222,EURUSD,1,1,0.01,1.16809,0.19,0.0,0.0,202408,[tp 1.16809],366594701,366602814
1755600222,EURUSD,1,1,0.01,1.16809,0.14,0.0,0.0,202408,[tp 1.16809],366598346,366602815
1755600228,BTCUSD,1,0,0.03,114797.03,0.0,0.0,0.0,202408,EmpireIA,366602904,366602904
1755600233,EURUSD,0,0,0.01,1.16817,0.0,0.0,0.0,202408,EmpireIA,366602971,366602971
1755600240,BTCUSD,0,1,0.03,114818.4,-0.64,0.0,0.0,202408,[sl 114818.40],366602904,366603029
1755600288,BTCUSD,1,0,0.04,114797.82,0.0,0.0,0.0,202408,EmpireIA,366603539,366603539
1755600294,EURUSD,0,0,0.01,1.16811,0.0,0.0,0.0,202408,EmpireIA,366603577,366603577
1755600300,BTCUSD,0,1,0.04,114815.93,-0.73,0.0,0.0,202408,[sl 114815.93],366603539,366603705
1755600326,EURUSD,1,1,0.01,1.16784,-0.33,0.0,0.0,202408,[sl 1.16784],366602971,366604116
1755600326,EURUSD,1,1,0.01,1.16783,-0.28,0.0,0.0,202408,[sl 1.16783],366603577,366604117
1755600348,BTCUSD,1,0,0.04,114830.71,0.0,0.0,0.0,202408,EmpireIA,366604275,366604275
1755600348,BTCUSD,0,1,0.04,114848.77,-0.72,0.0,0.0,202408,[sl 114848.77],366604275,366604276
1755600354,EURUSD,0,0,0.01,1.16805,0.0,0.0,0.0,202408,EmpireIA,366604329,366604329
1755600408,BTCUSD,1,0,0.04,114847.55,0.0,0.0,0.0,202408,EmpireIA,366604708,366604708
1755600414,EURUSD,0,0,0.01,1.16804,0.0,0.0,0.0,202408,EmpireIA,366604765,366604765
1755600450,BTCUSD,0,1,0.04,114882.56,-1.4,0.0,0.0,202408,[sl 114882.56],366604708,366605048
1755600479,BTCUSD,1,0,0.03,114921.63,0.0,0.0,0.0,202408,EmpireIA,366605408,366605408
1755600492,BTCUSD,0,1,0.03,114955.68,-1.02,0.0,0.0,202408,[sl 114955.68],366605408,366605620
1755600508,EURUSD,1,1,0.01,1.16773,-0.31,0.0,0.0,202408,[sl 1.16773],366604765,366605855
1755600508,EURUSD,1,1,0.01,1.16771,-0.37,0.0,0.0,202408,[sl 1.16771],366600319,366605863
1755600536,BTCUSD,1,0,0.03,114924.59,0.0,0.0,0.0,202408,EmpireIA,366606414,366606414
1755600538,BTCUSD,0,1,0.03,114942.59,-0.54,0.0,0.0,202408,[sl 114942.59],366606414,366606424
1755600550,EURUSD,0,0,0.01,1.1679,0.0,0.0,0.0,202408,EmpireIA,366606577,366606577
1755600550,EURUSD,1,1,0.01,1.16777,-0.13,0.0,0.0,202408,[sl 1.16777],366606577,366606580
1755600597,BTCUSD,1,0,0.03,114882.66,0.0,0.0,0.0,202408,EmpireIA,366607256,366607256
1755600597,BTCUSD,0,1,0.03,114900.65,-0.54,0.0,0.0,202408,[sl 114900.65],366607256,366607258
1755600612,EURUSD,0,0,0.01,1.16799,0.0,0.0,0.0,202408,EmpireIA,366607471,366607471
1755600656,BTCUSD,1,0,0.03,114861.88,0.0,0.0,0.0,202408,EmpireIA,366607966,366607966
1755600659,BTCUSD,0,1,0.03,114879.84,-0.54,0.0,0.0,202408,[sl 114879.84],366607966,366607978
1755600670,EURUSD,0,0,0.01,1.16787,0.0,0.0,0.0,202408,EmpireIA,366608046,366608046
1755600679,EURUSD,1,1,0.01,1.16775,-0.12,0.0,0.0,202408,[sl 1.16775],366608046,366608123
1755600717,BTCUSD,1,0,0.03,114976.86,0.0,0.0,0.0,202408,EmpireIA,366608563,366608563
1755600720,BTCUSD,0,1,0.03,114996.99,-0.6,0.0,0.0,202408,[sl 114996.99],366608563,366608614
1755600721,EURUSD,1,1,0.01,1.16812,0.12,0.0,0.0,202408,[tp 1.16812],366597098,366608695
1755600722,EURUSD,1,1,0.01,1.16814,0.17,0.0,0.0,202408,[tp 1.16814],366601167,366608743
1755600722,EURUSD,1,1,0.01,1.16818,0.24,0.0,0.0,202408,[tp 1.16818],366602221,366608744
1755600722,EURUSD,1,1,0.01,1.16818,0.13,0.0,0.0,202408,[tp 1.16818],366604329,366608745
1755600725,EURUSD,1,1,0.01,1.1682299999999999,0.24,0.0,0.0,202408,[tp 1.16823],366607471,366608862
1755600730,EURUSD,0,0,0.01,1.16839,0.0,0.0,0.0,202408,EmpireIA,366609033,366609033
1755600777,BTCUSD,1,0,0.03,114945.55,0.0,0.0,0.0,202408,EmpireIA,366609564,366609564
1755600778,BTCUSD,0,1,0.03,114963.5,-0.54,0.0,0.0,202408,[sl 114963.50],366609564,366609571
1755600790,EURUSD,0,0,0.01,1.16816,0.0,0.0,0.0,202408,EmpireIA,366609773,366609773
1755600836,BTCUSD,1,0,0.04,114972.46,0.0,0.0,0.0,202408,EmpireIA,366610288,366610288
1755600850,EURUSD,0,0,0.01,1.1681300000000001,0.0,0.0,0.0,202408,EmpireIA,366610537,366610537
1755600861,BTCUSD,0,1,0.04,115005.48,-1.32,0.0,0.0,202408,[sl 115005.48],366610288,366610721
1755600896,BTCUSD,1,0,0.04,114979.52,0.0,0.0,0.0,202408,EmpireIA,366610950,366610950
1755600897,BTCUSD,0,1,0.04,114997.54,-0.72,0.0,0.0,202408,[sl 114997.54],366610950,366610951
1755600910,EURUSD,0,0,0.01,1.16826,0.0,0.0,0.0,202408,EmpireIA,366611260,366611260
1755600956,BTCUSD,1,0,0.04,114927.75,0.0,0.0,0.0,202408,EmpireIA,366611704,366611704
1755600957,BTCUSD,0,1,0.04,114945.78,-0.72,0.0,0.0,202408,[sl 114945.78],366611704,366611708
1755600970,EURUSD,0,0,0.01,1.16833,0.0,0.0,0.0,202408,EmpireIA,366611902,366611902
1755601017,BTCUSD,1,0,0.04,114923.48,0.0,0.0,0.0,202408,EmpireIA,366612410,366612410
1755601020,BTCUSD,0,1,0.04,114941.56,-0.72,0.0,0.0,202408,[sl 114941.56],366612410,366612466
1755601030,EURUSD,0,0,0.01,1.1684,0.0,0.0,0.0,202408,EmpireIA,366612590,366612590
1755601077,BTCUSD,1,0,0.04,114948.02,0.0,0.0,0.0,202408,EmpireIA,366613133,366613133
1755601080,BTCUSD,0,1,0.04,114966.13,-0.73,0.0,0.0,202408,[sl 114966.13],366613133,366613167
1755601090,EURUSD,0,0,0.01,1.16849,0.0,0.0,0.0,202408,EmpireIA,366613267,366613267
1755601137,BTCUSD,1,0,0.04,114952.46,0.0,0.0,0.0,202408,EmpireIA,366613493,366613493
1755601137,BTCUSD,0,1,0.04,114970.41,-0.72,0.0,0.0,202408,[sl 114970.41],366613493,366613496
1755601151,EURUSD,0,0,0.01,1.16838,0.0,0.0,0.0,202408,EmpireIA,366613646,366613646
1755601196,BTCUSD,1,0,0.05,114956.52,0.0,0.0,0.0,202408,EmpireIA,366614065,366614065
1755601197,BTCUSD,0,1,0.05,114974.6,-0.9,0.0,0.0,202408,[sl 114974.60],366614065,366614075
1755601221,EURUSD,0,0,0.01,1.1683,0.0,0.0,0.0,202408,EmpireIA,366614900,366614900
1755601259,BTCUSD,1,0,0.05,114960.37,0.0,0.0,0.0,202408,EmpireIA,366615211,366615211
1755601259,BTCUSD,0,1,0.05,114978.45,-0.9,0.0,0.0,202408,[sl 114978.45],366615211,366615213
1755601274,EURUSD,0,0,0.01,1.16839,0.0,0.0,0.0,202408,EmpireIA,366615329,366615329
1755601319,BTCUSD,1,0,0.05,114991.09,0.0,0.0,0.0,202408,EmpireIA,366615917,366615917
1755601319,BTCUSD,0,1,0.05,115009.09,-0.9,0.0,0.0,202408,[sl 115009.09],366615917,366615919
1755601336,EURUSD,0,0,0.01,1.16839,0.0,0.0,0.0,202408,EmpireIA,366616048,366616048
1755601373,EURUSD,1,1,0.01,1.16809,-0.4,0.0,0.0,202408,[sl 1.16809],366613267,366616375
1755601373,EURUSD,1,1,0.01,1.16806,-0.24,0.0,0.0,202408,[sl 1.16806],366614900,366616376
1755601373,EURUSD,1,1,0.01,1.16803,-0.36,0.0,0.0,202408,[sl 1.16803],366615329,366616379
1755601373,EURUSD,1,1,0.01,1.16802,-0.37,0.0,0.0,202408,[sl 1.16802],366616048,366616380
1755601378,BTCUSD,1,0,0.05,114949.83,0.0,0.0,0.0,202408,EmpireIA,366616453,366616453
1755601391,EURUSD,1,1,0.01,1.16799,-0.41,0.0,0.0,202408,[sl 1.16799],366612590,366616668
1755601392,EURUSD,0,0,0.01,1.1681300000000001,0.0,0.0,0.0,202408,EmpireIA,366616682,366616682
1755601394,EURUSD,1,1,0.01,1.16799,-0.14,0.0,0.0,202408,[sl 1.16799],366616682,366616688
1755601440,BTCUSD,0,1,0.05,114967.81,-0.9,0.0,0.0,202408,[sl 114967.81],366616453,366617536
1755601451,EURUSD,1,1,0.01,1.1679599999999999,-0.42,0.0,0.0,202408,[sl 1.16796],366613646,366617667
1755601451,EURUSD,0,0,0.01,1.16809,0.0,0.0,0.0,202408,EmpireIA,366617669,366617669
1755601452,EURUSD,1,1,0.01,1.1679599999999999,-0.13,0.0,0.0,202408,[sl 1.16796],366617669,366617702
1755601453,EURUSD,1,1,0.01,1.16788,-0.28,0.0,0.0,202408,[sl 1.16788],366609773,366617734
1755601453,EURUSD,1,1,0.01,1.16788,-0.45,0.0,0.0,202408,[sl 1.16788],366611902,366617735
1755601497,BTCUSD,1,0,0.05,114925.69,0.0,0.0,0.0,202408,EmpireIA,366618409,366618409
1755601498,BTCUSD,0,1,0.05,114943.74,-0.91,0.0,0.0,202408,[sl 114943.74],366618409,366618418
1755601510,EURUSD,0,0,0.01,1.16801,0.0,0.0,0.0,202408,EmpireIA,366618675,366618675
1755601510,EURUSD,1,1,0.01,1.16788,-0.13,0.0,0.0,202408,[sl 1.16788],366618675,366618677
1755601557,BTCUSD,1,0,0.06,114922.11,0.0,0.0,0.0,202408,EmpireIA,366619350,366619350
1755601560,EURUSD,1,1,0.01,1.16779,-0.34,0.0,0.0,202408,[sl 1.16779],366610537,366619421
1755601560,EURUSD,1,1,0.01,1.16778,-0.48,0.0,0.0,202408,[sl 1.16778],366611260,366619422
1755601570,EURUSD,0,0,0.01,1.16788,0.0,0.0,0.0,202408,EmpireIA,366619722,366619722
1755601572,EURUSD,1,1,0.01,1.16776,-0.12,0.0,0.0,202408,[sl 1.16776],366619722,366619814
1755601575,EURUSD,1,1,0.01,1.16772,-0.67,0.0,0.0,202408,[sl 1.16772],366609033,366619907
1755601590,BTCUSD,0,1,0.06,114881.31,2.45,0.0,0.0,202408,[tp 114881.31],366619350,366620306
1755601616,BTCUSD,1,0,0.08,114852.77,0.0,0.0,0.0,202408,EmpireIA,366620597,366620597
1755601630,EURUSD,0,0,0.01,1.16778,0.0,0.0,0.0,202408,EmpireIA,366620883,366620883
1755601631,EURUSD,1,1,0.01,1.16766,-0.12,0.0,0.0,202408,[sl 1.16766],366620883,366620886
1755601631,BTCUSD,0,1,0.08,114899.35,-3.73,0.0,0.0,202408,[sl 114899.35],366620597,366620900
1755601677,BTCUSD,1,0,0.08,114847.05,0.0,0.0,0.0,202408,EmpireIA,366621461,366621461
1755601690,EURUSD,0,0,0.01,1.16785,0.0,0.0,0.0,202408,EmpireIA,366621726,366621726
1755601690,EURUSD,1,1,0.01,1.16773,-0.12,0.0,0.0,202408,[sl 1.16773],366621726,366621727
1755601750,EURUSD,0,0,0.01,1.1677,0.0,0.0,0.0,202408,EmpireIA,366623504,366623504
1755601750,EURUSD,1,1,0.01,1.16758,-0.12,0.0,0.0,202408,[sl 1.16758],366623504,366623515
1755601810,EURUSD,0,0,0.01,1.16758,0.0,0.0,0.0,202408,EmpireIA,366624754,366624754
1755601865,BTCUSD,0,1,0.08,114895.95,-3.92,0.0,0.0,202408,[sl 114895.95],366621461,366625830
1755601870,EURUSD,0,0,0.01,1.16771,0.0,0.0,0.0,202408,EmpireIA,366625922,366625922
1755601917,BTCUSD,1,0,0.07,114812.3,0.0,0.0,0.0,202408,EmpireIA,366626747,366626747
1755601930,EURUSD,0,0,0.01,1.16773,0.0,0.0,0.0,202408,EmpireIA,366627052,366627052
1755601934,BTCUSD,0,1,0.07,114873.04,-4.25,0.0,0.0,202408,[sl 114873.04],366626747,366627082
1755601976,BTCUSD,1,0,0.06,114879.58,0.0,0.0,0.0,202408,EmpireIA,366627785,366627785
1755601990,EURUSD,0,0,0.01,1.16763,0.0,0.0,0.0,202408,EmpireIA,366628054,366628054
1755602046,BTCUSD,0,1,0.06,114936.22,-3.4,0.0,0.0,202408,[sl 114936.22],366627785,366628723
1755602050,EURUSD,0,0,0.01,1.16759,0.0,0.0,0.0,202408,EmpireIA,366628910,366628910
1755602097,BTCUSD,1,0,0.04,115037.22,0.0,0.0,0.0,202408,EmpireIA,366629673,366629673
1755602111,EURUSD,0,0,0.01,1.1676,0.0,0.0,0.0,202408,EmpireIA,366630246,366630246
1755602112,BTCUSD,0,1,0.04,115068.7,-1.26,0.0,0.0,202408,[sl 115068.70],366629673,366630264
1755602157,BTCUSD,1,0,0.04,115068.35,0.0,0.0,0.0,202408,EmpireIA,366631141,366631141
1755602157,BTCUSD,0,1,0.04,115086.33,-0.72,0.0,0.0,202408,[sl 115086.33],366631141,366631150
1755602171,EURUSD,0,0,0.01,1.16763,0.0,0.0,0.0,202408,EmpireIA,366631347,366631347
1755602219,BTCUSD,1,0,0.04,115030.64,0.0,0.0,0.0,202408,EmpireIA,366632478,366632478
1755602219,BTCUSD,0,1,0.04,115048.69,-0.72,0.0,0.0,202408,[sl 115048.69],366632478,366632504
1755602233,EURUSD,0,0,0.01,1.16763,0.0,0.0,0.0,202408,EmpireIA,366632976,366632976
1755602246,EURUSD,1,1,0.01,1.1674,-0.23,0.0,0.0,202408,[sl 1.16740],366628054,366633219
1755602279,BTCUSD,1,0,0.04,114961.79,0.0,0.0,0.0,202408,EmpireIA,366633735,366633735
1755602280,BTCUSD,0,1,0.04,114979.82,-0.72,0.0,0.0,202408,[sl 114979.82],366633735,366633760
1755602293,EURUSD,0,0,0.01,1.16764,0.0,0.0,0.0,202408,EmpireIA,366634088,366634088
1755602337,BTCUSD,1,0,0.04,115038.47,0.0,0.0,0.0,202408,EmpireIA,366635027,366635027
1755602338,BTCUSD,0,1,0.04,115056.58,-0.72,0.0,0.0,202408,[sl 115056.58],366635027,366635034
1755602351,EURUSD,0,0,0.01,1.1677,0.0,0.0,0.0,202408,EmpireIA,366635214,366635214
1755602397,BTCUSD,1,0,0.04,115003.2,0.0,0.0,0.0,202408,EmpireIA,366636547,366636547
1755602397,BTCUSD,0,1,0.04,115021.19,-0.72,0.0,0.0,202408,[sl 115021.19],366636547,366636700
1755602411,EURUSD,0,0,0.01,1.16779,0.0,0.0,0.0,202408,EmpireIA,366637018,366637018
1755602416,EURUSD,1,1,0.01,1.16766,-0.13,0.0,0.0,202408,[sl 1.16766],366637018,366637087
1755602457,BTCUSD,1,0,0.04,115030.81,0.0,0.0,0.0,202408,EmpireIA,366638147,366638147
1755602470,EURUSD,0,0,0.01,1.16782,0.0,0.0,0.0,202408,EmpireIA,366638321,366638321
1755602472,EURUSD,1,1,0.01,1.1677,-0.12,0.0,0.0,202408,[sl 1.16770],366638321,366638333
1755602504,EURUSD,1,1,0.01,1.16773,0.14,0.0,0.0,202408,[tp 1.16773],366628910,366638585
1755602504,EURUSD,1,1,0.01,1.16774,0.14,0.0,0.0,202408,[tp 1.16774],366630246,366638588
1755602504,EURUSD,1,1,0.01,1.16775,0.12,0.0,0.0,202408,[tp 1.16775],366631347,366638589
1755602504,EURUSD,1,1,0.01,1.16776,0.12,0.0,0.0,202408,[tp 1.16776],366634088,366638599
1755602506,EURUSD,1,1,0.01,1.16777,0.14,0.0,0.0,202408,[tp 1.16777],366632976,366638655
1755602530,EURUSD,0,0,0.01,1.16791,0.0,0.0,0.0,202408,EmpireIA,366639008,366639008
1755602545,EURUSD,1,1,0.01,1.16783,0.13,0.0,0.0,202408,[tp 1.16783],366635214,366639163
1755602550,EURUSD,1,1,0.01,1.16787,0.16,0.0,0.0,202408,[tp 1.16787],366625922,366639214
1755602555,EURUSD,1,1,0.01,1.16788,0.3,0.0,0.0,202408,[tp 1.16788],366624754,366639244
1755602556,BTCUSD,0,1,0.04,115048.78,-0.72,0.0,0.0,202408,[sl 115048.78],366638147,366639255
1755602576,BTCUSD,1,0,0.04,115032.79,0.0,0.0,0.0,202408,EmpireIA,366639376,366639376
1755602577,BTCUSD,0,1,0.04,115050.78,-0.72,0.0,0.0,202408,[sl 115050.78],366639376,366639381
1755602590,EURUSD,0,0,0.01,1.16795,0.0,0.0,0.0,202408,EmpireIA,366639461,366639461
1755602593,EURUSD,1,1,0.01,1.16767,-0.28,0.0,0.0,202408,[sl 1.16767],366639461,366639490
1755602604,EURUSD,1,1,0.01,1.16763,-0.28,0.0,0.0,202408,[sl 1.16763],366639008,366639541
1755602637,BTCUSD,1,0,0.04,115027.16,0.0,0.0,0.0,202408,EmpireIA,366639941,366639941
1755602640,BTCUSD,0,1,0.04,115045.18,-0.72,0.0,0.0,202408,[sl 115045.18],366639941,366639991
1755602651,EURUSD,0,0,0.01,1.16784,0.0,0.0,0.0,202408,EmpireIA,366640111,366640111
1755602657,EURUSD,1,1,0.01,1.16771,-0.13,0.0,0.0,202408,[sl 1.16771],366640111,366640193
1755602697,BTCUSD,1,0,0.04,115039.46,0.0,0.0,0.0,202408,EmpireIA,366640561,366640561
1755602700,BTCUSD,0,1,0.04,115075.51,-1.44,0.0,0.0,202408,[sl 115075.51],366640561,366640616
1755602710,EURUSD,0,0,0.01,1.16777,0.0,0.0,0.0,202408,EmpireIA,366640726,366640726
1755602711,EURUSD,1,1,0.01,1.16764,-0.13,0.0,0.0,202408,[sl 1.16764],366640726,366640727
1755602756,BTCUSD,1,0,0.04,115057.11,0.0,0.0,0.0,202408,EmpireIA,366641041,366641041
1755602770,EURUSD,0,0,0.01,1.16785,0.0,0.0,0.0,202408,EmpireIA,366641180,366641180
1755602774,BTCUSD,0,1,0.04,115075.06,-0.72,0.0,0.0,202408,[sl 115075.06],366641041,366641195
1755602817,BTCUSD,1,0,0.04,115012.23,0.0,0.0,0.0,202408,EmpireIA,366641517,366641517
1755602827,BTCUSD,0,1,0.04,115030.25,-0.72,0.0,0.0,202408,[sl 115030.25],366641517,366641630
1755602830,EURUSD,0,0,0.01,1.16782,0.0,0.0,0.0,202408,EmpireIA,366641643,366641643
1755602876,BTCUSD,1,0,0.04,115051.13,0.0,0.0,0.0,202408,EmpireIA,366642186,366642186
1755602877,BTCUSD,0,1,0.04,115069.16,-0.72,0.0,0.0,202408,[sl 115069.16],366642186,366642196
1755602890,EURUSD,0,0,0.01,1.16793,0.0,0.0,0.0,202408,EmpireIA,366642415,366642415
1755602937,BTCUSD,1,0,0.05,115017.5,0.0,0.0,0.0,202408,EmpireIA,366642797,366642797
1755602940,BTCUSD,0,1,0.05,115035.61,-0.9,0.0,0.0,202408,[sl 115035.61],366642797,366642847
1755602951,EURUSD,0,0,0.01,1.16794,0.0,0.0,0.0,202408,EmpireIA,366642955,366642955
1755602996,BTCUSD,1,0,0.07,114968.49,0.0,0.0,0.0,202408,EmpireIA,366643350,366643350
1755603012,EURUSD,1,1,0.01,1.16765,-0.28,0.0,0.0,202408,[sl 1.16765],366642415,366643757
1755603021,EURUSD,1,1,0.01,1.16759,-0.26,0.0,0.0,202408,[sl 1.16759],366641180,366643832
1755603021,EURUSD,1,1,0.01,1.16759,-0.35,0.0,0.0,202408,[sl 1.16759],366642955,366643833
1755603021,EURUSD,0,0,0.01,1.16772,0.0,0.0,0.0,202408,EmpireIA,366643839,366643839
1755603025,BTCUSD,0,1,0.07,114900.32,4.77,0.0,0.0,202408,[tp 114900.32],366643350,366643937
1755603033,EURUSD,1,1,0.01,1.16755,-0.27,0.0,0.0,202408,[sl 1.16755],366641643,366644057
1755603059,BTCUSD,1,0,0.06,114853.74,0.0,0.0,0.0,202408,EmpireIA,366644254,366644254
1755603075,EURUSD,0,0,0.01,1.1677,0.0,0.0,0.0,202408,EmpireIA,366644602,366644602
1755603079,EURUSD,1,1,0.01,1.16758,-0.12,0.0,0.0,202408,[sl 1.16758],366644602,366644619
1755603139,EURUSD,1,1,0.01,1.16747,-0.25,0.0,0.0,202408,[sl 1.16747],366643839,366645175
1755603139,EURUSD,0,0,0.01,1.16759,0.0,0.0,0.0,202408,EmpireIA,366645176,366645176
1755603139,EURUSD,1,1,0.01,1.16746,-0.13,0.0,0.0,202408,[sl 1.16746],366645176,366645178
1755603184,EURUSD,0,0,0.01,1.16755,0.0,0.0,0.0,202408,EmpireIA,366645752,366645752
1755603196,EURUSD,1,1,0.01,1.16743,-0.12,0.0,0.0,202408,[sl 1.16743],366645752,366645887
1755603205,EURUSD,1,1,0.01,1.16739,-0.34,0.0,0.0,202408,[sl 1.16739],366627052,366645956
1755603233,EURUSD,0,0,0.01,1.16751,0.0,0.0,0.0,202408,EmpireIA,366646360,366646360
1755603234,EURUSD,1,1,0.01,1.16739,-0.12,0.0,0.0,202408,[sl 1.16739],366646360,366646362
1755603353,EURUSD,0,0,0.01,1.1675200000000001,0.0,0.0,0.0,202408,EmpireIA,366648173,366648173
1755603360,EURUSD,1,1,0.01,1.16739,-0.13,0.0,0.0,202408,[sl 1.16739],366648173,366648209
1755603413,EURUSD,0,0,0.01,1.1673,0.0,0.0,0.0,202408,EmpireIA,366648933,366648933
1755603473,EURUSD,0,0,0.01,1.16733,0.0,0.0,0.0,202408,EmpireIA,366649950,366649950
1755603479,EURUSD,1,1,0.01,1.16721,-0.12,0.0,0.0,202408,[sl 1.16721],366649950,366650042
1755603533,EURUSD,0,0,0.01,1.16739,0.0,0.0,0.0,202408,EmpireIA,366650590,366650590
1755603536,EURUSD,1,1,0.01,1.16727,-0.12,0.0,0.0,202408,[sl 1.16727],366650590,366650618
1755603593,EURUSD,0,0,0.01,1.16743,0.0,0.0,0.0,202408,EmpireIA,366651131,366651131
1755603604,EURUSD,1,1,0.01,1.16744,0.14,0.0,0.0,202408,[tp 1.16744],366648933,366651306
1755603632,BTCUSD,0,1,0.06,114925.11,-4.29,0.0,0.0,202408,[sl 114925.11],366644254,366651602
1755603648,BTCUSD,1,0,0.05,114916.32,0.0,0.0,0.0,202408,EmpireIA,366651739,366651739
1755603653,EURUSD,0,0,0.01,1.16754,0.0,0.0,0.0,202408,EmpireIA,366651758,366651758
1755603660,EURUSD,1,1,0.01,1.16742,-0.12,0.0,0.0,202408,[sl 1.16742],366651758,366651789
1755603693,EURUSD,1,1,0.01,1.16731,-0.12,0.0,0.0,202408,[sl 1.16731],366651131,366652149
1755603713,EURUSD,0,0,0.01,1.16738,0.0,0.0,0.0,202408,EmpireIA,366652279,366652279
1755603727,BTCUSD,0,1,0.05,114934.34,-0.9,0.0,0.0,202408,[sl 114934.34],366651739,366652563
1755603768,BTCUSD,1,0,0.05,114951.55,0.0,0.0,0.0,202408,EmpireIA,366652964,366652964
1755603769,BTCUSD,0,1,0.05,114969.54,-0.9,0.0,0.0,202408,[sl 114969.54],366652964,366652984
1755603773,EURUSD,0,0,0.01,1.16738,0.0,0.0,0.0,202408,EmpireIA,366653031,366653031
1755603774,EURUSD,1,1,0.01,1.16726,-0.12,0.0,0.0,202408,[sl 1.16726],366653031,366653049
1755603810,EURUSD,1,1,0.01,1.1675200000000001,0.14,0.0,0.0,202408,[tp 1.16752],366652279,366653563
1755603828,BTCUSD,1,0,0.05,114998.78,0.0,0.0,0.0,202408,EmpireIA,366653737,366653737
1755603831,BTCUSD,0,1,0.05,115016.84,-0.9,0.0,0.0,202408,[sl 115016.84],366653737,366653784
1755603833,EURUSD,0,0,0.01,1.16759,0.0,0.0,0.0,202408,EmpireIA,366653848,366653848
1755603888,BTCUSD,1,0,0.05,115007.46,0.0,0.0,0.0,202408,EmpireIA,366654261,366654261
1755603902,EURUSD,1,1,0.01,1.16731,-0.28,0.0,0.0,202408,[sl 1.16731],366653848,366654521
1755603924,BTCUSD,0,1,0.05,114989.39,0.9,0.0,0.0,202408,[tp 114989.39],366654261,366654702
1755603948,BTCUSD,1,0,0.05,114969.38,0.0,0.0,0.0,202408,EmpireIA,366654867,366654867
1755603948,BTCUSD,0,1,0.05,114987.49,-0.9,0.0,0.0,202408,[sl 114987.49],366654867,366654873
1755603953,EURUSD,0,0,0.01,1.1673,0.0,0.0,0.0,202408,EmpireIA,366654951,366654951
1755604009,BTCUSD,1,0,0.05,115034.87,0.0,0.0,0.0,202408,EmpireIA,366655299,366655299
1755604013,BTCUSD,0,1,0.05,115052.82,-0.9,0.0,0.0,202408,[sl 115052.82],366655299,366655346
1755604069,BTCUSD,1,0,0.05,115105.8,0.0,0.0,0.0,202408,EmpireIA,366656230,366656230
1755604070,BTCUSD,0,1,0.05,115123.8,-0.9,0.0,0.0,202408,[sl 115123.80],366656230,366656231
1755604077,EURUSD,0,0,0.01,1.16738,0.0,0.0,0.0,202408,EmpireIA,366656486,366656486
1755604128,BTCUSD,1,0,0.05,115124.22,0.0,0.0,0.0,202408,EmpireIA,366657256,366657256
1755604130,BTCUSD,0,1,0.05,115142.34,-0.91,0.0,0.0,202408,[sl 115142.34],366657256,366657269
1755604133,EURUSD,0,0,0.01,1.16749,0.0,0.0,0.0,202408,EmpireIA,366657292,366657292
1755604158,EURUSD,1,1,0.01,1.16737,-0.12,0.0,0.0,202408,[sl 1.16737],366657292,366657535
1755604188,BTCUSD,1,0,0.05,115063.92,0.0,0.0,0.0,202408,EmpireIA,366657658,366657658
1755604190,BTCUSD,0,1,0.05,115081.89,-0.89,0.0,0.0,202408,[sl 115081.89],366657658,366657669
1755604193,EURUSD,0,0,0.01,1.16751,0.0,0.0,0.0,202408,EmpireIA,366657680,366657680
1755604201,EURUSD,1,1,0.01,1.16739,-0.12,0.0,0.0,202408,[sl 1.16739],366657680,366657767
1755604248,BTCUSD,1,0,0.05,115121.02,0.0,0.0,0.0,202408,EmpireIA,366658262,366658262
1755604253,EURUSD,0,0,0.01,1.16741,0.0,0.0,0.0,202408,EmpireIA,366658283,366658283
1755604258,BTCUSD,0,1,0.05,115140.18,-0.96,0.0,0.0,202408,[sl 115140.18],366658262,366658316
1755604308,BTCUSD,1,0,0.04,115176.83,0.0,0.0,0.0,202408,EmpireIA,366659337,366659337
1755604313,EURUSD,0,0,0.01,1.16749,0.0,0.0,0.0,202408,EmpireIA,366659388,366659388
1755604314,EURUSD,1,1,0.01,1.16737,-0.12,0.0,0.0,202408,[sl 1.16737],366659388,366659392
1755604315,BTCUSD,0,1,0.04,115212.97,-1.45,0.0,0.0,202408,[sl 115212.97],366659337,366659396
1755604368,BTCUSD,1,0,0.04,115251.48,0.0,0.0,0.0,202408,EmpireIA,366660225,366660225
1755604371,BTCUSD,0,1,0.04,115269.48,-0.72,0.0,0.0,202408,[sl 115269.48],366660225,366660250
1755604373,EURUSD,0,0,0.01,1.16754,0.0,0.0,0.0,202408,EmpireIA,366660269,366660269
1755604388,EURUSD,1,1,0.01,1.16751,0.13,0.0,0.0,202408,[tp 1.16751],366656486,366660416
1755604389,EURUSD,1,1,0.01,1.16753,0.12,0.0,0.0,202408,[tp 1.16753],366658283,366660422
1755604390,EURUSD,1,1,0.01,1.16757,0.27,0.0,0.0,202408,[tp 1.16757],366654951,366660444
1755604428,BTCUSD,1,0,0.04,115194.11,0.0,0.0,0.0,202408,EmpireIA,366660933,366660933
1755604429,BTCUSD,0,1,0.04,115212.08,-0.72,0.0,0.0,202408,[sl 115212.08],366660933,366660942
1755604433,EURUSD,0,0,0.01,1.16759,0.0,0.0,0.0,202408,EmpireIA,366660981,366660981
1755604488,BTCUSD,1,0,0.04,115262.97,0.0,0.0,0.0,202408,EmpireIA,366661648,366661648
1755604488,BTCUSD,0,1,0.04,115280.94,-0.72,0.0,0.0,202408,[sl 115280.94],366661648,366661649
1755604493,EURUSD,0,0,0.01,1.16773,0.0,0.0,0.0,202408,EmpireIA,366661696,366661696
1755604493,EURUSD,1,1,0.01,1.16767,0.13,0.0,0.0,202408,[tp 1.16767],366660269,366661697
1755604548,BTCUSD,1,0,0.04,115228.57,0.0,0.0,0.0,202408,EmpireIA,366662116,366662116
1755604549,BTCUSD,0,1,0.04,115246.57,-0.72,0.0,0.0,202408,[sl 115246.57],366662116,366662120
1755604553,EURUSD,0,0,0.01,1.16779,0.0,0.0,0.0,202408,EmpireIA,366662144,366662144
1755604608,BTCUSD,1,0,0.04,115221.79,0.0,0.0,0.0,202408,EmpireIA,366662409,366662409
1755604610,BTCUSD,0,1,0.04,115239.83,-0.72,0.0,0.0,202408,[sl 115239.83],366662409,366662432
1755604613,EURUSD,0,0,0.01,1.16767,0.0,0.0,0.0,202408,EmpireIA,366662451,366662451
1755604615,EURUSD,1,1,0.01,1.1675,-0.29,0.0,0.0,202408,[sl 1.16750],366662144,366662465
1755604639,EURUSD,1,1,0.01,1.16742,-0.31,0.0,0.0,202408,[sl 1.16742],366661696,366662686
1755604668,BTCUSD,1,0,0.04,115205.05,0.0,0.0,0.0,202408,EmpireIA,366663106,366663106
1755604673,EURUSD,0,0,0.01,1.16758,0.0,0.0,0.0,202408,EmpireIA,366663165,366663165
1755604713,BTCUSD,0,1,0.04,115223.06,-0.72,0.0,0.0,202408,[sl 115223.06],366663106,366663893
1755604728,BTCUSD,1,0,0.04,115208.89,0.0,0.0,0.0,202408,EmpireIA,366664248,366664248
1755604733,EURUSD,0,0,0.01,1.16757,0.0,0.0,0.0,202408,EmpireIA,366664335,366664335
1755604733,BTCUSD,0,1,0.04,115226.93,-0.72,0.0,0.0,202408,[sl 115226.93],366664248,366664337
1755604788,BTCUSD,1,0,0.04,115187.95,0.0,0.0,0.0,202408,EmpireIA,366665301,366665301
1755604794,EURUSD,0,0,0.01,1.1675200000000001,0.0,0.0,0.0,202408,EmpireIA,366665388,366665388
1755604794,EURUSD,1,1,0.01,1.1674,-0.12,0.0,0.0,202408,[sl 1.16740],366665388,366665390
1755604797,EURUSD,1,1,0.01,1.16737,-0.3,0.0,0.0,202408,[sl 1.16737],366662451,366665457
1755604812,BTCUSD,0,1,0.04,115205.96,-0.72,0.0,0.0,202408,[sl 115205.96],366665301,366666087
1755604848,BTCUSD,1,0,0.04,115240.0,0.0,0.0,0.0,202408,EmpireIA,366666806,366666806
1755604850,BTCUSD,0,1,0.04,115259.56,-0.78,0.0,0.0,202408,[sl 115259.56],366666806,366666920
1755604854,EURUSD,0,0,0.01,1.16761,0.0,0.0,0.0,202408,EmpireIA,366666962,366666962
1755604909,BTCUSD,1,0,0.04,115227.6,0.0,0.0,0.0,202408,EmpireIA,366667642,366667642
1755604910,BTCUSD,0,1,0.04,115245.64,-0.73,0.0,0.0,202408,[sl 115245.64],366667642,366667695
1755604915,EURUSD,0,0,0.01,1.1677,0.0,0.0,0.0,202408,EmpireIA,366667813,366667813
1755604936,EURUSD,1,1,0.01,1.16744,-0.26,0.0,0.0,202408,[sl 1.16744],366667813,366668142
1755604941,EURUSD,1,1,0.01,1.16733,-0.25,0.0,0.0,202408,[sl 1.16733],366663165,366668281
1755604941,EURUSD,1,1,0.01,1.16733,-0.28,0.0,0.0,202408,[sl 1.16733],366666962,366668282
1755604969,BTCUSD,1,0,0.04,115179.13,0.0,0.0,0.0,202408,EmpireIA,366668807,366668807
1755604974,EURUSD,0,0,0.01,1.16758,0.0,0.0,0.0,202408,EmpireIA,366668858,366668858
1755604976,EURUSD,1,1,0.01,1.16744,-0.14,0.0,0.0,202408,[sl 1.16744],366668858,366668865
1755604992,BTCUSD,0,1,0.04,115197.1,-0.71,0.0,0.0,202408,[sl 115197.10],366668807,366669260
1755605030,BTCUSD,1,0,0.04,115249.39,0.0,0.0,0.0,202408,EmpireIA,366669626,366669626
1755605031,BTCUSD,0,1,0.04,115267.47,-0.72,0.0,0.0,202408,[sl 115267.47],366669626,366669632
1755605035,EURUSD,0,0,0.01,1.1678,0.0,0.0,0.0,202408,EmpireIA,366669654,366669654
1755605088,BTCUSD,1,0,0.04,115267.32,0.0,0.0,0.0,202408,EmpireIA,366670062,366670062
1755605088,BTCUSD,0,1,0.04,115285.26,-0.72,0.0,0.0,202408,[sl 115285.26],366670062,366670070
1755605093,EURUSD,0,0,0.01,1.16777,0.0,0.0,0.0,202408,EmpireIA,366670110,366670110
1755605148,BTCUSD,1,0,0.04,115307.13,0.0,0.0,0.0,202408,EmpireIA,366670833,366670833
1755605151,BTCUSD,0,1,0.04,115325.11,-0.71,0.0,0.0,202408,[sl 115325.11],366670833,366670860
1755605153,EURUSD,0,0,0.01,1.16768,0.0,0.0,0.0,202408,EmpireIA,366670874,366670874
1755605197,EURUSD,1,1,0.01,1.16746,-0.34,0.0,0.0,202408,[sl 1.16746],366669654,366671584
1755605197,EURUSD,1,1,0.01,1.16747,-0.3,0.0,0.0,202408,[sl 1.16747],366670110,366671585
1755605208,BTCUSD,1,0,0.05,115324.01,0.0,0.0,0.0,202408,EmpireIA,366671714,366671714
1755605211,BTCUSD,0,1,0.05,115342.07,-0.9,0.0,0.0,202408,[sl 115342.07],366671714,366671735
1755605213,EURUSD,0,0,0.01,1.16753,0.0,0.0,0.0,202408,EmpireIA,366671753,366671753
1755605220,EURUSD,1,1,0.01,1.16741,-0.12,0.0,0.0,202408,[sl 1.16741],366671753,366671816
1755605220,EURUSD,1,1,0.01,1.16737,-0.31,0.0,0.0,202408,[sl 1.16737],366670874,366671821
1755605259,EURUSD,1,1,0.01,1.1673,-0.27,0.0,0.0,202408,[sl 1.16730],366664335,366672271
1755605261,EURUSD,1,1,0.01,1.16728,-0.31,0.0,0.0,202408,[sl 1.16728],366660981,366672302
1755605268,BTCUSD,1,0,0.04,115378.64,0.0,0.0,0.0,202408,EmpireIA,366672395,366672395
1755605273,BTCUSD,0,1,0.04,115396.64,-0.72,0.0,0.0,202408,[sl 115396.64],366672395,366672425
1755605273,EURUSD,0,0,0.01,1.16745,0.0,0.0,0.0,202408,EmpireIA,366672438,366672438
1755605284,EURUSD,1,1,0.01,1.16732,-0.13,0.0,0.0,202408,[sl 1.16732],366672438,366672549
1755605328,BTCUSD,1,0,0.04,115336.72,0.0,0.0,0.0,202408,EmpireIA,366672864,366672864
1755605333,EURUSD,0,0,0.01,1.16744,0.0,0.0,0.0,202408,EmpireIA,366672890,366672890
1755605334,EURUSD,1,1,0.01,1.16732,-0.12,0.0,0.0,202408,[sl 1.16732],366672890,366672894
1755605355,BTCUSD,0,1,0.04,115318.67,0.72,0.0,0.0,202408,[tp 115318.67],366672864,366673040
1755605388,BTCUSD,1,0,0.04,115309.89,0.0,0.0,0.0,202408,EmpireIA,366673297,366673297
1755605393,EURUSD,0,0,0.01,1.16749,0.0,0.0,0.0,202408,EmpireIA,366673316,366673316
1755605394,EURUSD,1,1,0.01,1.16737,-0.12,0.0,0.0,202408,[sl 1.16737],366673316,366673324
1755605453,EURUSD,0,0,0.01,1.16758,0.0,0.0,0.0,202408,EmpireIA,366673820,366673820
1755605455,EURUSD,1,1,0.01,1.16744,-0.14,0.0,0.0,202408,[sl 1.16744],366673820,366673827
1755605483,BTCUSD,0,1,0.04,115327.97,-0.72,0.0,0.0,202408,[sl 115327.97],366673297,366673973
1755605508,BTCUSD,1,0,0.04,115369.3,0.0,0.0,0.0,202408,EmpireIA,366674103,366674103
1755605509,BTCUSD,0,1,0.04,115387.4,-0.73,0.0,0.0,202408,[sl 115387.40],366674103,366674107
1755605513,EURUSD,0,0,0.01,1.16755,0.0,0.0,0.0,202408,EmpireIA,366674152,366674152
1755605568,BTCUSD,1,0,0.04,115352.54,0.0,0.0,0.0,202408,EmpireIA,366674622,366674622
1755605571,BTCUSD,0,1,0.04,115370.5,-0.72,0.0,0.0,202408,[sl 115370.50],366674622,366674638
1755605573,EURUSD,0,0,0.01,1.16757,0.0,0.0,0.0,202408,EmpireIA,366674648,366674648
1755605628,BTCUSD,1,0,0.04,115353.52,0.0,0.0,0.0,202408,EmpireIA,366675228,366675228
1755605629,BTCUSD,0,1,0.04,115371.55,-0.72,0.0,0.0,202408,[sl 115371.55],366675228,366675232
1755605633,EURUSD,0,0,0.01,1.16758,0.0,0.0,0.0,202408,EmpireIA,366675278,366675278
1755605688,BTCUSD,1,0,0.04,115367.51,0.0,0.0,0.0,202408,EmpireIA,366675986,366675986
1755605693,EURUSD,0,0,0.01,1.16764,0.0,0.0,0.0,202408,EmpireIA,366676020,366676020
1755605712,BTCUSD,0,1,0.04,115349.71,0.71,0.0,0.0,202408,[tp 115349.71],366675986,366676297
1755605748,BTCUSD,1,0,0.04,115296.59,0.0,0.0,0.0,202408,EmpireIA,366676777,366676777
1755605750,BTCUSD,0,1,0.04,115314.62,-0.72,0.0,0.0,202408,[sl 115314.62],366676777,366676795
1755605781,EURUSD,1,1,0.01,1.1673499999999999,-0.29,0.0,0.0,202408,[sl 1.16735],366676020,366677172
1755605784,EURUSD,1,1,0.01,1.1673,-0.25,0.0,0.0,202408,[sl 1.16730],366674152,366677202
1755605784,EURUSD,1,1,0.01,1.1673,-0.28,0.0,0.0,202408,[sl 1.16730],366675278,366677203
1755605795,EURUSD,1,1,0.01,1.16729,-0.28,0.0,0.0,202408,[sl 1.16729],366674648,366677305
1755605808,BTCUSD,1,0,0.05,115262.58,0.0,0.0,0.0,202408,EmpireIA,366677367,366677367
1755605813,EURUSD,0,0,0.01,1.16744,0.0,0.0,0.0,202408,EmpireIA,366677400,366677400
1755605864,EURUSD,1,1,0.01,1.16731,-0.13,0.0,0.0,202408,[sl 1.16731],366677400,366678885
1755605876,EURUSD,0,0,0.01,1.16744,0.0,0.0,0.0,202408,EmpireIA,366679191,366679191
1755605881,BTCUSD,0,1,0.05,115338.12,-3.7800000000000002,0.0,0.0,202408,[sl 115338.12],366677367,366679287
1755605928,BTCUSD,1,0,0.04,115339.87,0.0,0.0,0.0,202408,EmpireIA,366679917,366679917
1755605929,BTCUSD,0,1,0.04,115357.95,-0.73,0.0,0.0,202408,[sl 115357.95],366679917,366679923
1755605936,EURUSD,0,0,0.01,1.16745,0.0,0.0,0.0,202408,EmpireIA,366680046,366680046
1755605988,BTCUSD,1,0,0.04,115306.19,0.0,0.0,0.0,202408,EmpireIA,366680766,366680766
1755605988,BTCUSD,0,1,0.04,115324.25,-0.72,0.0,0.0,202408,[sl 115324.25],366680766,366680771
1755605993,EURUSD,0,0,0.01,1.1675200000000001,0.0,0.0,0.0,202408,EmpireIA,366680790,366680790
1755605997,EURUSD,1,1,0.01,1.16738,-0.14,0.0,0.0,202408,[sl 1.16738],366680790,366680831
1755606048,BTCUSD,1,0,0.04,115349.29,0.0,0.0,0.0,202408,EmpireIA,366681579,366681579
1755606054,BTCUSD,0,1,0.04,115367.23,-0.72,0.0,0.0,202408,[sl 115367.23],366681579,366681615
1755606054,EURUSD,0,0,0.01,1.16765,0.0,0.0,0.0,202408,EmpireIA,366681620,366681620
1755606066,EURUSD,1,1,0.01,1.16737,-0.28,0.0,0.0,202408,[sl 1.16737],366681620,366681754
1755606108,BTCUSD,1,0,0.04,115335.3,0.0,0.0,0.0,202408,EmpireIA,366682198,366682198
1755606112,BTCUSD,0,1,0.04,115353.35,-0.72,0.0,0.0,202408,[sl 115353.35],366682198,366682301
1755606114,EURUSD,0,0,0.01,1.16757,0.0,0.0,0.0,202408,EmpireIA,366682352,366682352
1755606168,BTCUSD,1,0,0.04,115419.97,0.0,0.0,0.0,202408,EmpireIA,366683418,366683418
1755606169,BTCUSD,0,1,0.04,115437.96,-0.72,0.0,0.0,202408,[sl 115437.96],366683418,366683430
1755606173,EURUSD,0,0,0.01,1.16765,0.0,0.0,0.0,202408,EmpireIA,366683444,366683444
1755606228,BTCUSD,1,0,0.05,115377.54,0.0,0.0,0.0,202408,EmpireIA,366684087,366684087
1755606233,EURUSD,0,0,0.01,1.16755,0.0,0.0,0.0,202408,EmpireIA,366684133,366684133
1755606234,BTCUSD,0,1,0.05,115395.57,-0.9,0.0,0.0,202408,[sl 115395.57],366684087,366684142
1755606235,EURUSD,1,1,0.01,1.16743,-0.12,0.0,0.0,202408,[sl 1.16743],366684133,366684168
1755606248,EURUSD,1,1,0.01,1.16737,-0.28,0.0,0.0,202408,[sl 1.16737],366683444,366684313
1755606249,EURUSD,1,1,0.01,1.16728,-0.29,0.0,0.0,202408,[sl 1.16728],366682352,366684326
1755606288,BTCUSD,1,0,0.04,115399.3,0.0,0.0,0.0,202408,EmpireIA,366684790,366684790
1755606289,BTCUSD,0,1,0.04,115417.25,-0.72,0.0,0.0,202408,[sl 115417.25],366684790,366684805
1755606293,EURUSD,0,0,0.01,1.16747,0.0,0.0,0.0,202408,EmpireIA,366684944,366684944
1755606349,BTCUSD,1,0,0.05,115369.58,0.0,0.0,0.0,202408,EmpireIA,366685470,366685470
1755606351,BTCUSD,0,1,0.05,115387.58,-0.9,0.0,0.0,202408,[sl 115387.58],366685470,366685483
1755606354,EURUSD,0,0,0.01,1.16765,0.0,0.0,0.0,202408,EmpireIA,366685503,366685503
1755606391,EURUSD,1,1,0.01,1.16737,-0.28,0.0,0.0,202408,[sl 1.16737],366685503,366685871
1755606403,EURUSD,1,1,0.01,1.16734,-0.13,0.0,0.0,202408,[sl 1.16734],366684944,366686019
1755606408,BTCUSD,1,0,0.05,115370.29,0.0,0.0,0.0,202408,EmpireIA,366686086,366686086
1755606413,EURUSD,0,0,0.01,1.16748,0.0,0.0,0.0,202408,EmpireIA,366686152,366686152
1755606415,BTCUSD,0,1,0.05,115388.38,-0.91,0.0,0.0,202408,[sl 115388.38],366686086,366686168
1755606443,EURUSD,1,1,0.01,1.16736,-0.12,0.0,0.0,202408,[sl 1.16736],366686152,366686354
1755606468,BTCUSD,1,0,0.05,115375.47,0.0,0.0,0.0,202408,EmpireIA,366686740,366686740
1755606471,BTCUSD,0,1,0.05,115393.51,-0.91,0.0,0.0,202408,[sl 115393.51],366686740,366686778
1755606473,EURUSD,0,0,0.01,1.16744,0.0,0.0,0.0,202408,EmpireIA,366686787,366686787
1755606475,EURUSD,1,1,0.01,1.16732,-0.12,0.0,0.0,202408,[sl 1.16732],366686787,366686803
1755606528,BTCUSD,1,0,0.05,115383.61,0.0,0.0,0.0,202408,EmpireIA,366687406,366687406
1755606528,BTCUSD,0,1,0.05,115401.7,-0.91,0.0,0.0,202408,[sl 115401.70],366687406,366687409
1755606534,EURUSD,0,0,0.01,1.1675,0.0,0.0,0.0,202408,EmpireIA,366687498,366687498
1755606537,EURUSD,1,1,0.01,1.16738,-0.12,0.0,0.0,202408,[sl 1.16738],366687498,366687525
1755606588,BTCUSD,1,0,0.05,115428.91,0.0,0.0,0.0,202408,EmpireIA,366688043,366688043
1755606593,EURUSD,0,0,0.01,1.1676199999999999,0.0,0.0,0.0,202408,EmpireIA,366688066,366688066
1755606594,BTCUSD,0,1,0.05,115446.92,-0.9,0.0,0.0,202408,[sl 115446.92],366688043,366688078
1755606602,EURUSD,1,1,0.01,1.16757,0.13,0.0,0.0,202408,[tp 1.16757],366679191,366688291
1755606602,EURUSD,1,1,0.01,1.16757,0.12,0.0,0.0,202408,[tp 1.16757],366680046,366688292
1755606649,BTCUSD,1,0,0.05,115434.08,0.0,0.0,0.0,202408,EmpireIA,366688996,366688996
1755606654,EURUSD,0,0,0.01,1.16774,0.0,0.0,0.0,202408,EmpireIA,366689070,366689070
1755606657,BTCUSD,0,1,0.05,115452.08,-0.9,0.0,0.0,202408,[sl 115452.08],366688996,366689079
1755606709,BTCUSD,1,0,0.05,115444.84,0.0,0.0,0.0,202408,EmpireIA,366689558,366689558
1755606713,BTCUSD,0,1,0.05,115462.94,-0.91,0.0,0.0,202408,[sl 115462.94],366689558,366689653
1755606715,EURUSD,0,0,0.01,1.1677,0.0,0.0,0.0,202408,EmpireIA,366689677,366689677
1755606769,BTCUSD,1,0,0.05,115479.86,0.0,0.0,0.0,202408,EmpireIA,366690721,366690721
1755606776,EURUSD,0,0,0.01,1.16771,0.0,0.0,0.0,202408,EmpireIA,366690783,366690783
1755606806,BTCUSD,0,1,0.05,115439.87,2.0,0.0,0.0,202408,[tp 115439.87],366690721,366691036
1755606828,BTCUSD,1,0,0.05,115445.55,0.0,0.0,0.0,202408,EmpireIA,366691172,366691172
1755606829,BTCUSD,0,1,0.05,115463.53,-0.9,0.0,0.0,202408,[sl 115463.53],366691172,366691176
1755606835,EURUSD,0,0,0.01,1.1677,0.0,0.0,0.0,202408,EmpireIA,366691197,366691197
1755606855,EURUSD,1,1,0.01,1.16744,-0.3,0.0,0.0,202408,[sl 1.16744],366689070,366691380
1755606855,EURUSD,1,1,0.01,1.16747,-0.23,0.0,0.0,202408,[sl 1.16747],366691197,366691381
1755606873,EURUSD,1,1,0.01,1.16739,-0.31,0.0,0.0,202408,[sl 1.16739],366689677,366691778
1755606888,BTCUSD,1,0,0.05,115403.49,0.0,0.0,0.0,202408,EmpireIA,366691896,366691896
1755606889,BTCUSD,0,1,0.05,115421.5,-0.91,0.0,0.0,202408,[sl 115421.50],366691896,366691900
1755606893,EURUSD,0,0,0.01,1.16757,0.0,0.0,0.0,202408,EmpireIA,366691919,366691919
1755606894,EURUSD,1,1,0.01,1.16743,-0.14,0.0,0.0,202408,[sl 1.16743],366691919,366691923
1755606948,BTCUSD,1,0,0.05,115427.43,0.0,0.0,0.0,202408,EmpireIA,366692512,366692512
1755606952,BTCUSD,0,1,0.05,115445.51,-0.91,0.0,0.0,202408,[sl 115445.51],366692512,366692543
1755606952,EURUSD,0,0,0.01,1.16758,0.0,0.0,0.0,202408,EmpireIA,366692550,366692550
1755606956,EURUSD,1,1,0.01,1.16746,-0.12,0.0,0.0,202408,[sl 1.16746],366692550,366692559
1755607008,BTCUSD,1,0,0.05,115435.11,0.0,0.0,0.0,202408,EmpireIA,366693109,366693109
1755607008,BTCUSD,0,1,0.05,115453.14,-0.9,0.0,0.0,202408,[sl 115453.14],366693109,366693110
1755607013,EURUSD,0,0,0.01,1.16776,0.0,0.0,0.0,202408,EmpireIA,366693137,366693137
1755607068,BTCUSD,1,0,0.05,115452.59,0.0,0.0,0.0,202408,EmpireIA,366694156,366694156
1755607068,BTCUSD,0,1,0.05,115470.55,-0.9,0.0,0.0,202408,[sl 115470.55],366694156,366694162
1755607073,EURUSD,0,0,0.01,1.16766,0.0,0.0,0.0,202408,EmpireIA,366694246,366694246
1755607128,BTCUSD,1,0,0.05,115464.32,0.0,0.0,0.0,202408,EmpireIA,366694866,366694866
1755607133,EURUSD,0,0,0.01,1.16771,0.0,0.0,0.0,202408,EmpireIA,366694881,366694881
1755607171,BTCUSD,0,1,0.05,115482.44,-0.9,0.0,0.0,202408,[sl 115482.44],366694866,366695152
1755607188,BTCUSD,1,0,0.05,115470.62,0.0,0.0,0.0,202408,EmpireIA,366695335,366695335
1755607193,EURUSD,0,0,0.01,1.16773,0.0,0.0,0.0,202408,EmpireIA,366695369,366695369
1755607213,BTCUSD,0,1,0.05,115452.52,0.9,0.0,0.0,202408,[tp 115452.52],366695335,366695692
1755607248,BTCUSD,1,0,0.05,115408.59,0.0,0.0,0.0,202408,EmpireIA,366696114,366696114
1755607253,EURUSD,0,0,0.01,1.1678,0.0,0.0,0.0,202408,EmpireIA,366696178,366696178
1755607286,BTCUSD,0,1,0.05,115426.63,-0.9,0.0,0.0,202408,[sl 115426.63],366696114,366696332
1755607297,EURUSD,1,1,0.01,1.1675200000000001,-0.28,0.0,0.0,202408,[sl 1.16752],366696178,366696380
1755607301,EURUSD,1,1,0.01,1.16746,-0.3,0.0,0.0,202408,[sl 1.16746],366693137,366696394
1755607308,BTCUSD,1,0,0.06,115409.74,0.0,0.0,0.0,202408,EmpireIA,366696470,366696470
1755607314,EURUSD,0,0,0.01,1.1676199999999999,0.0,0.0,0.0,202408,EmpireIA,366696512,366696512
1755607315,EURUSD,1,1,0.01,1.1675,-0.12,0.0,0.0,202408,[sl 1.16750],366696512,366696521
1755607373,EURUSD,0,0,0.01,1.1676199999999999,0.0,0.0,0.0,202408,EmpireIA,366698015,366698015
1755607379,EURUSD,1,1,0.01,1.1675,-0.12,0.0,0.0,202408,[sl 1.16750],366698015,366698136
1755607408,EURUSD,1,1,0.01,1.16741,-0.3,0.0,0.0,202408,[sl 1.16741],366694881,366698480
1755607408,EURUSD,1,1,0.01,1.16743,-0.3,0.0,0.0,202408,[sl 1.16743],366695369,366698481
1755607432,EURUSD,0,0,0.01,1.16759,0.0,0.0,0.0,202408,EmpireIA,366698750,366698750
1755607493,EURUSD,0,0,0.01,1.1677,0.0,0.0,0.0,202408,EmpireIA,366699591,366699591
1755607530,BTCUSD,0,1,0.06,115466.73,-3.42,0.0,0.0,202408,[sl 115466.73],366696470,366700239
1755607548,BTCUSD,1,0,0.04,115441.61,0.0,0.0,0.0,202408,EmpireIA,366700380,366700380
1755607553,EURUSD,0,0,0.01,1.16768,0.0,0.0,0.0,202408,EmpireIA,366700439,366700439
1755607554,BTCUSD,0,1,0.04,115459.62,-0.72,0.0,0.0,202408,[sl 115459.62],366700380,366700444
1755607608,BTCUSD,1,0,0.06,115386.31,0.0,0.0,0.0,202408,EmpireIA,366701135,366701135
1755607614,EURUSD,0,0,0.01,1.16764,0.0,0.0,0.0,202408,EmpireIA,366701198,366701198
1755607643,EURUSD,1,1,0.01,1.16747,-0.12,0.0,0.0,202408,[sl 1.16747],366698750,366701807
1755607646,EURUSD,1,1,0.01,1.16743,-0.27,0.0,0.0,202408,[sl 1.16743],366699591,366701840
1755607646,EURUSD,1,1,0.01,1.16744,-0.24,0.0,0.0,202408,[sl 1.16744],366700439,366701841
1755607661,EURUSD,1,1,0.01,1.1674,-0.26,0.0,0.0,202408,[sl 1.16740],366694246,366701989
1755607673,EURUSD,0,0,0.01,1.16755,0.0,0.0,0.0,202408,EmpireIA,366702055,366702055
1755607683,EURUSD,1,1,0.01,1.16743,-0.12,0.0,0.0,202408,[sl 1.16743],366702055,366702143
1755607738,EURUSD,0,0,0.01,1.1676,0.0,0.0,0.0,202408,EmpireIA,366702697,366702697
1755607745,EURUSD,1,1,0.01,1.16748,-0.12,0.0,0.0,202408,[sl 1.16748],366702697,366702801
1755607793,EURUSD,0,0,0.01,1.1676,0.0,0.0,0.0,202408,EmpireIA,366703268,366703268
1755607840,BTCUSD,0,1,0.06,115301.22,5.11,0.0,0.0,202408,[tp 115301.22],366701135,366704114
1755607841,EURUSD,1,1,0.01,1.16772,0.12,0.0,0.0,202408,[tp 1.16772],366703268,366704165
1755607843,EURUSD,1,1,0.01,1.1678,0.18,0.0,0.0,202408,[tp 1.16780],366688066,366704300
1755607848,BTCUSD,1,0,0.06,115260.57,0.0,0.0,0.0,202408,EmpireIA,366704388,366704388
1755607853,EURUSD,0,0,0.01,1.16787,0.0,0.0,0.0,202408,EmpireIA,366704458,366704458
1755607912,EURUSD,0,0,0.01,1.1678600000000001,0.0,0.0,0.0,202408,EmpireIA,366705037,366705037
1755607957,BTCUSD,0,1,0.06,115329.74,-4.15,0.0,0.0,202408,[sl 115329.74],366704388,366705356
1755607968,BTCUSD,1,0,0.06,115310.51,0.0,0.0,0.0,202408,EmpireIA,366705438,366705438
1755607973,EURUSD,0,0,0.01,1.16795,0.0,0.0,0.0,202408,EmpireIA,366705473,366705473
1755608010,EURUSD,1,1,0.01,1.16785,0.14,0.0,0.0,202408,[tp 1.16785],366690783,366705675
1755608019,EURUSD,1,1,0.01,1.16794,0.3,0.0,0.0,202408,[tp 1.16794],366701198,366705786
1755608043,EURUSD,1,1,0.01,1.16798,0.12,0.0,0.0,202408,[tp 1.16798],366705037,366706445
1755608046,EURUSD,1,1,0.01,1.16801,0.14,0.0,0.0,202408,[tp 1.16801],366704458,366706496
1755608093,EURUSD,0,0,0.01,1.16814,0.0,0.0,0.0,202408,EmpireIA,366707807,366707807
1755608132,EURUSD,1,1,0.01,1.16807,0.12,0.0,0.0,202408,[tp 1.16807],366705473,366708304
1755608153,EURUSD,0,0,0.01,1.16821,0.0,0.0,0.0,202408,EmpireIA,366708454,366708454
1755608213,EURUSD,0,0,0.01,1.16822,0.0,0.0,0.0,202408,EmpireIA,366709050,366709050
1755608247,EURUSD,1,1,0.01,1.16794,-0.27,0.0,0.0,202408,[sl 1.16794],366708454,366709391
1755608247,EURUSD,1,1,0.01,1.16794,-0.28,0.0,0.0,202408,[sl 1.16794],366709050,366709392
1755608249,BTCUSD,0,1,0.06,115379.03,-4.11,0.0,0.0,202408,[sl 115379.03],366705438,366709414
1755608268,BTCUSD,1,0,0.08,115345.48,0.0,0.0,0.0,202408,EmpireIA,366709758,366709758
1755608273,EURUSD,0,0,0.01,1.16805,0.0,0.0,0.0,202408,EmpireIA,366709789,366709789
1755608299,EURUSD,1,1,0.01,1.16781,-0.33,0.0,0.0,202408,[sl 1.16781],366707807,366710136
1755608320,EURUSD,1,1,0.01,1.16776,-0.29,0.0,0.0,202408,[sl 1.16776],366709789,366710602
1755608333,EURUSD,0,0,0.01,1.16789,0.0,0.0,0.0,202408,EmpireIA,366710658,366710658
1755608393,EURUSD,0,0,0.01,1.16809,0.0,0.0,0.0,202408,EmpireIA,366711055,366711055
1755608455,EURUSD,1,1,0.01,1.16802,0.13,0.0,0.0,202408,[tp 1.16802],366710658,366712784
1755608455,EURUSD,0,0,0.01,1.16816,0.0,0.0,0.0,202408,EmpireIA,366712785,366712785
1755608514,EURUSD,0,0,0.01,1.16806,0.0,0.0,0.0,202408,EmpireIA,366713746,366713746
1755608573,EURUSD,0,0,0.01,1.16805,0.0,0.0,0.0,202408,EmpireIA,366714702,366714702
1755608635,EURUSD,0,0,0.01,1.16819,0.0,0.0,0.0,202408,EmpireIA,366715315,366715315
1755608695,EURUSD,0,0,0.01,1.16807,0.0,0.0,0.0,202408,EmpireIA,366716312,366716312
1755608701,BTCUSD,0,1,0.08,115397.8,-4.18,0.0,0.0,202408,[sl 115397.80],366709758,366716507
1755608748,BTCUSD,1,0,0.06,115433.53,0.0,0.0,0.0,202408,EmpireIA,366717718,366717718
1755608753,EURUSD,0,0,0.01,1.1682299999999999,0.0,0.0,0.0,202408,EmpireIA,366717753,366717753
1755608756,BTCUSD,0,1,0.06,115451.53,-1.08,0.0,0.0,202408,[sl 115451.53],366717718,366717768
1755608799,EURUSD,1,1,0.01,1.16822,0.13,0.0,0.0,202408,[tp 1.16822],366711055,366718286
1755608799,EURUSD,1,1,0.01,1.16822,0.16,0.0,0.0,202408,[tp 1.16822],366713746,366718288
1755608805,EURUSD,1,1,0.01,1.16825,0.2,0.0,0.0,202408,[tp 1.16825],366714702,366718831
1755608808,BTCUSD,1,0,0.07,115434.34,0.0,0.0,0.0,202408,EmpireIA,366719026,366719026
1755608810,BTCUSD,0,1,0.07,115452.38,-1.27,0.0,0.0,202408,[sl 115452.38],366719026,366719317
1755608813,EURUSD,0,0,0.01,1.16834,0.0,0.0,0.0,202408,EmpireIA,366719445,366719445
1755608868,BTCUSD,1,0,0.06,115486.76,0.0,0.0,0.0,202408,EmpireIA,366720858,366720858
1755608873,EURUSD,0,0,0.01,1.1683,0.0,0.0,0.0,202408,EmpireIA,366720908,366720908
1755608874,BTCUSD,0,1,0.06,115504.77,-1.08,0.0,0.0,202408,[sl 115504.77],366720858,366720990
1755608928,BTCUSD,1,0,0.06,115485.21,0.0,0.0,0.0,202408,EmpireIA,366722006,366722006
1755608930,BTCUSD,0,1,0.06,115503.24,-1.08,0.0,0.0,202408,[sl 115503.24],366722006,366722024
1755608933,EURUSD,0,0,0.01,1.1683,0.0,0.0,0.0,202408,EmpireIA,366722064,366722064
1755608982,EURUSD,1,1,0.01,1.168,-0.34,0.0,0.0,202408,[sl 1.16800],366719445,366723003
1755608988,BTCUSD,1,0,0.06,115440.43,0.0,0.0,0.0,202408,EmpireIA,366723052,366723052
1755608989,BTCUSD,0,1,0.06,115458.53,-1.08,0.0,0.0,202408,[sl 115458.53],366723052,366723054
1755608993,EURUSD,0,0,0.01,1.16811,0.0,0.0,0.0,202408,EmpireIA,366723093,366723093
1755609048,BTCUSD,1,0,0.06,115480.19,0.0,0.0,0.0,202408,EmpireIA,366724069,366724069
1755609049,BTCUSD,0,1,0.06,115498.23,-1.08,0.0,0.0,202408,[sl 115498.23],366724069,366724084
1755609053,EURUSD,0,0,0.01,1.16824,0.0,0.0,0.0,202408,EmpireIA,366724101,366724101
1755609108,BTCUSD,1,0,0.06,115486.02,0.0,0.0,0.0,202408,EmpireIA,366724493,366724493
1755609113,EURUSD,0,0,0.01,1.16817,0.0,0.0,0.0,202408,EmpireIA,366724540,366724540
1755609122,BTCUSD,0,1,0.06,115468.06,1.08,0.0,0.0,202408,[tp 115468.06],366724493,366724616
1755609168,BTCUSD,1,0,0.06,115408.66,0.0,0.0,0.0,202408,EmpireIA,366725435,366725435
1755609173,EURUSD,0,0,0.01,1.1683,0.0,0.0,0.0,202408,EmpireIA,366725496,366725496
1755609176,BTCUSD,0,1,0.06,115426.62,-1.08,0.0,0.0,202408,[sl 115426.62],366725435,366725519
1755609228,BTCUSD,1,0,0.08,115374.37,0.0,0.0,0.0,202408,EmpireIA,366726195,366726195
1755609233,EURUSD,0,0,0.01,1.16834,0.0,0.0,0.0,202408,EmpireIA,366726305,366726305
1755609269,BTCUSD,0,1,0.08,115426.36,-4.16,0.0,0.0,202408,[sl 115426.36],366726195,366727260
1755609288,BTCUSD,1,0,0.06,115424.17,0.0,0.0,0.0,202408,EmpireIA,366727871,366727871
1755609289,BTCUSD,0,1,0.06,115442.15,-1.08,0.0,0.0,202408,[sl 115442.15],366727871,366727897
1755609348,BTCUSD,1,0,0.06,115438.5,0.0,0.0,0.0,202408,EmpireIA,366728700,366728700
1755609348,BTCUSD,0,1,0.06,115456.61,-1.09,0.0,0.0,202408,[sl 115456.61],366728700,366728701
1755609353,EURUSD,0,0,0.01,1.16833,0.0,0.0,0.0,202408,EmpireIA,366728794,366728794
1755609406,EURUSD,1,1,0.01,1.16828,0.12,0.0,0.0,202408,[tp 1.16828],366712785,366730808
1755609406,EURUSD,1,1,0.01,1.16829,0.22,0.0,0.0,202408,[tp 1.16829],366716312,366730816
1755609408,BTCUSD,1,0,0.05,115407.43,0.0,0.0,0.0,202408,EmpireIA,366730911,366730911
1755609413,BTCUSD,0,1,0.05,115443.59,-1.81,0.0,0.0,202408,[sl 115443.59],366730911,366731200
1755609413,EURUSD,0,0,0.01,1.16843,0.0,0.0,0.0,202408,EmpireIA,366731201,366731201
1755609444,EURUSD,1,1,0.01,1.16831,0.2,0.0,0.0,202408,[tp 1.16831],366723093,366732300
1755609468,BTCUSD,1,0,0.05,115471.71,0.0,0.0,0.0,202408,EmpireIA,366732690,366732690
1755609468,BTCUSD,0,1,0.05,115489.68,-0.89,0.0,0.0,202408,[sl 115489.68],366732690,366732695
1755609473,EURUSD,0,0,0.01,1.16846,0.0,0.0,0.0,202408,EmpireIA,366732914,366732914
1755609492,EURUSD,1,1,0.01,1.16836,0.19,0.0,0.0,202408,[tp 1.16836],366724540,366733276
1755609493,EURUSD,1,1,0.01,1.16837,0.18,0.0,0.0,202408,[tp 1.16837],366715315,366733334
1755609529,BTCUSD,1,0,0.05,115507.05,0.0,0.0,0.0,202408,EmpireIA,366734020,366734020
1755609536,EURUSD,0,0,0.01,1.16844,0.0,0.0,0.0,202408,EmpireIA,366734617,366734617
1755609580,BTCUSD,0,1,0.05,115488.94,0.9,0.0,0.0,202408,[tp 115488.94],366734020,366735696
1755609582,EURUSD,1,1,0.01,1.16839,0.16,0.0,0.0,202408,[tp 1.16839],366717753,366735718
1755609589,BTCUSD,1,0,0.06,115464.89,0.0,0.0,0.0,202408,EmpireIA,366735842,366735842
1755609590,BTCUSD,0,1,0.06,115482.93,-1.09,0.0,0.0,202408,[sl 115482.93],366735842,366735850
1755609593,EURUSD,1,1,0.01,1.16844,0.2,0.0,0.0,202408,[tp 1.16844],366724101,366735909
1755609593,EURUSD,1,1,0.01,1.16846,0.16,0.0,0.0,202408,[tp 1.16846],366725496,366735911
1755609593,EURUSD,1,1,0.01,1.16848,0.15,0.0,0.0,202408,[tp 1.16848],366728794,366735923
1755609595,EURUSD,0,0,0.01,1.16862,0.0,0.0,0.0,202408,EmpireIA,366736016,366736016
1755609598,EURUSD,1,1,0.01,1.1685,0.2,0.0,0.0,202408,[tp 1.16850],366720908,366736461
1755609598,EURUSD,1,1,0.01,1.16849,0.19,0.0,0.0,202408,[tp 1.16849],366722064,366736462
1755609598,EURUSD,1,1,0.01,1.16851,0.17,0.0,0.0,202408,[tp 1.16851],366726305,366736464
1755609608,EURUSD,1,1,0.01,1.1685699999999999,0.14,0.0,0.0,202408,[tp 1.16857],366731201,366737047
1755609608,EURUSD,1,1,0.01,1.16858,0.12,0.0,0.0,202408,[tp 1.16858],366732914,366737048
1755609608,EURUSD,1,1,0.01,1.16859,0.15,0.0,0.0,202408,[tp 1.16859],366734617,366737049
1755609640,EURUSD,1,1,0.01,1.16876,0.14,0.0,0.0,202408,[tp 1.16876],366736016,366737489
1755609648,BTCUSD,1,0,0.06,115501.1,0.0,0.0,0.0,202408,EmpireIA,366737618,366737618
1755609653,EURUSD,0,0,0.01,1.16889,0.0,0.0,0.0,202408,EmpireIA,366737687,366737687
1755609697,BTCUSD,0,1,0.06,115519.19,-1.08,0.0,0.0,202408,[sl 115519.19],366737618,366738183
1755609708,BTCUSD,1,0,0.06,115516.99,0.0,0.0,0.0,202408,EmpireIA,366738236,366738236
1755609711,BTCUSD,0,1,0.06,115534.95,-1.08,0.0,0.0,202408,[sl 115534.95],366738236,366738256
1755609713,EURUSD,0,0,0.01,1.16878,0.0,0.0,0.0,202408,EmpireIA,366738278,366738278
1755609719,EURUSD,1,1,0.01,1.1685699999999999,-0.32,0.0,0.0,202408,[sl 1.16857],366737687,366738331
1755609768,BTCUSD,1,0,0.06,115498.24,0.0,0.0,0.0,202408,EmpireIA,366738920,366738920
1755609770,BTCUSD,0,1,0.06,115516.28,-1.09,0.0,0.0,202408,[sl 115516.28],366738920,366738933
1755609773,EURUSD,0,0,0.01,1.16882,0.0,0.0,0.0,202408,EmpireIA,366738967,366738967
1755609828,BTCUSD,1,0,0.06,115508.85,0.0,0.0,0.0,202408,EmpireIA,366739518,366739518
1755609833,EURUSD,0,0,0.01,1.16894,0.0,0.0,0.0,202408,EmpireIA,366739557,366739557
1755609835,BTCUSD,0,1,0.06,115526.9,-1.08,0.0,0.0,202408,[sl 115526.90],366739518,366739578
1755609839,EURUSD,1,1,0.01,1.16891,0.13,0.0,0.0,202408,[tp 1.16891],366738278,366739992
1755609888,BTCUSD,1,0,0.06,115515.52,0.0,0.0,0.0,202408,EmpireIA,366740790,366740790
1755609890,BTCUSD,0,1,0.06,115533.53,-1.08,0.0,0.0,202408,[sl 115533.53],366740790,366740795
1755609893,EURUSD,0,0,0.01,1.16898,0.0,0.0,0.0,202408,EmpireIA,366740812,366740812
1755609948,BTCUSD,1,0,0.06,115526.55,0.0,0.0,0.0,202408,EmpireIA,366741513,366741513
1755609950,EURUSD,1,1,0.01,1.16898,0.16,0.0,0.0,202408,[tp 1.16898],366738967,366741539
1755609954,EURUSD,0,0,0.01,1.16917,0.0,0.0,0.0,202408,EmpireIA,366741615,366741615
1755609957,BTCUSD,0,1,0.06,115544.6,-1.09,0.0,0.0,202408,[sl 115544.60],366741513,366741639
1755609964,EURUSD,1,1,0.01,1.1690800000000001,0.14,0.0,0.0,202408,[tp 1.16908],366739557,366741717
1755610008,BTCUSD,1,0,0.06,115515.18,0.0,0.0,0.0,202408,EmpireIA,366742734,366742734
1755610010,BTCUSD,0,1,0.06,115533.17,-1.08,0.0,0.0,202408,[sl 115533.17],366742734,366742825
1755610011,EURUSD,1,1,0.01,1.16913,0.15,0.0,0.0,202408,[tp 1.16913],366740812,366742847
1755610013,EURUSD,0,0,0.01,1.16926,0.0,0.0,0.0,202408,EmpireIA,366742883,366742883
1755610068,BTCUSD,1,0,0.06,115552.76,0.0,0.0,0.0,202408,EmpireIA,366743995,366743995
1755610069,BTCUSD,0,1,0.06,115570.87,-1.08,0.0,0.0,202408,[sl 115570.87],366743995,366744007
1755610073,EURUSD,0,0,0.01,1.16924,0.0,0.0,0.0,202408,EmpireIA,366744069,366744069
1755610128,BTCUSD,1,0,0.06,115537.52,0.0,0.0,0.0,202408,EmpireIA,366744726,366744726
1755610133,EURUSD,0,0,0.01,1.16917,0.0,0.0,0.0,202408,EmpireIA,366744747,366744747
1755610138,BTCUSD,0,1,0.06,115562.51,-1.5,0.0,0.0,202408,[sl 115562.51],366744726,366744770
1755610188,BTCUSD,1,0,0.06,115506.83,0.0,0.0,0.0,202408,EmpireIA,366745474,366745474
1755610189,BTCUSD,0,1,0.06,115524.9,-1.08,0.0,0.0,202408,[sl 115524.90],366745474,366745497
1755610193,EURUSD,0,0,0.01,1.16916,0.0,0.0,0.0,202408,EmpireIA,366745510,366745510
1755610248,BTCUSD,1,0,0.1,115447.8,0.0,0.0,0.0,202408,EmpireIA,366746139,366746139
1755610254,EURUSD,0,0,0.01,1.16909,0.0,0.0,0.0,202408,EmpireIA,366746174,366746174
1755610300,EURUSD,1,1,0.01,1.16892,-0.32,0.0,0.0,202408,[sl 1.16892],366744069,366746569
1755610311,EURUSD,1,1,0.01,1.16887,-0.39,0.0,0.0,202408,[sl 1.16887],366742883,366746660
1755610311,EURUSD,1,1,0.01,1.16885,-0.32,0.0,0.0,202408,[sl 1.16885],366744747,366746661
1755610311,EURUSD,1,1,0.01,1.16883,-0.33,0.0,0.0,202408,[sl 1.16883],366745510,366746662
1755610313,EURUSD,0,0,0.01,1.16894,0.0,0.0,0.0,202408,EmpireIA,366746701,366746701
1755610320,EURUSD,1,1,0.01,1.16878,-0.31,0.0,0.0,202408,[sl 1.16878],366746174,366746776
1755610320,EURUSD,1,1,0.01,1.16877,-0.4,0.0,0.0,202408,[sl 1.16877],366741615,366746778
1755610325,EURUSD,1,1,0.01,1.1687,-0.24,0.0,0.0,202408,[sl 1.16870],366746701,366746963
1755610366,BTCUSD,0,1,0.1,115398.71,4.91,0.0,0.0,202408,[tp 115398.71],366746139,366747227
1755610368,BTCUSD,1,0,0.08,115367.07,0.0,0.0,0.0,202408,EmpireIA,366747260,366747260
1755610373,EURUSD,0,0,0.01,1.16875,0.0,0.0,0.0,202408,EmpireIA,366747311,366747311
1755610374,EURUSD,1,1,0.01,1.16862,-0.13,0.0,0.0,202408,[sl 1.16862],366747311,366747315
1755610433,EURUSD,0,0,0.01,1.16878,0.0,0.0,0.0,202408,EmpireIA,366747952,366747952
1755610433,EURUSD,1,1,0.01,1.16865,-0.13,0.0,0.0,202408,[sl 1.16865],366747952,366747954
1755610497,EURUSD,0,0,0.01,1.16879,0.0,0.0,0.0,202408,EmpireIA,366748623,366748623
1755610500,EURUSD,1,1,0.01,1.16867,-0.12,0.0,0.0,202408,[sl 1.16867],366748623,366748655
1755610553,EURUSD,0,0,0.01,1.1687400000000001,0.0,0.0,0.0,202408,EmpireIA,366749066,366749066
1755610555,EURUSD,1,1,0.01,1.16862,-0.12,0.0,0.0,202408,[sl 1.16862],366749066,366749076
1755610569,BTCUSD,0,1,0.08,115434.52,-5.39,0.0,0.0,202408,[sl 115434.52],366747260,366749204
1755610608,BTCUSD,1,0,0.05,115425.75,0.0,0.0,0.0,202408,EmpireIA,366749686,366749686
1755610610,BTCUSD,0,1,0.05,115443.74,-0.9,0.0,0.0,202408,[sl 115443.74],366749686,366749710
1755610613,EURUSD,0,0,0.01,1.16871,0.0,0.0,0.0,202408,EmpireIA,366749736,366749736
1755610617,EURUSD,1,1,0.01,1.16859,-0.12,0.0,0.0,202408,[sl 1.16859],366749736,366749772
1755610668,BTCUSD,1,0,0.08,115447.98,0.0,0.0,0.0,202408,EmpireIA,366750374,366750374
1755610673,EURUSD,0,0,0.01,1.1688,0.0,0.0,0.0,202408,EmpireIA,366750407,366750407
1755610681,BTCUSD,0,1,0.08,115486.81,-3.1,0.0,0.0,202408,[sl 115486.81],366750374,366750496
1755610728,BTCUSD,1,0,0.05,115483.69,0.0,0.0,0.0,202408,EmpireIA,366750988,366750988
1755610728,BTCUSD,0,1,0.05,115501.7,-0.91,0.0,0.0,202408,[sl 115501.70],366750988,366750992
1755610734,EURUSD,0,0,0.01,1.16892,0.0,0.0,0.0,202408,EmpireIA,366751009,366751009
1755610788,BTCUSD,1,0,0.05,115506.91,0.0,0.0,0.0,202408,EmpireIA,366751354,366751354
1755610788,BTCUSD,0,1,0.05,115524.85,-0.89,0.0,0.0,202408,[sl 115524.85],366751354,366751356
1755610793,EURUSD,0,0,0.01,1.16882,0.0,0.0,0.0,202408,EmpireIA,366751378,366751378
1755610848,BTCUSD,1,0,0.05,115497.28,0.0,0.0,0.0,202408,EmpireIA,366751858,366751858
1755610848,BTCUSD,0,1,0.05,115515.29,-0.9,0.0,0.0,202408,[sl 115515.29],366751858,366751859
1755610848,EURUSD,1,1,0.01,1.16859,-0.33,0.0,0.0,202408,[sl 1.16859],366751009,366751860
1755610848,EURUSD,1,1,0.01,1.16859,-0.23,0.0,0.0,202408,[sl 1.16859],366751378,366751861
1755610851,EURUSD,1,1,0.01,1.16855,-0.25,0.0,0.0,202408,[sl 1.16855],366750407,366751875
1755610853,EURUSD,0,0,0.01,1.16867,0.0,0.0,0.0,202408,EmpireIA,366751891,366751891
1755610908,BTCUSD,1,0,0.05,115508.28,0.0,0.0,0.0,202408,EmpireIA,366752391,366752391
1755610912,BTCUSD,0,1,0.05,115490.19,0.9,0.0,0.0,202408,[tp 115490.19],366752391,366752418
1755610913,EURUSD,0,0,0.01,1.1687,0.0,0.0,0.0,202408,EmpireIA,366752427,366752427
1755610960,EURUSD,1,1,0.01,1.16838,-0.29,0.0,0.0,202408,[sl 1.16838],366751891,366753739
1755610968,BTCUSD,1,0,0.07,115468.28,0.0,0.0,0.0,202408,EmpireIA,366753933,366753933
1755610973,EURUSD,0,0,0.01,1.16855,0.0,0.0,0.0,202408,EmpireIA,366753999,366753999
1755611006,EURUSD,1,1,0.01,1.16834,-0.36,0.0,0.0,202408,[sl 1.16834],366752427,366754533
1755611033,EURUSD,0,0,0.01,1.16854,0.0,0.0,0.0,202408,EmpireIA,366754816,366754816
1755611093,EURUSD,0,0,0.01,1.16858,0.0,0.0,0.0,202408,EmpireIA,366755306,366755306
1755611153,EURUSD,0,0,0.01,1.16869,0.0,0.0,0.0,202408,EmpireIA,366756049,366756049
1755611160,EURUSD,1,1,0.01,1.1685699999999999,-0.12,0.0,0.0,202408,[sl 1.16857],366756049,366756167
1755611207,BTCUSD,0,1,0.07,115362.63,7.4,0.0,0.0,202408,[tp 115362.63],366753933,366757385
1755611208,BTCUSD,1,0,0.07,115340.18,0.0,0.0,0.0,202408,EmpireIA,366757401,366757401
1755611213,EURUSD,0,0,0.01,1.16858,0.0,0.0,0.0,202408,EmpireIA,366757466,366757466
1755611216,EURUSD,1,1,0.01,1.16846,-0.12,0.0,0.0,202408,[sl 1.16846],366757466,366757502
1755611273,EURUSD,0,0,0.01,1.16864,0.0,0.0,0.0,202408,EmpireIA,366758325,366758325
1755611279,EURUSD,1,1,0.01,1.16852,-0.12,0.0,0.0,202408,[sl 1.16852],366758325,366758412
1755611287,BTCUSD,0,1,0.07,115400.28,-4.21,0.0,0.0,202408,[sl 115400.28],366757401,366758526
1755611311,EURUSD,1,1,0.01,1.16868,0.14,0.0,0.0,202408,[tp 1.16868],366754816,366758774
1755611328,BTCUSD,1,0,0.07,115400.58,0.0,0.0,0.0,202408,EmpireIA,366758906,366758906
1755611334,EURUSD,0,0,0.01,1.16876,0.0,0.0,0.0,202408,EmpireIA,366758942,366758942
1755611398,EURUSD,0,0,0.01,1.1688,0.0,0.0,0.0,202408,EmpireIA,366759581,366759581
1755611412,EURUSD,1,1,0.01,1.16871,0.16,0.0,0.0,202408,[tp 1.16871],366753999,366759915
1755611413,EURUSD,1,1,0.01,1.16873,0.15,0.0,0.0,202408,[tp 1.16873],366755306,366759929
1755611452,EURUSD,0,0,0.01,1.16885,0.0,0.0,0.0,202408,EmpireIA,366760227,366760227
1755611513,EURUSD,0,0,0.01,1.16889,0.0,0.0,0.0,202408,EmpireIA,366760747,366760747
1755611573,EURUSD,0,0,0.01,1.1689,0.0,0.0,0.0,202408,EmpireIA,366761322,366761322
1755611633,EURUSD,0,0,0.01,1.16895,0.0,0.0,0.0,202408,EmpireIA,366761933,366761933
1755611677,EURUSD,1,1,0.01,1.16869,-0.26,0.0,0.0,202408,[sl 1.16869],366761933,366762277
1755611690,EURUSD,1,1,0.01,1.16863,-0.27,0.0,0.0,202408,[sl 1.16863],366761322,366762425
1755611693,EURUSD,0,0,0.01,1.1687400000000001,0.0,0.0,0.0,202408,EmpireIA,366762457,366762457
1755611695,EURUSD,1,1,0.01,1.16861,-0.24,0.0,0.0,202408,[sl 1.16861],366760227,366762465
1755611695,EURUSD,1,1,0.01,1.16861,-0.28,0.0,0.0,202408,[sl 1.16861],366760747,366762466
1755611713,EURUSD,1,1,0.01,1.16855,-0.19,0.0,0.0,202408,[sl 1.16855],366762457,366762742
1755611753,EURUSD,0,0,0.01,1.16876,0.0,0.0,0.0,202408,EmpireIA,366762986,366762986
1755611753,EURUSD,1,1,0.01,1.16863,-0.13,0.0,0.0,202408,[sl 1.16863],366762986,366762989
1755611813,EURUSD,0,0,0.01,1.1688,0.0,0.0,0.0,202408,EmpireIA,366763835,366763835
1755611873,EURUSD,0,0,0.01,1.16886,0.0,0.0,0.0,202408,EmpireIA,366764530,366764530
1755611932,EURUSD,0,0,0.01,1.16886,0.0,0.0,0.0,202408,EmpireIA,366765046,366765046
1755611993,EURUSD,0,0,0.01,1.16894,0.0,0.0,0.0,202408,EmpireIA,366765680,366765680
1755612013,BTCUSD,0,1,0.07,115445.77,-3.16,0.0,0.0,202408,[sl 115445.77],366758906,366766304
1755612048,BTCUSD,1,0,0.06,115471.49,0.0,0.0,0.0,202408,EmpireIA,366766904,366766904
1755612050,BTCUSD,0,1,0.06,115489.61,-1.09,0.0,0.0,202408,[sl 115489.61],366766904,366766911
1755612053,EURUSD,0,0,0.01,1.16895,0.0,0.0,0.0,202408,EmpireIA,366766956,366766956
1755612108,BTCUSD,1,0,0.06,115508.7,0.0,0.0,0.0,202408,EmpireIA,366767801,366767801
1755612113,EURUSD,0,0,0.01,1.16889,0.0,0.0,0.0,202408,EmpireIA,366767869,366767869
1755612115,BTCUSD,0,1,0.06,115526.73,-1.08,0.0,0.0,202408,[sl 115526.73],366767801,366767886
1755612117,EURUSD,1,1,0.01,1.16871,-0.24,0.0,0.0,202408,[sl 1.16871],366766956,366767906
1755612168,BTCUSD,1,0,0.06,115507.01,0.0,0.0,0.0,202408,EmpireIA,366768827,366768827
1755612168,BTCUSD,0,1,0.06,115525.1,-1.09,0.0,0.0,202408,[sl 115525.10],366768827,366768832
1755612173,EURUSD,0,0,0.01,1.16902,0.0,0.0,0.0,202408,EmpireIA,366768930,366768930
1755612185,EURUSD,1,1,0.01,1.16892,0.16,0.0,0.0,202408,[tp 1.16892],366758942,366769109
1755612185,EURUSD,1,1,0.01,1.16892,0.12,0.0,0.0,202408,[tp 1.16892],366759581,366769110
1755612185,EURUSD,1,1,0.01,1.16892,0.12,0.0,0.0,202408,[tp 1.16892],366763835,366769111
1755612185,EURUSD,1,1,0.01,1.169,0.14,0.0,0.0,202408,[tp 1.16900],366764530,366769144
1755612185,EURUSD,1,1,0.01,1.16899,0.13,0.0,0.0,202408,[tp 1.16899],366765046,366769145
1755612186,EURUSD,1,1,0.01,1.16903,0.14,0.0,0.0,202408,[tp 1.16903],366767869,366769163
1755612187,EURUSD,1,1,0.01,1.16906,0.12,0.0,0.0,202408,[tp 1.16906],366765680,366769194
1755612228,BTCUSD,1,0,0.06,115537.7,0.0,0.0,0.0,202408,EmpireIA,366770155,366770155
1755612233,EURUSD,0,0,0.01,1.16925,0.0,0.0,0.0,202408,EmpireIA,366770225,366770225
1755612235,BTCUSD,0,1,0.06,115555.65,-1.08,0.0,0.0,202408,[sl 115555.65],366770155,366770248
1755612236,EURUSD,1,1,0.01,1.16915,0.13,0.0,0.0,202408,[tp 1.16915],366768930,366770266
1755612289,BTCUSD,1,0,0.06,115507.24,0.0,0.0,0.0,202408,EmpireIA,366771017,366771017
1755612294,BTCUSD,0,1,0.06,115525.31,-1.09,0.0,0.0,202408,[sl 115525.31],366771017,366771107
1755612351,BTCUSD,1,0,0.07,115502.18,0.0,0.0,0.0,202408,EmpireIA,366771925,366771925
1755612355,BTCUSD,0,1,0.07,115520.18,-1.26,0.0,0.0,202408,[sl 115520.18],366771925,366771996
1755612356,EURUSD,0,0,0.01,1.16927,0.0,0.0,0.0,202408,EmpireIA,366772005,366772005
1755612408,BTCUSD,1,0,0.07,115532.41,0.0,0.0,0.0,202408,EmpireIA,366772430,366772430
1755612412,BTCUSD,0,1,0.07,115550.52,-1.27,0.0,0.0,202408,[sl 115550.52],366772430,366772449
1755612413,EURUSD,0,0,0.01,1.16928,0.0,0.0,0.0,202408,EmpireIA,366772456,366772456
1755612468,BTCUSD,1,0,0.07,115530.85,0.0,0.0,0.0,202408,EmpireIA,366772959,366772959
1755612468,BTCUSD,0,1,0.07,115548.97,-1.27,0.0,0.0,202408,[sl 115548.97],366772959,366772963
1755612473,EURUSD,0,0,0.01,1.16923,0.0,0.0,0.0,202408,EmpireIA,366772992,366772992
1755612528,BTCUSD,1,0,0.07,115544.32,0.0,0.0,0.0,202408,EmpireIA,366773744,366773744
1755612531,BTCUSD,0,1,0.07,115562.37,-1.27,0.0,0.0,202408,[sl 115562.37],366773744,366773774
1755612533,EURUSD,0,0,0.01,1.16923,0.0,0.0,0.0,202408,EmpireIA,366773798,366773798
1755612588,BTCUSD,1,0,0.07,115533.98,0.0,0.0,0.0,202408,EmpireIA,366774588,366774588
1755612591,BTCUSD,0,1,0.07,115551.99,-1.26,0.0,0.0,202408,[sl 115551.99],366774588,366774639
1755612592,EURUSD,1,1,0.01,1.16897,-0.28,0.0,0.0,202408,[sl 1.16897],366770225,366774643
1755612592,EURUSD,1,1,0.01,1.16898,-0.29,0.0,0.0,202408,[sl 1.16898],366772005,366774645
1755612592,EURUSD,1,1,0.01,1.169,-0.28,0.0,0.0,202408,[sl 1.16900],366772456,366774646
1755612592,EURUSD,1,1,0.01,1.16894,-0.29,0.0,0.0,202408,[sl 1.16894],366772992,366774647
1755612592,EURUSD,1,1,0.01,1.16903,-0.2,0.0,0.0,202408,[sl 1.16903],366773798,366774648
1755612593,EURUSD,0,0,0.01,1.16907,0.0,0.0,0.0,202408,EmpireIA,366774689,366774689
1755612593,EURUSD,1,1,0.01,1.16893,-0.14,0.0,0.0,202408,[sl 1.16893],366774689,366774690
1755612648,BTCUSD,1,0,0.07,115537.83,0.0,0.0,0.0,202408,EmpireIA,366775802,366775802
1755612649,BTCUSD,0,1,0.07,115555.94,-1.27,0.0,0.0,202408,[sl 115555.94],366775802,366775828
1755612653,EURUSD,0,0,0.01,1.1689,0.0,0.0,0.0,202408,EmpireIA,366775893,366775893
1755612654,EURUSD,1,1,0.01,1.16876,-0.14,0.0,0.0,202408,[sl 1.16876],366775893,366775902
1755612708,BTCUSD,1,0,0.06,115582.76,0.0,0.0,0.0,202408,EmpireIA,366776930,366776930
1755612713,EURUSD,0,0,0.01,1.16873,0.0,0.0,0.0,202408,EmpireIA,366776969,366776969
1755612719,EURUSD,1,1,0.01,1.1686,-0.13,0.0,0.0,202408,[sl 1.16860],366776969,366777048
1755612748,BTCUSD,0,1,0.06,115564.77,1.08,0.0,0.0,202408,[tp 115564.77],366776930,366777381
1755612768,BTCUSD,1,0,0.06,115533.58,0.0,0.0,0.0,202408,EmpireIA,366777612,366777612
1755612770,BTCUSD,0,1,0.06,115551.7,-1.09,0.0,0.0,202408,[sl 115551.70],366777612,366777631
1755612773,EURUSD,0,0,0.01,1.16875,0.0,0.0,0.0,202408,EmpireIA,366777663,366777663
1755612774,EURUSD,1,1,0.01,1.16863,-0.12,0.0,0.0,202408,[sl 1.16863],366777663,366777671
1755612828,BTCUSD,1,0,0.06,115551.32,0.0,0.0,0.0,202408,EmpireIA,366778291,366778291
1755612828,BTCUSD,0,1,0.06,115569.37,-1.08,0.0,0.0,202408,[sl 115569.37],366778291,366778293
1755612833,EURUSD,0,0,0.01,1.16895,0.0,0.0,0.0,202408,EmpireIA,366778328,366778328
1755612840,EURUSD,1,1,0.01,1.16883,-0.12,0.0,0.0,202408,[sl 1.16883],366778328,366778358
1755612888,BTCUSD,1,0,0.07,115586.17,0.0,0.0,0.0,202408,EmpireIA,366778794,366778794
1755612889,BTCUSD,0,1,0.07,115604.29,-1.27,0.0,0.0,202408,[sl 115604.29],366778794,366778800
1755612893,EURUSD,0,0,0.01,1.1689,0.0,0.0,0.0,202408,EmpireIA,366778837,366778837
1755612898,EURUSD,1,1,0.01,1.16878,-0.12,0.0,0.0,202408,[sl 1.16878],366778837,366778856
1755612948,BTCUSD,1,0,0.07,115572.27,0.0,0.0,0.0,202408,EmpireIA,366779449,366779449
1755612949,BTCUSD,0,1,0.07,115590.22,-1.26,0.0,0.0,202408,[sl 115590.22],366779449,366779455
1755612953,EURUSD,0,0,0.01,1.16887,0.0,0.0,0.0,202408,EmpireIA,366779494,366779494
1755612954,EURUSD,1,1,0.01,1.16875,-0.12,0.0,0.0,202408,[sl 1.16875],366779494,366779496
1755613008,BTCUSD,1,0,0.07,115572.51,0.0,0.0,0.0,202408,EmpireIA,366780095,366780095
1755613013,EURUSD,0,0,0.01,1.1688399999999999,0.0,0.0,0.0,202408,EmpireIA,366780421,366780421
1755613018,EURUSD,1,1,0.01,1.16871,-0.13,0.0,0.0,202408,[sl 1.16871],366780421,366780451
1755613073,EURUSD,0,0,0.01,1.1685699999999999,0.0,0.0,0.0,202408,EmpireIA,366781238,366781238
1755613101,BTCUSD,0,1,0.07,115590.51,-1.26,0.0,0.0,202408,[sl 115590.51],366780095,366781554
1755613128,BTCUSD,1,0,0.07,115593.06,0.0,0.0,0.0,202408,EmpireIA,366781870,366781870
1755613129,BTCUSD,0,1,0.07,115611.09,-1.27,0.0,0.0,202408,[sl 115611.09],366781870,366781873
1755613133,EURUSD,0,0,0.01,1.16871,0.0,0.0,0.0,202408,EmpireIA,366781900,366781900
1755613136,EURUSD,1,1,0.01,1.16859,-0.12,0.0,0.0,202408,[sl 1.16859],366781900,366781926
1755613190,BTCUSD,1,0,0.07,115587.15,0.0,0.0,0.0,202408,EmpireIA,366782628,366782628
1755613191,BTCUSD,0,1,0.07,115605.19,-1.26,0.0,0.0,202408,[sl 115605.19],366782628,366782637
1755613195,EURUSD,0,0,0.01,1.16883,0.0,0.0,0.0,202408,EmpireIA,366782672,366782672
1755613196,EURUSD,1,1,0.01,1.16877,0.2,0.0,0.0,202408,[tp 1.16877],366781238,366782686
1755613248,BTCUSD,1,0,0.07,115610.86,0.0,0.0,0.0,202408,EmpireIA,366783413,366783413
1755613265,EURUSD,0,0,0.01,1.16898,0.0,0.0,0.0,202408,EmpireIA,366783692,366783692
1755613310,EURUSD,1,1,0.01,1.16871,-0.12,0.0,0.0,202408,[sl 1.16871],366782672,366784315
1755613330,EURUSD,0,0,0.01,1.16885,0.0,0.0,0.0,202408,EmpireIA,366784655,366784655
1755613330,EURUSD,1,1,0.01,1.16873,-0.12,0.0,0.0,202408,[sl 1.16873],366784655,366784664
1755613366,EURUSD,1,1,0.01,1.16856,-0.42,0.0,0.0,202408,[sl 1.16856],366783692,366785091
1755613390,EURUSD,0,0,0.01,1.16866,0.0,0.0,0.0,202408,EmpireIA,366785571,366785571
1755613394,EURUSD,1,1,0.01,1.16854,-0.12,0.0,0.0,202408,[sl 1.16854],366785571,366785644
1755613450,EURUSD,0,0,0.01,1.16862,0.0,0.0,0.0,202408,EmpireIA,366786245,366786245
1755613500,EURUSD,1,1,0.01,1.1685,-0.12,0.0,0.0,202408,[sl 1.16850],366786245,366786667
1755613510,EURUSD,0,0,0.01,1.16867,0.0,0.0,0.0,202408,EmpireIA,366786848,366786848
1755613516,EURUSD,1,1,0.01,1.16854,-0.13,0.0,0.0,202408,[sl 1.16854],366786848,366786874
1755613570,EURUSD,0,0,0.01,1.16848,0.0,0.0,0.0,202408,EmpireIA,366787301,366787301
1755613577,EURUSD,1,1,0.01,1.16836,-0.12,0.0,0.0,202408,[sl 1.16836],366787301,366787327
1755613621,BTCUSD,0,1,0.07,115647.0,-2.5300000000000002,0.0,0.0,202408,[sl 115647.00],366783413,366787837
1755613630,EURUSD,0,0,0.01,1.16853,0.0,0.0,0.0,202408,EmpireIA,366788048,366788048
1755613631,EURUSD,1,1,0.01,1.16841,-0.12,0.0,0.0,202408,[sl 1.16841],366788048,366788053
1755613677,BTCUSD,1,0,0.08,115607.33,0.0,0.0,0.0,202408,EmpireIA,366788917,366788917
1755613691,EURUSD,0,0,0.01,1.16844,0.0,0.0,0.0,202408,EmpireIA,366789089,366789089
1755613737,BTCUSD,0,1,0.08,115589.36,1.44,0.0,0.0,202408,[tp 115589.36],366788917,366789379
1755613750,EURUSD,0,0,0.01,1.16837,0.0,0.0,0.0,202408,EmpireIA,366789655,366789655
1755613754,EURUSD,1,1,0.01,1.16824,-0.13,0.0,0.0,202408,[sl 1.16824],366789655,366789773
1755613796,BTCUSD,1,0,0.13,115564.71,0.0,0.0,0.0,202408,EmpireIA,366790889,366790889
1755613821,EURUSD,0,0,0.01,1.16829,0.0,0.0,0.0,202408,EmpireIA,366791591,366791591
1755613825,EURUSD,1,1,0.01,1.16817,-0.12,0.0,0.0,202408,[sl 1.16817],366791591,366791619
1755613915,BTCUSD,0,1,0.13,115597.96,-4.32,0.0,0.0,202408,[sl 115597.96],366790889,366792655
1755613918,BTCUSD,1,0,0.14,115585.1,0.0,0.0,0.0,202408,EmpireIA,366792689,366792689
1755613919,BTCUSD,0,1,0.14,115603.2,-2.54,0.0,0.0,202408,[sl 115603.20],366792689,366792692
1755613934,EURUSD,0,0,0.01,1.16822,0.0,0.0,0.0,202408,EmpireIA,366792936,366792936
1755613935,EURUSD,1,1,0.01,1.1681,-0.12,0.0,0.0,202408,[sl 1.16810],366792936,366792939
1755613966,EURUSD,1,1,0.01,1.16805,-0.39,0.0,0.0,202408,[sl 1.16805],366789089,366793473
1755613977,BTCUSD,1,0,0.08,115571.99,0.0,0.0,0.0,202408,EmpireIA,366793743,366793743
1755613990,EURUSD,0,0,0.01,1.16817,0.0,0.0,0.0,202408,EmpireIA,366793916,366793916
1755614050,EURUSD,0,0,0.01,1.16811,0.0,0.0,0.0,202408,EmpireIA,366794692,366794692
1755614112,EURUSD,0,0,0.01,1.16811,0.0,0.0,0.0,202408,EmpireIA,366795527,366795527
1755614162,BTCUSD,0,1,0.08,115532.88,3.13,0.0,0.0,202408,[tp 115532.88],366793743,366795957
1755614174,EURUSD,0,0,0.01,1.16822,0.0,0.0,0.0,202408,EmpireIA,366796200,366796200
1755614217,BTCUSD,1,0,0.08,115510.74,0.0,0.0,0.0,202408,EmpireIA,366796558,366796558
1755614218,BTCUSD,0,1,0.08,115528.82,-1.45,0.0,0.0,202408,[sl 115528.82],366796558,366796567
1755614231,EURUSD,0,0,0.01,1.16822,0.0,0.0,0.0,202408,EmpireIA,366796711,366796711
1755614277,BTCUSD,1,0,0.08,115507.13,0.0,0.0,0.0,202408,EmpireIA,366797167,366797167
1755614278,BTCUSD,0,1,0.08,115525.07,-1.44,0.0,0.0,202408,[sl 115525.07],366797167,366797177
1755614291,EURUSD,0,0,0.01,1.16827,0.0,0.0,0.0,202408,EmpireIA,366797286,366797286
1755614322,EURUSD,1,1,0.01,1.1682299999999999,0.12,0.0,0.0,202408,[tp 1.16823],366794692,366797515
1755614322,EURUSD,1,1,0.01,1.1682299999999999,0.12,0.0,0.0,202408,[tp 1.16823],366795527,366797516
1755614337,BTCUSD,1,0,0.08,115489.35,0.0,0.0,0.0,202408,EmpireIA,366797890,366797890
1755614351,EURUSD,0,0,0.01,1.16839,0.0,0.0,0.0,202408,EmpireIA,366798087,366798087
1755614351,EURUSD,1,1,0.01,1.16827,-0.12,0.0,0.0,202408,[sl 1.16827],366798087,366798095
1755614355,EURUSD,1,1,0.01,1.1683,0.13,0.0,0.0,202408,[tp 1.16830],366793916,366798144
1755614410,EURUSD,0,0,0.01,1.16831,0.0,0.0,0.0,202408,EmpireIA,366798820,366798820
1755614418,EURUSD,1,1,0.01,1.16819,-0.12,0.0,0.0,202408,[sl 1.16819],366798820,366799033
1755614470,EURUSD,0,0,0.01,1.16832,0.0,0.0,0.0,202408,EmpireIA,366801125,366801125
1755614470,EURUSD,1,1,0.01,1.1682,-0.12,0.0,0.0,202408,[sl 1.16820],366801125,366801126
1755614514,BTCUSD,0,1,0.08,115524.9,-2.84,0.0,0.0,202408,[sl 115524.90],366797890,366802268
1755614516,BTCUSD,1,0,0.08,115520.26,0.0,0.0,0.0,202408,EmpireIA,366802322,366802322
1755614520,BTCUSD,0,1,0.08,115542.71,-1.8,0.0,0.0,202408,[sl 115542.71],366802322,366802414
1755614530,EURUSD,0,0,0.01,1.16825,0.0,0.0,0.0,202408,EmpireIA,366802621,366802621
1755614531,EURUSD,1,1,0.01,1.1681300000000001,-0.12,0.0,0.0,202408,[sl 1.16813],366802621,366802627
1755614576,BTCUSD,1,0,0.15,115539.41,0.0,0.0,0.0,202408,EmpireIA,366804411,366804411
1755614590,EURUSD,0,0,0.01,1.16829,0.0,0.0,0.0,202408,EmpireIA,366804716,366804716
1755614590,EURUSD,1,1,0.01,1.16817,-0.12,0.0,0.0,202408,[sl 1.16817],366804716,366804721
1755614651,EURUSD,0,0,0.01,1.16832,0.0,0.0,0.0,202408,EmpireIA,366805643,366805643
1755614658,EURUSD,1,1,0.01,1.1682,-0.12,0.0,0.0,202408,[sl 1.16820],366805643,366805742
1755614711,EURUSD,0,0,0.01,1.16831,0.0,0.0,0.0,202408,EmpireIA,366806762,366806762
1755614713,EURUSD,1,1,0.01,1.16817,-0.14,0.0,0.0,202408,[sl 1.16817],366806762,366806796
1755614770,EURUSD,0,0,0.01,1.16832,0.0,0.0,0.0,202408,EmpireIA,366808036,366808036
1755614782,EURUSD,1,1,0.01,1.16818,-0.14,0.0,0.0,202408,[sl 1.16818],366808036,366808217
1755614832,EURUSD,0,0,0.01,1.16834,0.0,0.0,0.0,202408,EmpireIA,366808691,366808691
1755614832,EURUSD,1,1,0.01,1.16822,-0.12,0.0,0.0,202408,[sl 1.16822],366808691,366808693
1755614847,BTCUSD,0,1,0.15,115557.54,-2.7199999999999998,0.0,0.0,202408,[sl 115557.54],366804411,366809110
1755614876,BTCUSD,1,0,0.07,115560.9,0.0,0.0,0.0,202408,EmpireIA,366809615,366809615
1755614881,BTCUSD,0,1,0.07,115578.98,-1.27,0.0,0.0,202408,[sl 115578.98],366809615,366809679
1755614890,EURUSD,0,0,0.01,1.16842,0.0,0.0,0.0,202408,EmpireIA,366809760,366809760
1755614902,EURUSD,1,1,0.01,1.16834,0.12,0.0,0.0,202408,[tp 1.16834],366796200,366810010
1755614902,EURUSD,1,1,0.01,1.16834,0.12,0.0,0.0,202408,[tp 1.16834],366796711,366810011
1755614905,EURUSD,1,1,0.01,1.1684,0.13,0.0,0.0,202408,[tp 1.16840],366797286,366810101
1755614937,BTCUSD,1,0,0.07,115581.62,0.0,0.0,0.0,202408,EmpireIA,366810740,366810740
1755614939,BTCUSD,0,1,0.07,115599.67,-1.27,0.0,0.0,202408,[sl 115599.67],366810740,366810764
1755614951,EURUSD,0,0,0.01,1.16848,0.0,0.0,0.0,202408,EmpireIA,366810950,366810950
1755614998,BTCUSD,1,0,0.07,115573.62,0.0,0.0,0.0,202408,EmpireIA,366811457,366811457
1755615000,BTCUSD,0,1,0.07,115591.7,-1.27,0.0,0.0,202408,[sl 115591.70],366811457,366811484
1755615012,EURUSD,0,0,0.01,1.16864,0.0,0.0,0.0,202408,EmpireIA,366811837,366811837
1755615032,EURUSD,1,1,0.01,1.16831,-0.33,0.0,0.0,202408,[sl 1.16831],366811837,366812374
1755615059,BTCUSD,1,0,0.07,115551.47,0.0,0.0,0.0,202408,EmpireIA,366812801,366812801
1755615059,BTCUSD,0,1,0.07,115569.58,-1.27,0.0,0.0,202408,[sl 115569.58],366812801,366812803
1755615073,EURUSD,0,0,0.01,1.16853,0.0,0.0,0.0,202408,EmpireIA,366812988,366812988
1755615117,BTCUSD,1,0,0.07,115567.4,0.0,0.0,0.0,202408,EmpireIA,366814191,366814191
1755615118,BTCUSD,0,1,0.07,115585.44,-1.26,0.0,0.0,202408,[sl 115585.44],366814191,366814199
1755615131,EURUSD,0,0,0.01,1.1686,0.0,0.0,0.0,202408,EmpireIA,366814417,366814417
1755615176,BTCUSD,1,0,0.07,115567.37,0.0,0.0,0.0,202408,EmpireIA,366815101,366815101
1755615177,BTCUSD,0,1,0.07,115585.47,-1.26,0.0,0.0,202408,[sl 115585.47],366815101,366815105
1755615190,EURUSD,0,0,0.01,1.1685699999999999,0.0,0.0,0.0,202408,EmpireIA,366815277,366815277
1755615237,BTCUSD,1,0,0.07,115550.63,0.0,0.0,0.0,202408,EmpireIA,366815918,366815918
1755615241,BTCUSD,0,1,0.07,115568.61,-1.26,0.0,0.0,202408,[sl 115568.61],366815918,366816031
1755615251,EURUSD,0,0,0.01,1.16848,0.0,0.0,0.0,202408,EmpireIA,366816336,366816336
1755615296,BTCUSD,1,0,0.07,115543.46,0.0,0.0,0.0,202408,EmpireIA,366817039,366817039
1755615298,BTCUSD,0,1,0.07,115561.45,-1.26,0.0,0.0,202408,[sl 115561.45],366817039,366817047
1755615311,EURUSD,0,0,0.01,1.16853,0.0,0.0,0.0,202408,EmpireIA,366817273,366817273
1755615334,EURUSD,1,1,0.01,1.16831,-0.29,0.0,0.0,202408,[sl 1.16831],366814417,366817486
1755615334,EURUSD,1,1,0.01,1.16829,-0.28,0.0,0.0,202408,[sl 1.16829],366815277,366817487
1755615350,EURUSD,1,1,0.01,1.16825,-0.23,0.0,0.0,202408,[sl 1.16825],366810950,366817751
1755615350,EURUSD,1,1,0.01,1.16824,-0.29,0.0,0.0,202408,[sl 1.16824],366817273,366817753
1755615357,BTCUSD,1,0,0.13,115506.51,0.0,0.0,0.0,202408,EmpireIA,366817792,366817792
1755615371,EURUSD,0,0,0.01,1.16843,0.0,0.0,0.0,202408,EmpireIA,366817960,366817960
1755615372,EURUSD,1,1,0.01,1.1683,-0.13,0.0,0.0,202408,[sl 1.16830],366817960,366817977
1755615389,BTCUSD,0,1,0.13,115558.0,-6.6899999999999995,0.0,0.0,202408,[sl 115558.00],366817792,366818090
1755615400,EURUSD,1,1,0.01,1.16854,0.12,0.0,0.0,202408,[tp 1.16854],366809760,366818173
1755615417,BTCUSD,1,0,0.07,115536.33,0.0,0.0,0.0,202408,EmpireIA,366818282,366818282
1755615426,BTCUSD,0,1,0.07,115554.37,-1.27,0.0,0.0,202408,[sl 115554.37],366818282,366818385
1755615430,EURUSD,0,0,0.01,1.16865,0.0,0.0,0.0,202408,EmpireIA,366818448,366818448
1755615477,BTCUSD,1,0,0.14,115530.19,0.0,0.0,0.0,202408,EmpireIA,366818925,366818925
1755615490,EURUSD,0,0,0.01,1.16861,0.0,0.0,0.0,202408,EmpireIA,366819043,366819043
1755615550,EURUSD,0,0,0.01,1.16868,0.0,0.0,0.0,202408,EmpireIA,366819539,366819539
1755615617,EURUSD,0,0,0.01,1.1686,0.0,0.0,0.0,202408,EmpireIA,366820873,366820873
1755615668,BTCUSD,0,1,0.14,115482.32,6.71,0.0,0.0,202408,[tp 115482.32],366818925,366821506
1755615676,EURUSD,0,0,0.01,1.16855,0.0,0.0,0.0,202408,EmpireIA,366821566,366821566
1755615724,BTCUSD,1,0,0.15,115482.28,0.0,0.0,0.0,202408,EmpireIA,366822005,366822005
1755615740,EURUSD,0,0,0.01,1.16859,0.0,0.0,0.0,202408,EmpireIA,366822278,366822278
1755615751,EURUSD,1,1,0.01,1.16834,-0.26,0.0,0.0,202408,[sl 1.16834],366820873,366822431
1755615763,EURUSD,1,1,0.01,1.16832,-0.33,0.0,0.0,202408,[sl 1.16832],366818448,366822529
1755615763,EURUSD,1,1,0.01,1.16827,-0.34,0.0,0.0,202408,[sl 1.16827],366819043,366822530
1755615763,EURUSD,1,1,0.01,1.16832,-0.36,0.0,0.0,202408,[sl 1.16832],366819539,366822531
1755615763,EURUSD,1,1,0.01,1.16828,-0.31,0.0,0.0,202408,[sl 1.16828],366822278,366822532
1755615790,EURUSD,0,0,0.01,1.16838,0.0,0.0,0.0,202408,EmpireIA,366822774,366822774
1755615852,EURUSD,0,0,0.01,1.16837,0.0,0.0,0.0,202408,EmpireIA,366823992,366823992
1755615853,EURUSD,1,1,0.01,1.16825,-0.12,0.0,0.0,202408,[sl 1.16825],366823992,366824006
1755615855,EURUSD,1,1,0.01,1.16819,-0.29,0.0,0.0,202408,[sl 1.16819],366816336,366824017
1755615855,EURUSD,1,1,0.01,1.16818,-0.37,0.0,0.0,202408,[sl 1.16818],366821566,366824018
1755615855,EURUSD,1,1,0.01,1.16824,-0.14,0.0,0.0,202408,[sl 1.16824],366822774,366824019
1755615903,EURUSD,0,0,0.01,1.16836,0.0,0.0,0.0,202408,EmpireIA,366824617,366824617
1755615904,EURUSD,1,1,0.01,1.16822,-0.14,0.0,0.0,202408,[sl 1.16822],366824617,366824620
1755615908,EURUSD,1,1,0.01,1.16812,-0.41,0.0,0.0,202408,[sl 1.16812],366812988,366824858
1755615953,EURUSD,0,0,0.01,1.16802,0.0,0.0,0.0,202408,EmpireIA,366826598,366826598
1755615957,EURUSD,1,1,0.01,1.16788,-0.14,0.0,0.0,202408,[sl 1.16788],366826598,366826690
1755615995,BTCUSD,0,1,0.15,115430.14,7.82,0.0,0.0,202408,[tp 115430.14],366822005,366827464
1755616011,BTCUSD,1,0,0.07,115410.28,0.0,0.0,0.0,202408,EmpireIA,366827759,366827759
1755616015,BTCUSD,0,1,0.07,115428.24,-1.26,0.0,0.0,202408,[sl 115428.24],366827759,366827794
1755616019,EURUSD,0,0,0.01,1.16808,0.0,0.0,0.0,202408,EmpireIA,366827820,366827820
1755616068,BTCUSD,1,0,0.12,115429.16,0.0,0.0,0.0,202408,EmpireIA,366828546,366828546
1755616077,BTCUSD,0,1,0.12,115463.9,-4.17,0.0,0.0,202408,[sl 115463.90],366828546,366828674
1755616128,BTCUSD,1,0,0.12,115460.89,0.0,0.0,0.0,202408,EmpireIA,366829869,366829869
1755616134,EURUSD,0,0,0.01,1.16829,0.0,0.0,0.0,202408,EmpireIA,366829929,366829929
1755616183,EURUSD,1,1,0.01,1.16817,-0.12,0.0,0.0,202408,[sl 1.16817],366829929,366830660
1755616193,EURUSD,0,0,0.01,1.16822,0.0,0.0,0.0,202408,EmpireIA,366830800,366830800
1755616193,EURUSD,1,1,0.01,1.16809,-0.13,0.0,0.0,202408,[sl 1.16809],366830800,366830802
1755616253,EURUSD,0,0,0.01,1.16843,0.0,0.0,0.0,202408,EmpireIA,366831853,366831853
1755616257,BTCUSD,0,1,0.12,115512.03,-6.13,0.0,0.0,202408,[sl 115512.03],366829869,366831923
1755616308,BTCUSD,1,0,0.07,115535.04,0.0,0.0,0.0,202408,EmpireIA,366832600,366832600
1755616314,BTCUSD,0,1,0.07,115553.07,-1.26,0.0,0.0,202408,[sl 115553.07],366832600,366832654
1755616314,EURUSD,0,0,0.01,1.16846,0.0,0.0,0.0,202408,EmpireIA,366832656,366832656
1755616368,BTCUSD,1,0,0.07,115561.95,0.0,0.0,0.0,202408,EmpireIA,366833969,366833969
1755616370,BTCUSD,0,1,0.07,115579.98,-1.26,0.0,0.0,202408,[sl 115579.98],366833969,366834031
1755616374,EURUSD,0,0,0.01,1.16842,0.0,0.0,0.0,202408,EmpireIA,366834102,366834102
1755616428,BTCUSD,1,0,0.06,115583.22,0.0,0.0,0.0,202408,EmpireIA,366834727,366834727
1755616431,EURUSD,1,1,0.01,1.16843,0.35,0.0,0.0,202408,[tp 1.16843],366827820,366834741
1755616432,BTCUSD,0,1,0.06,115601.18,-1.08,0.0,0.0,202408,[sl 115601.18],366834727,366834749
1755616433,EURUSD,0,0,0.01,1.16854,0.0,0.0,0.0,202408,EmpireIA,366834758,366834758
1755616488,BTCUSD,1,0,0.07,115572.55,0.0,0.0,0.0,202408,EmpireIA,366835530,366835530
1755616495,EURUSD,0,0,0.01,1.16859,0.0,0.0,0.0,202408,EmpireIA,366835608,366835608
1755616500,BTCUSD,0,1,0.07,115590.63,-1.26,0.0,0.0,202408,[sl 115590.63],366835530,366836076
1755616548,BTCUSD,1,0,0.07,115609.26,0.0,0.0,0.0,202408,EmpireIA,366837567,366837567
1755616552,EURUSD,1,1,0.01,1.16863,0.2,0.0,0.0,202408,[tp 1.16863],366831853,366837598
1755616552,EURUSD,1,1,0.01,1.16867,0.21,0.0,0.0,202408,[tp 1.16867],366832656,366837599
1755616552,EURUSD,1,1,0.01,1.16864,0.22,0.0,0.0,202408,[tp 1.16864],366834102,366837600
1755616561,EURUSD,0,0,0.01,1.16875,0.0,0.0,0.0,202408,EmpireIA,366838018,366838018
1755616590,EURUSD,1,1,0.01,1.16845,-0.3,0.0,0.0,202408,[sl 1.16845],366838018,366838866
1755616596,BTCUSD,0,1,0.07,115571.14,2.67,0.0,0.0,202408,[tp 115571.14],366837567,366838906
1755616608,BTCUSD,1,0,0.06,115543.72,0.0,0.0,0.0,202408,EmpireIA,366839075,366839075
1755616615,BTCUSD,0,1,0.06,115561.76,-1.09,0.0,0.0,202408,[sl 115561.76],366839075,366839282
1755616669,BTCUSD,1,0,0.06,115552.83,0.0,0.0,0.0,202408,EmpireIA,366840055,366840055
1755616674,EURUSD,0,0,0.01,1.16864,0.0,0.0,0.0,202408,EmpireIA,366840108,366840108
1755616690,BTCUSD,0,1,0.06,115585.71,-1.97,0.0,0.0,202408,[sl 115585.71],366840055,366840407
1755616728,BTCUSD,1,0,0.05,115554.01,0.0,0.0,0.0,202408,EmpireIA,366840832,366840832
1755616733,EURUSD,0,0,0.01,1.16866,0.0,0.0,0.0,202408,EmpireIA,366840892,366840892
1755616775,EURUSD,1,1,0.01,1.16873,0.19,0.0,0.0,202408,[tp 1.16873],366834758,366841677
1755616795,EURUSD,0,0,0.01,1.16879,0.0,0.0,0.0,202408,EmpireIA,366842548,366842548
1755616832,EURUSD,1,1,0.01,1.16844,-0.35,0.0,0.0,202408,[sl 1.16844],366842548,366844066
1755616853,EURUSD,0,0,0.01,1.1685699999999999,0.0,0.0,0.0,202408,EmpireIA,366844637,366844637
1755616916,EURUSD,0,0,0.01,1.1685699999999999,0.0,0.0,0.0,202408,EmpireIA,366846063,366846063
1755616930,EURUSD,1,1,0.01,1.16833,-0.33,0.0,0.0,202408,[sl 1.16833],366840892,366846390
1755616932,EURUSD,1,1,0.01,1.16825,-0.39,0.0,0.0,202408,[sl 1.16825],366840108,366846433
1755616933,EURUSD,1,1,0.01,1.1682299999999999,-0.36,0.0,0.0,202408,[sl 1.16823],366835608,366846447
1755616933,EURUSD,1,1,0.01,1.1682299999999999,-0.34,0.0,0.0,202408,[sl 1.16823],366844637,366846448
1755616943,BTCUSD,0,1,0.05,115518.63,1.77,0.0,0.0,202408,[tp 115518.63],366840832,366846973
1755616967,EURUSD,1,1,0.01,1.16821,-0.36,0.0,0.0,202408,[sl 1.16821],366846063,366847287
1755616971,BTCUSD,1,0,0.09,115484.9,0.0,0.0,0.0,202408,EmpireIA,366847527,366847527
1755616976,EURUSD,0,0,0.01,1.16822,0.0,0.0,0.0,202408,EmpireIA,366847670,366847670
1755616981,EURUSD,1,1,0.01,1.16808,-0.14,0.0,0.0,202408,[sl 1.16808],366847670,366847823
1755617033,EURUSD,0,0,0.01,1.1682,0.0,0.0,0.0,202408,EmpireIA,366849006,366849006
1755617040,EURUSD,1,1,0.01,1.16807,-0.13,0.0,0.0,202408,[sl 1.16807],366849006,366849291
1755617091,BTCUSD,0,1,0.09,115532.79,-4.31,0.0,0.0,202408,[sl 115532.79],366847527,366850994
1755617148,BTCUSD,1,0,0.09,115472.98,0.0,0.0,0.0,202408,EmpireIA,366852146,366852146
1755617154,EURUSD,0,0,0.01,1.16827,0.0,0.0,0.0,202408,EmpireIA,366852194,366852194
1755617157,EURUSD,1,1,0.01,1.16815,-0.12,0.0,0.0,202408,[sl 1.16815],366852194,366852208
1755617172,BTCUSD,0,1,0.09,115519.59,-4.19,0.0,0.0,202408,[sl 115519.59],366852146,366852378
1755617208,BTCUSD,1,0,0.13,115501.8,0.0,0.0,0.0,202408,EmpireIA,366852659,366852659
1755617213,EURUSD,0,0,0.01,1.16837,0.0,0.0,0.0,202408,EmpireIA,366852720,366852720
1755617260,BTCUSD,0,1,0.13,115545.62,-5.7,0.0,0.0,202408,[sl 115545.62],366852659,366853290
1755617268,BTCUSD,1,0,0.06,115546.69,0.0,0.0,0.0,202408,EmpireIA,366853375,366853375
1755617270,BTCUSD,0,1,0.06,115564.76,-1.09,0.0,0.0,202408,[sl 115564.76],366853375,366853404
1755617273,EURUSD,0,0,0.01,1.16848,0.0,0.0,0.0,202408,EmpireIA,366853439,366853439
1755617286,EURUSD,1,1,0.01,1.16825,-0.12,0.0,0.0,202408,[sl 1.16825],366852720,366853701
1755617322,EURUSD,1,1,0.01,1.16816,-0.32,0.0,0.0,202408,[sl 1.16816],366853439,366854046
1755617328,BTCUSD,1,0,0.08,115503.25,0.0,0.0,0.0,202408,EmpireIA,366854091,366854091
1755617333,EURUSD,0,0,0.01,1.16827,0.0,0.0,0.0,202408,EmpireIA,366854114,366854114
1755617337,EURUSD,1,1,0.01,1.1681300000000001,-0.14,0.0,0.0,202408,[sl 1.16813],366854114,366854164
1755617393,EURUSD,0,0,0.01,1.16819,0.0,0.0,0.0,202408,EmpireIA,366854835,366854835
1755617394,EURUSD,1,1,0.01,1.16805,-0.14,0.0,0.0,202408,[sl 1.16805],366854835,366854840
1755617496,BTCUSD,0,1,0.08,115428.39,5.99,0.0,0.0,202408,[tp 115428.39],366854091,366857112
1755617568,BTCUSD,1,0,0.09,115432.93,0.0,0.0,0.0,202408,EmpireIA,366858327,366858327
1755617586,EURUSD,0,0,0.01,1.16745,0.0,0.0,0.0,202408,EmpireIA,366859005,366859005
1755617637,EURUSD,0,0,0.01,1.16754,0.0,0.0,0.0,202408,EmpireIA,366860933,366860933
1755617755,EURUSD,0,0,0.01,1.16769,0.0,0.0,0.0,202408,EmpireIA,366863584,366863584
1755617813,EURUSD,0,0,0.01,1.16776,0.0,0.0,0.0,202408,EmpireIA,366864623,366864623
1755617832,EURUSD,1,1,0.01,1.1676199999999999,-0.14,0.0,0.0,202408,[sl 1.16762],366864623,366865028
1755617867,BTCUSD,0,1,0.09,115473.59,-3.66,0.0,0.0,202408,[sl 115473.59],366858327,366865419
1755617870,BTCUSD,1,0,0.09,115463.75,0.0,0.0,0.0,202408,EmpireIA,366865447,366865447
1755617875,EURUSD,0,0,0.01,1.16773,0.0,0.0,0.0,202408,EmpireIA,366865524,366865524
1755617880,EURUSD,1,1,0.01,1.1676,-0.13,0.0,0.0,202408,[sl 1.16760],366865524,366865747
1755617903,BTCUSD,0,1,0.09,115497.36,-3.02,0.0,0.0,202408,[sl 115497.36],366865447,366866095
1755617928,BTCUSD,1,0,0.06,115486.12,0.0,0.0,0.0,202408,EmpireIA,366866328,366866328
1755617931,BTCUSD,0,1,0.06,115504.12,-1.08,0.0,0.0,202408,[sl 115504.12],366866328,366866365
1755617933,EURUSD,0,0,0.01,1.16771,0.0,0.0,0.0,202408,EmpireIA,366866414,366866414
1755617936,EURUSD,1,1,0.01,1.16759,-0.12,0.0,0.0,202408,[sl 1.16759],366866414,366866547
1755617968,EURUSD,1,1,0.01,1.16777,0.23,0.0,0.0,202408,[tp 1.16777],366860933,366867206
1755617976,EURUSD,1,1,0.01,1.16782,0.37,0.0,0.0,202408,[tp 1.16782],366859005,366867307
1755617988,BTCUSD,1,0,0.06,115510.14,0.0,0.0,0.0,202408,EmpireIA,366867464,366867464
1755617988,BTCUSD,0,1,0.06,115528.14,-1.08,0.0,0.0,202408,[sl 115528.14],366867464,366867468
1755617995,EURUSD,0,0,0.01,1.16789,0.0,0.0,0.0,202408,EmpireIA,366867534,366867534
1755618048,BTCUSD,1,0,0.06,115535.03,0.0,0.0,0.0,202408,EmpireIA,366868791,366868791
1755618051,BTCUSD,0,1,0.06,115552.98,-1.08,0.0,0.0,202408,[sl 115552.98],366868791,366868806
1755618054,EURUSD,0,0,0.01,1.16792,0.0,0.0,0.0,202408,EmpireIA,366868819,366868819
1755618074,EURUSD,1,1,0.01,1.16791,0.22,0.0,0.0,202408,[tp 1.16791],366863584,366869013
1755618109,BTCUSD,1,0,0.06,115514.92,0.0,0.0,0.0,202408,EmpireIA,366869557,366869557
1755618109,BTCUSD,0,1,0.06,115532.99,-1.08,0.0,0.0,202408,[sl 115532.99],366869557,366869574
1755618121,EURUSD,0,0,0.01,1.16809,0.0,0.0,0.0,202408,EmpireIA,366869730,366869730
1755618168,BTCUSD,1,0,0.07,115538.95,0.0,0.0,0.0,202408,EmpireIA,366870756,366870756
1755618173,EURUSD,0,0,0.01,1.16811,0.0,0.0,0.0,202408,EmpireIA,366870830,366870830
1755618175,BTCUSD,0,1,0.07,115557.06,-1.26,0.0,0.0,202408,[sl 115557.06],366870756,366870852
1755618228,BTCUSD,1,0,0.09,115461.9,0.0,0.0,0.0,202408,EmpireIA,366872234,366872234
1755618239,EURUSD,0,0,0.01,1.16791,0.0,0.0,0.0,202408,EmpireIA,366872579,366872579
1755618280,BTCUSD,0,1,0.09,115503.14,-3.71,0.0,0.0,202408,[sl 115503.14],366872234,366873970
1755618288,BTCUSD,1,0,0.06,115494.76,0.0,0.0,0.0,202408,EmpireIA,366874042,366874042
1755618289,BTCUSD,0,1,0.06,115512.76,-1.08,0.0,0.0,202408,[sl 115512.76],366874042,366874050
1755618295,EURUSD,0,0,0.01,1.16799,0.0,0.0,0.0,202408,EmpireIA,366874145,366874145
1755618316,EURUSD,1,1,0.01,1.16787,-0.12,0.0,0.0,202408,[sl 1.16787],366874145,366874931
1755618348,BTCUSD,1,0,0.09,115470.48,0.0,0.0,0.0,202408,EmpireIA,366875305,366875305
1755618354,EURUSD,0,0,0.01,1.16809,0.0,0.0,0.0,202408,EmpireIA,366875438,366875438
1755618413,EURUSD,0,0,0.01,1.168,0.0,0.0,0.0,202408,EmpireIA,366876512,366876512
1755618416,EURUSD,1,1,0.01,1.16788,-0.12,0.0,0.0,202408,[sl 1.16788],366876512,366876540
1755618436,BTCUSD,0,1,0.09,115401.43,6.21,0.0,0.0,202408,[tp 115401.43],366875305,366876795
1755618440,EURUSD,1,1,0.01,1.16774,-0.35,0.0,0.0,202408,[sl 1.16774],366869730,366876874
1755618440,EURUSD,1,1,0.01,1.16779,-0.12,0.0,0.0,202408,[sl 1.16779],366872579,366876875
1755618458,EURUSD,1,1,0.01,1.16769,-0.23,0.0,0.0,202408,[sl 1.16769],366868819,366877015
1755618458,EURUSD,1,1,0.01,1.16768,-0.43,0.0,0.0,202408,[sl 1.16768],366870830,366877016
1755618458,EURUSD,1,1,0.01,1.16769,-0.4,0.0,0.0,202408,[sl 1.16769],366875438,366877017
1755618468,BTCUSD,1,0,0.08,115394.11,0.0,0.0,0.0,202408,EmpireIA,366877069,366877069
1755618486,EURUSD,1,1,0.01,1.16761,-0.28,0.0,0.0,202408,[sl 1.16761],366867534,366877300
1755618533,EURUSD,0,0,0.01,1.1678,0.0,0.0,0.0,202408,EmpireIA,366877679,366877679
1755618534,EURUSD,1,1,0.01,1.16768,-0.12,0.0,0.0,202408,[sl 1.16768],366877679,366877686
1755618555,BTCUSD,0,1,0.08,115318.1,6.08,0.0,0.0,202408,[tp 115318.10],366877069,366878238
1755618588,BTCUSD,1,0,0.07,115302.53,0.0,0.0,0.0,202408,EmpireIA,366878933,366878933
1755618596,EURUSD,0,0,0.01,1.16781,0.0,0.0,0.0,202408,EmpireIA,366879051,366879051
1755618598,EURUSD,1,1,0.01,1.16768,-0.13,0.0,0.0,202408,[sl 1.16768],366879051,366879080
1755618618,BTCUSD,0,1,0.07,115359.64,-3.99,0.0,0.0,202408,[sl 115359.64],366878933,366879593
1755618648,BTCUSD,1,0,0.06,115347.36,0.0,0.0,0.0,202408,EmpireIA,366879997,366879997
1755618657,EURUSD,0,0,0.01,1.16793,0.0,0.0,0.0,202408,EmpireIA,366880087,366880087
1755618659,EURUSD,1,1,0.01,1.16781,-0.12,0.0,0.0,202408,[sl 1.16781],366880087,366880109
1755618713,EURUSD,0,0,0.01,1.1678600000000001,0.0,0.0,0.0,202408,EmpireIA,366880973,366880973
1755618714,EURUSD,1,1,0.01,1.16774,-0.12,0.0,0.0,202408,[sl 1.16774],366880973,366880976
1755618767,BTCUSD,0,1,0.06,115407.09,-3.59,0.0,0.0,202408,[sl 115407.09],366879997,366881794
1755618769,BTCUSD,1,0,0.07,115399.18,0.0,0.0,0.0,202408,EmpireIA,366881810,366881810
1755618775,EURUSD,0,0,0.01,1.16775,0.0,0.0,0.0,202408,EmpireIA,366881861,366881861
1755618775,EURUSD,1,1,0.01,1.16761,-0.14,0.0,0.0,202408,[sl 1.16761],366881861,366881862
1755618833,EURUSD,0,0,0.01,1.16749,0.0,0.0,0.0,202408,EmpireIA,366882627,366882627
1755618892,EURUSD,0,0,0.01,1.16769,0.0,0.0,0.0,202408,EmpireIA,366883345,366883345
1755618895,EURUSD,1,1,0.01,1.16755,-0.14,0.0,0.0,202408,[sl 1.16755],366883345,366883358
1755618920,EURUSD,1,1,0.01,1.16763,0.14,0.0,0.0,202408,[tp 1.16763],366882627,366883706
1755618920,BTCUSD,0,1,0.07,115443.04,-3.07,0.0,0.0,202408,[sl 115443.04],366881810,366883729
1755618948,BTCUSD,1,0,0.04,115454.55,0.0,0.0,0.0,202408,EmpireIA,366884201,366884201
1755618949,BTCUSD,0,1,0.04,115472.52,-0.72,0.0,0.0,202408,[sl 115472.52],366884201,366884223
1755618955,EURUSD,0,0,0.01,1.16769,0.0,0.0,0.0,202408,EmpireIA,366884325,366884325
1755618957,EURUSD,1,1,0.01,1.16756,-0.13,0.0,0.0,202408,[sl 1.16756],366884325,366884370
1755619008,BTCUSD,0,0,0.04,115511.11,0.0,0.0,0.0,202408,EmpireIA,366885992,366885992
1755619013,EURUSD,0,0,0.01,1.1676199999999999,0.0,0.0,0.0,202408,EmpireIA,366886165,366886165
1755619016,EURUSD,1,1,0.01,1.16749,-0.13,0.0,0.0,202408,[sl 1.16749],366886165,366886230
1755619037,BTCUSD,1,1,0.04,115447.37,-2.55,0.0,0.0,202408,[sl 115447.37],366885992,366886646
1755619068,BTCUSD,1,0,0.05,115468.43,0.0,0.0,0.0,202408,EmpireIA,366887035,366887035
1755619074,EURUSD,0,0,0.01,1.16763,0.0,0.0,0.0,202408,EmpireIA,366887170,366887170
1755619074,EURUSD,1,1,0.01,1.16749,-0.14,0.0,0.0,202408,[sl 1.16749],366887170,366887180
1755619074,BTCUSD,0,1,0.05,115486.54,-0.91,0.0,0.0,202408,[sl 115486.54],366887035,366887188
1755619128,BTCUSD,0,0,0.04,115563.42,0.0,0.0,0.0,202408,EmpireIA,366888216,366888216
1755619133,EURUSD,0,0,0.01,1.16778,0.0,0.0,0.0,202408,EmpireIA,366888306,366888306
1755619135,EURUSD,1,1,0.01,1.16766,-0.12,0.0,0.0,202408,[sl 1.16766],366888306,366888321
1755619193,EURUSD,0,0,0.01,1.16771,0.0,0.0,0.0,202408,EmpireIA,366889074,366889074
1755619194,EURUSD,1,1,0.01,1.16759,-0.12,0.0,0.0,202408,[sl 1.16759],366889074,366889091
1755619245,BTCUSD,1,1,0.04,115630.44,2.68,0.0,0.0,202408,[tp 115630.44],366888216,366891741
1755619256,EURUSD,0,0,0.01,1.16775,0.0,0.0,0.0,202408,EmpireIA,366891966,366891966
1755619256,EURUSD,1,1,0.01,1.16763,-0.12,0.0,0.0,202408,[sl 1.16763],366891966,366891968
1755619308,BTCUSD,0,0,0.04,115582.7,0.0,0.0,0.0,202408,EmpireIA,366892992,366892992
1755619315,EURUSD,0,0,0.01,1.1678600000000001,0.0,0.0,0.0,202408,EmpireIA,366893107,366893107
1755619345,EURUSD,1,1,0.01,1.16754,-0.32,0.0,0.0,202408,[sl 1.16754],366893107,366893661
1755619373,EURUSD,0,0,0.01,1.16776,0.0,0.0,0.0,202408,EmpireIA,366894351,366894351
1755619382,EURUSD,1,1,0.01,1.16764,-0.12,0.0,0.0,202408,[sl 1.16764],366894351,366894535
1755619433,EURUSD,0,0,0.01,1.16769,0.0,0.0,0.0,202408,EmpireIA,366895423,366895423
1755619433,EURUSD,1,1,0.01,1.16757,-0.12,0.0,0.0,202408,[sl 1.16757],366895423,366895428
1755619493,EURUSD,0,0,0.01,1.16774,0.0,0.0,0.0,202408,EmpireIA,366896077,366896077
1755619553,EURUSD,0,0,0.01,1.16767,0.0,0.0,0.0,202408,EmpireIA,366897099,366897099
1755619567,EURUSD,1,1,0.01,1.16755,-0.12,0.0,0.0,202408,[sl 1.16755],366897099,366897233
1755619615,EURUSD,0,0,0.01,1.16765,0.0,0.0,0.0,202408,EmpireIA,366897843,366897843
1755619625,EURUSD,1,1,0.01,1.16748,-0.26,0.0,0.0,202408,[sl 1.16748],366896077,366898394
1755619673,EURUSD,0,0,0.01,1.16759,0.0,0.0,0.0,202408,EmpireIA,366900287,366900287
1755619674,EURUSD,1,1,0.01,1.16747,-0.12,0.0,0.0,202408,[sl 1.16747],366900287,366900291
1755619734,EURUSD,0,0,0.01,1.16763,0.0,0.0,0.0,202408,EmpireIA,366901872,366901872
1755619737,EURUSD,1,1,0.01,1.16751,-0.12,0.0,0.0,202408,[sl 1.16751],366901872,366901980
1755619793,EURUSD,0,0,0.01,1.1677,0.0,0.0,0.0,202408,EmpireIA,366904505,366904505
1755619798,EURUSD,1,1,0.01,1.16757,-0.13,0.0,0.0,202408,[sl 1.16757],366904505,366904828
1755619853,EURUSD,0,0,0.01,1.16768,0.0,0.0,0.0,202408,EmpireIA,366909894,366909894
1755619854,EURUSD,1,1,0.01,1.16756,-0.12,0.0,0.0,202408,[sl 1.16756],366909894,366910205
1755619871,EURUSD,1,1,0.01,1.16743,-0.22,0.0,0.0,202408,[sl 1.16743],366897843,366913021
1755619902,BTCUSD,1,1,0.04,115520.46,-2.49,0.0,0.0,202408,[sl 115520.46],366892992,366914089
1755619908,BTCUSD,0,0,0.06,115536.36,0.0,0.0,0.0,202408,EmpireIA,366914343,366914343
1755619911,BTCUSD,1,1,0.06,115518.34,-1.08,0.0,0.0,202408,[sl 115518.34],366914343,366914411
1755619915,EURUSD,0,0,0.01,1.1675200000000001,0.0,0.0,0.0,202408,EmpireIA,366914485,366914485
1755619919,EURUSD,1,1,0.01,1.1674,-0.12,0.0,0.0,202408,[sl 1.16740],366914485,366914575
1755619974,BTCUSD,0,0,0.06,115558.63,0.0,0.0,0.0,202408,EmpireIA,366916172,366916172
1755619982,EURUSD,0,0,0.01,1.16712,0.0,0.0,0.0,202408,EmpireIA,366916378,366916378
1755620033,EURUSD,0,0,0.01,1.16707,0.0,0.0,0.0,202408,EmpireIA,366917448,366917448
1755620033,EURUSD,1,1,0.01,1.16692,-0.15,0.0,0.0,202408,[sl 1.16692],366917448,366917449
1755620093,EURUSD,0,0,0.01,1.16726,0.0,0.0,0.0,202408,EmpireIA,366918931,366918931
1755620093,EURUSD,1,1,0.01,1.16712,-0.14,0.0,0.0,202408,[sl 1.16712],366918931,366918933
1755620140,EURUSD,1,1,0.01,1.16733,0.21,0.0,0.0,202408,[tp 1.16733],366916378,366920687
1755620153,EURUSD,0,0,0.01,1.16753,0.0,0.0,0.0,202408,EmpireIA,366921102,366921102
1755620170,EURUSD,1,1,0.01,1.16739,-0.14,0.0,0.0,202408,[sl 1.16739],366921102,366921753
1755620213,EURUSD,0,0,0.01,1.16777,0.0,0.0,0.0,202408,EmpireIA,366923592,366923592
1755620246,EURUSD,1,1,0.01,1.16741,-0.36,0.0,0.0,202408,[sl 1.16741],366923592,366924359
1755620266,BTCUSD,1,1,0.06,115576.77,1.09,0.0,0.0,202408,[tp 115576.77],366916172,366924817
1755620269,BTCUSD,1,0,0.06,115593.34,0.0,0.0,0.0,202408,EmpireIA,366924898,366924898
1755620269,BTCUSD,0,1,0.06,115611.33,-1.08,0.0,0.0,202408,[sl 115611.33],366924898,366924927
1755620274,EURUSD,0,0,0.01,1.16757,0.0,0.0,0.0,202408,EmpireIA,366925058,366925058
1755620328,BTCUSD,1,0,0.06,115568.35,0.0,0.0,0.0,202408,EmpireIA,366926246,366926246
1755620334,EURUSD,0,0,0.01,1.16747,0.0,0.0,0.0,202408,EmpireIA,366926326,366926326
1755620337,EURUSD,1,1,0.01,1.1673499999999999,-0.12,0.0,0.0,202408,[sl 1.16735],366926326,366926416
1755620344,EURUSD,1,1,0.01,1.1672,-0.37,0.0,0.0,202408,[sl 1.16720],366925058,366926816
1755620347,BTCUSD,0,1,0.06,115586.41,-1.08,0.0,0.0,202408,[sl 115586.41],366926246,366926921
1755620388,BTCUSD,0,0,0.05,115637.4,0.0,0.0,0.0,202408,EmpireIA,366927891,366927891
1755620394,EURUSD,0,0,0.01,1.1669,0.0,0.0,0.0,202408,EmpireIA,366928008,366928008
1755620395,EURUSD,1,1,0.01,1.16676,-0.14,0.0,0.0,202408,[sl 1.16676],366928008,366928029
1755620453,EURUSD,0,0,0.01,1.16714,0.0,0.0,0.0,202408,EmpireIA,366929598,366929598
1755620509,EURUSD,1,1,0.01,1.16687,-0.27,0.0,0.0,202408,[sl 1.16687],366929598,366930507
1755620515,EURUSD,0,0,0.01,1.16698,0.0,0.0,0.0,202408,EmpireIA,366930664,366930664
1755620518,EURUSD,1,1,0.01,1.16686,-0.12,0.0,0.0,202408,[sl 1.16686],366930664,366930700
1755620574,EURUSD,0,0,0.01,1.16704,0.0,0.0,0.0,202408,EmpireIA,366931426,366931426
1755620578,EURUSD,1,1,0.01,1.16692,-0.12,0.0,0.0,202408,[sl 1.16692],366931426,366931472
1755620634,EURUSD,0,0,0.01,1.16697,0.0,0.0,0.0,202408,EmpireIA,366932387,366932387
1755620634,EURUSD,1,1,0.01,1.16685,-0.12,0.0,0.0,202408,[sl 1.16685],366932387,366932398
1755620655,BTCUSD,1,1,0.05,115697.76,3.02,0.0,0.0,202408,[tp 115697.76],366927891,366932773
1755620688,BTCUSD,0,0,0.05,115715.02,0.0,0.0,0.0,202408,EmpireIA,366933351,366933351
1755620701,EURUSD,0,0,0.01,1.1673,0.0,0.0,0.0,202408,EmpireIA,366933834,366933834
1755620702,EURUSD,1,1,0.01,1.16718,-0.12,0.0,0.0,202408,[sl 1.16718],366933834,366933847
1755620752,EURUSD,0,0,0.01,1.1672500000000001,0.0,0.0,0.0,202408,EmpireIA,366934728,366934728
1755620790,EURUSD,1,1,0.01,1.16713,-0.12,0.0,0.0,202408,[sl 1.16713],366934728,366936036
1755620814,EURUSD,0,0,0.01,1.16739,0.0,0.0,0.0,202408,EmpireIA,366936379,366936379
1755620872,BTCUSD,1,1,0.05,115776.66,3.08,0.0,0.0,202408,[tp 115776.66],366933351,366937846
1755620873,EURUSD,0,0,0.01,1.1674,0.0,0.0,0.0,202408,EmpireIA,366937897,366937897
1755620928,BTCUSD,0,0,0.05,115737.97,0.0,0.0,0.0,202408,EmpireIA,366939343,366939343
1755620942,EURUSD,0,0,0.01,1.16732,0.0,0.0,0.0,202408,EmpireIA,366939700,366939700
1755620993,EURUSD,0,0,0.01,1.16743,0.0,0.0,0.0,202408,EmpireIA,366940633,366940633
1755621018,BTCUSD,1,1,0.05,115805.74,3.39,0.0,0.0,202408,[tp 115805.74],366939343,366941397
1755621082,EURUSD,1,1,0.01,1.1672,-0.12,0.0,0.0,202408,[sl 1.16720],366939700,366943133
1755621108,BTCUSD,0,0,0.04,115698.84,0.0,0.0,0.0,202408,EmpireIA,366943639,366943639
1755621114,EURUSD,0,0,0.01,1.16747,0.0,0.0,0.0,202408,EmpireIA,366943820,366943820
1755621130,BTCUSD,1,1,0.04,115606.27,-3.7,0.0,0.0,202408,[sl 115606.27],366943639,366944633
1755621168,BTCUSD,1,0,0.04,115509.1,0.0,0.0,0.0,202408,EmpireIA,366948764,366948764
1755621233,EURUSD,0,0,0.01,1.16733,0.0,0.0,0.0,202408,EmpireIA,366953304,366953304
1755621237,BTCUSD,0,1,0.04,115375.17,5.35,0.0,0.0,202408,[tp 115375.17],366948764,366953543
1755621279,EURUSD,1,1,0.01,1.16745,0.12,0.0,0.0,202408,[tp 1.16745],366953304,366955228
1755621288,BTCUSD,1,0,0.03,115421.15,0.0,0.0,0.0,202408,EmpireIA,366955541,366955541
1755621292,BTCUSD,0,1,0.03,115439.15,-0.54,0.0,0.0,202408,[sl 115439.15],366955541,366955666
1755621293,EURUSD,0,0,0.01,1.16756,0.0,0.0,0.0,202408,EmpireIA,366955700,366955700
1755621348,BTCUSD,1,0,0.03,115336.02,0.0,0.0,0.0,202408,EmpireIA,366957824,366957824
1755621354,EURUSD,0,0,0.01,1.16757,0.0,0.0,0.0,202408,EmpireIA,366957948,366957948
1755621383,BTCUSD,0,1,0.03,115490.01,-4.62,0.0,0.0,202408,[sl 115490.01],366957824,366959165
1755621400,EURUSD,1,1,0.01,1.16766,0.19,0.0,0.0,202408,[tp 1.16766],366943820,366960343
1755621405,EURUSD,1,1,0.01,1.16769,0.26,0.0,0.0,202408,[tp 1.16769],366940633,366961115
1755621408,BTCUSD,1,0,0.02,115466.74,0.0,0.0,0.0,202408,EmpireIA,366961403,366961403
1755621409,BTCUSD,0,1,0.02,115484.85,-0.37,0.0,0.0,202408,[sl 115484.85],366961403,366961450
1755621415,EURUSD,0,0,0.01,1.1678,0.0,0.0,0.0,202408,EmpireIA,366961846,366961846
1755621451,EURUSD,1,1,0.01,1.16772,0.33,0.0,0.0,202408,[tp 1.16772],366936379,366963121
1755621468,BTCUSD,1,0,0.02,115440.1,0.0,0.0,0.0,202408,EmpireIA,366963644,366963644
1755621475,EURUSD,0,0,0.01,1.16768,0.0,0.0,0.0,202408,EmpireIA,366963834,366963834
1755621485,BTCUSD,0,1,0.02,115559.01,-2.38,0.0,0.0,202408,[sl 115559.01],366963644,366964249
1755621528,BTCUSD,1,0,0.02,115474.63,0.0,0.0,0.0,202408,EmpireIA,366965541,366965541
1755621535,EURUSD,0,0,0.01,1.16774,0.0,0.0,0.0,202408,EmpireIA,366965694,366965694
1755621557,EURUSD,1,1,0.01,1.16743,-0.37,0.0,0.0,202408,[sl 1.16743],366961846,366966113
1755621560,EURUSD,1,1,0.01,1.16741,-0.33,0.0,0.0,202408,[sl 1.16741],366965694,366966187
1755621593,EURUSD,0,0,0.01,1.16768,0.0,0.0,0.0,202408,EmpireIA,366966734,366966734
1755621653,EURUSD,0,0,0.01,1.16758,0.0,0.0,0.0,202408,EmpireIA,366968240,366968240
1755621713,EURUSD,0,0,0.01,1.16757,0.0,0.0,0.0,202408,EmpireIA,366969726,366969726
1755621732,EURUSD,1,1,0.01,1.16734,-0.34,0.0,0.0,202408,[sl 1.16734],366966734,366970428
1755621732,EURUSD,1,1,0.01,1.1673,-0.38,0.0,0.0,202408,[sl 1.16730],366963834,366970435
1755621732,EURUSD,1,1,0.01,1.16729,-0.29,0.0,0.0,202408,[sl 1.16729],366968240,366970436
1755621735,EURUSD,1,1,0.01,1.16728,-0.29,0.0,0.0,202408,[sl 1.16728],366969726,366970535
1755621737,EURUSD,1,1,0.01,1.16723,-0.34,0.0,0.0,202408,[sl 1.16723],366957948,366970621
1755621744,EURUSD,1,1,0.01,1.16721,-0.35,0.0,0.0,202408,[sl 1.16721],366955700,366970768
1755621773,EURUSD,0,0,0.01,1.16728,0.0,0.0,0.0,202408,EmpireIA,366971285,366971285
1755621799,BTCUSD,0,1,0.02,115252.9,4.43,0.0,0.0,202408,[tp 115252.90],366965541,366972683
1755621821,EURUSD,1,1,0.01,1.1670099999999999,-0.27,0.0,0.0,202408,[sl 1.16701],366971285,366974242
1755621828,BTCUSD,1,0,0.02,115110.56,0.0,0.0,0.0,202408,EmpireIA,366974590,366974590
1755621833,EURUSD,0,0,0.01,1.16719,0.0,0.0,0.0,202408,EmpireIA,366974707,366974707
1755621834,EURUSD,1,1,0.01,1.16706,-0.13,0.0,0.0,202408,[sl 1.16706],366974707,366974713
1755621893,EURUSD,0,0,0.01,1.1673499999999999,0.0,0.0,0.0,202408,EmpireIA,366976673,366976673
1755621895,EURUSD,1,1,0.01,1.16722,-0.13,0.0,0.0,202408,[sl 1.16722],366976673,366976724
1755621953,EURUSD,0,0,0.01,1.1675,0.0,0.0,0.0,202408,EmpireIA,366979636,366979636
1755621955,EURUSD,1,1,0.01,1.16738,-0.12,0.0,0.0,202408,[sl 1.16738],366979636,366979680
1755622013,EURUSD,0,0,0.01,1.16759,0.0,0.0,0.0,202408,EmpireIA,366982199,366982199
1755622073,EURUSD,0,0,0.01,1.16751,0.0,0.0,0.0,202408,EmpireIA,366984275,366984275
1755622133,EURUSD,0,0,0.01,1.16776,0.0,0.0,0.0,202408,EmpireIA,366986099,366986099
1755622192,EURUSD,0,0,0.01,1.16777,0.0,0.0,0.0,202408,EmpireIA,366987653,366987653
1755622253,EURUSD,0,0,0.01,1.16753,0.0,0.0,0.0,202408,EmpireIA,366990432,366990432
1755622254,EURUSD,1,1,0.01,1.16739,-0.38,0.0,0.0,202408,[sl 1.16739],366987653,366990510
1755622265,EURUSD,1,1,0.01,1.16732,-0.44,0.0,0.0,202408,[sl 1.16732],366986099,366990960
1755622313,EURUSD,0,0,0.01,1.16759,0.0,0.0,0.0,202408,EmpireIA,366992370,366992370
1755622377,EURUSD,0,0,0.01,1.16742,0.0,0.0,0.0,202408,EmpireIA,366993530,366993530
1755622424,BTCUSD,0,1,0.02,115286.31,-3.52,0.0,0.0,202408,[sl 115286.31],366974590,366994967
1755622428,BTCUSD,1,0,0.02,115268.32,0.0,0.0,0.0,202408,EmpireIA,366995095,366995095
1755622429,BTCUSD,0,1,0.02,115298.31,-0.6,0.0,0.0,202408,[sl 115298.31],366995095,366995106
1755622434,EURUSD,0,0,0.01,1.16744,0.0,0.0,0.0,202408,EmpireIA,366995243,366995243
1755622435,EURUSD,1,1,0.01,1.16732,-0.12,0.0,0.0,202408,[sl 1.16732],366995243,366995258
1755622472,EURUSD,1,1,0.01,1.16717,-0.42,0.0,0.0,202408,[sl 1.16717],366982199,366997040
1755622472,EURUSD,1,1,0.01,1.1672,-0.33,0.0,0.0,202408,[sl 1.16720],366990432,366997041
1755622472,EURUSD,1,1,0.01,1.16721,-0.38,0.0,0.0,202408,[sl 1.16721],366992370,366997042
1755622472,EURUSD,1,1,0.01,1.16714,-0.28,0.0,0.0,202408,[sl 1.16714],366993530,366997053
1755622488,BTCUSD,1,0,0.02,115248.21,0.0,0.0,0.0,202408,EmpireIA,366997424,366997424
1755622489,BTCUSD,0,1,0.02,115266.41,-0.37,0.0,0.0,202408,[sl 115266.41],366997424,366997434
1755622494,EURUSD,0,0,0.01,1.16728,0.0,0.0,0.0,202408,EmpireIA,366997542,366997542
1755622536,EURUSD,1,1,0.01,1.1674,0.12,0.0,0.0,202408,[tp 1.16740],366997542,366998624
1755622548,BTCUSD,1,0,0.02,115297.28,0.0,0.0,0.0,202408,EmpireIA,366998872,366998872
1755622550,BTCUSD,0,1,0.02,115292.65,0.1,0.0,0.0,202408,[tp 115292.65],366998872,366998907
1755622608,BTCUSD,1,0,0.02,115295.88,0.0,0.0,0.0,202408,EmpireIA,367000418,367000418
1755622613,EURUSD,0,0,0.01,1.1676,0.0,0.0,0.0,202408,EmpireIA,367000560,367000560
1755622614,BTCUSD,0,1,0.02,115282.3,0.27,0.0,0.0,202408,[tp 115282.30],367000418,367000583
1755622668,BTCUSD,1,0,0.02,115229.15,0.0,0.0,0.0,202408,EmpireIA,367001500,367001500
1755622674,EURUSD,0,0,0.01,1.16764,0.0,0.0,0.0,202408,EmpireIA,367001539,367001539
1755622733,EURUSD,0,0,0.01,1.16767,0.0,0.0,0.0,202408,EmpireIA,367002776,367002776
1755622793,EURUSD,0,0,0.01,1.16769,0.0,0.0,0.0,202408,EmpireIA,367004780,367004780
1755622854,EURUSD,0,0,0.01,1.16777,0.0,0.0,0.0,202408,EmpireIA,367007334,367007334
1755622914,EURUSD,0,0,0.01,1.16768,0.0,0.0,0.0,202408,EmpireIA,367009716,367009716
1755622973,EURUSD,0,0,0.01,1.16771,0.0,0.0,0.0,202408,EmpireIA,367012037,367012037
1755622996,EURUSD,1,1,0.01,1.16743,-0.34,0.0,0.0,202408,[sl 1.16743],367007334,367012536
1755623033,EURUSD,0,0,0.01,1.16766,0.0,0.0,0.0,202408,EmpireIA,367014117,367014117
1755623046,BTCUSD,0,1,0.02,115396.41,-3.35,0.0,0.0,202408,[sl 115396.41],367001500,367014680
1755623088,BTCUSD,1,0,0.02,115325.65,0.0,0.0,0.0,202408,EmpireIA,367016378,367016378
1755623088,BTCUSD,0,1,0.02,115347.82,-0.45,0.0,0.0,202408,[sl 115347.82],367016378,367016391
1755623093,EURUSD,0,0,0.01,1.16751,0.0,0.0,0.0,202408,EmpireIA,367016482,367016482
1755623095,EURUSD,1,1,0.01,1.16738,-0.33,0.0,0.0,202408,[sl 1.16738],367012037,367016522
1755623095,EURUSD,1,1,0.01,1.16739,-0.12,0.0,0.0,202408,[sl 1.16739],367016482,367016524
1755623097,EURUSD,1,1,0.01,1.1673499999999999,-0.31,0.0,0.0,202408,[sl 1.16735],367014117,367016535
1755623099,EURUSD,1,1,0.01,1.16731,-0.38,0.0,0.0,202408,[sl 1.16731],367004780,367016560
1755623099,EURUSD,1,1,0.01,1.16731,-0.37,0.0,0.0,202408,[sl 1.16731],367009716,367016561
1755623103,EURUSD,1,1,0.01,1.16728,-0.39,0.0,0.0,202408,[sl 1.16728],367002776,367016738
1755623110,EURUSD,1,1,0.01,1.16726,-0.38,0.0,0.0,202408,[sl 1.16726],367001539,367016835
1755623110,EURUSD,1,1,0.01,1.16709,-0.42,0.0,0.0,202408,[sl 1.16709],366984275,367016853
1755623110,EURUSD,1,1,0.01,1.16719,-0.41,0.0,0.0,202408,[sl 1.16719],367000560,367016854
1755623148,BTCUSD,1,0,0.02,115271.76,0.0,0.0,0.0,202408,EmpireIA,367017672,367017672
1755623148,BTCUSD,0,1,0.02,115289.86,-0.36,0.0,0.0,202408,[sl 115289.86],367017672,367017676
1755623153,EURUSD,0,0,0.01,1.16746,0.0,0.0,0.0,202408,EmpireIA,367017826,367017826
1755623155,EURUSD,1,1,0.01,1.16732,-0.14,0.0,0.0,202408,[sl 1.16732],367017826,367017896
1755623208,BTCUSD,1,0,0.03,115159.39,0.0,0.0,0.0,202408,EmpireIA,367019118,367019118
1755623213,EURUSD,0,0,0.01,1.1672,0.0,0.0,0.0,202408,EmpireIA,367019345,367019345
1755623215,EURUSD,1,1,0.01,1.16706,-0.14,0.0,0.0,202408,[sl 1.16706],367019345,367019392
1755623244,EURUSD,1,1,0.01,1.16698,-0.42,0.0,0.0,202408,[sl 1.16698],366937897,367020111
1755623277,EURUSD,0,0,0.01,1.16737,0.0,0.0,0.0,202408,EmpireIA,367020691,367020691
1755623279,EURUSD,1,1,0.01,1.16724,-0.13,0.0,0.0,202408,[sl 1.16724],367020691,367020715
1755623333,EURUSD,0,0,0.01,1.16746,0.0,0.0,0.0,202408,EmpireIA,367021845,367021845
1755623333,EURUSD,1,1,0.01,1.16733,-0.13,0.0,0.0,202408,[sl 1.16733],367021845,367021852
1755623394,EURUSD,0,0,0.01,1.16729,0.0,0.0,0.0,202408,EmpireIA,367022740,367022740
1755623394,EURUSD,1,1,0.01,1.16717,-0.12,0.0,0.0,202408,[sl 1.16717],367022740,367022753
1755623453,EURUSD,0,0,0.01,1.16718,0.0,0.0,0.0,202408,EmpireIA,367024315,367024315
1755623453,BTCUSD,0,1,0.03,114970.14,5.68,0.0,0.0,202408,[tp 114970.14],367019118,367024326
1755623457,EURUSD,1,1,0.01,1.16705,-0.13,0.0,0.0,202408,[sl 1.16705],367024315,367024474
1755623508,BTCUSD,0,0,0.03,114881.51,0.0,0.0,0.0,202408,EmpireIA,367025807,367025807
1755623513,EURUSD,0,0,0.01,1.16739,0.0,0.0,0.0,202408,EmpireIA,367025972,367025972
1755623515,EURUSD,1,1,0.01,1.16726,-0.13,0.0,0.0,202408,[sl 1.16726],367025972,367025998
1755623531,BTCUSD,1,1,0.03,114918.19,1.1,0.0,0.0,202408,[tp 114918.19],367025807,367026364
1755623568,BTCUSD,1,0,0.03,114816.21,0.0,0.0,0.0,202408,EmpireIA,367027883,367027883
1755623573,EURUSD,0,0,0.01,1.16703,0.0,0.0,0.0,202408,EmpireIA,367028032,367028032
1755623609,EURUSD,1,1,0.01,1.16715,0.12,0.0,0.0,202408,[tp 1.16715],367028032,367029707
1755623633,EURUSD,0,0,0.01,1.16717,0.0,0.0,0.0,202408,EmpireIA,367030082,367030082
1755623634,EURUSD,1,1,0.01,1.16705,-0.12,0.0,0.0,202408,[sl 1.16705],367030082,367030089
1755623693,EURUSD,0,0,0.01,1.1670099999999999,0.0,0.0,0.0,202408,EmpireIA,367031498,367031498
1755623753,EURUSD,0,0,0.01,1.16712,0.0,0.0,0.0,202408,EmpireIA,367033336,367033336
1755623755,EURUSD,1,1,0.01,1.167,-0.12,0.0,0.0,202408,[sl 1.16700],367033336,367033380
1755623813,EURUSD,0,0,0.01,1.16684,0.0,0.0,0.0,202408,EmpireIA,367035409,367035409
1755623830,BTCUSD,0,1,0.03,114634.08,5.47,0.0,0.0,202408,[tp 114634.08],367027883,367035881
1755623835,EURUSD,1,1,0.01,1.1666400000000001,-0.37,0.0,0.0,202408,[sl 1.16664],367031498,367036280
1755623868,BTCUSD,1,0,0.02,114618.54,0.0,0.0,0.0,202408,EmpireIA,367037281,367037281
1755623873,EURUSD,0,0,0.01,1.16704,0.0,0.0,0.0,202408,EmpireIA,367037353,367037353
1755623873,BTCUSD,0,1,0.02,114636.78,-0.37,0.0,0.0,202408,[sl 114636.78],367037281,367037406
1755623928,BTCUSD,1,0,0.02,114656.64,0.0,0.0,0.0,202408,EmpireIA,367038536,367038536
1755623929,BTCUSD,0,1,0.02,114674.67,-0.36,0.0,0.0,202408,[sl 114674.67],367038536,367038539
1755623934,EURUSD,0,0,0.01,1.167,0.0,0.0,0.0,202408,EmpireIA,367038613,367038613
1755623934,EURUSD,1,1,0.01,1.16688,-0.12,0.0,0.0,202408,[sl 1.16688],367038613,367038618
1755623988,BTCUSD,1,0,0.02,114655.54,0.0,0.0,0.0,202408,EmpireIA,367039954,367039954
1755623993,EURUSD,0,0,0.01,1.16689,0.0,0.0,0.0,202408,EmpireIA,367040078,367040078
1755623993,EURUSD,1,1,0.01,1.16677,-0.12,0.0,0.0,202408,[sl 1.16677],367040078,367040079
1755624007,EURUSD,1,1,0.01,1.16654,-0.5,0.0,0.0,202408,[sl 1.16654],367037353,367040550
1755624008,BTCUSD,0,1,0.02,114675.83,-0.41,0.0,0.0,202408,[sl 114675.83],367039954,367040587
1755624048,BTCUSD,1,0,0.02,114593.33,0.0,0.0,0.0,202408,EmpireIA,367041265,367041265
1755624048,BTCUSD,0,1,0.02,114611.37,-0.36,0.0,0.0,202408,[sl 114611.37],367041265,367041269
1755624053,EURUSD,0,0,0.01,1.1667399999999999,0.0,0.0,0.0,202408,EmpireIA,367041353,367041353
1755624055,EURUSD,1,1,0.01,1.16661,-0.13,0.0,0.0,202408,[sl 1.16661],367041353,367041374
1755624108,BTCUSD,1,0,0.02,114638.55,0.0,0.0,0.0,202408,EmpireIA,367042587,367042587
1755624110,BTCUSD,0,1,0.02,114658.55,-0.4,0.0,0.0,202408,[sl 114658.55],367042587,367042643
1755624113,EURUSD,0,0,0.01,1.16683,0.0,0.0,0.0,202408,EmpireIA,367042683,367042683
1755624119,EURUSD,1,1,0.01,1.1667,-0.13,0.0,0.0,202408,[sl 1.16670],367042683,367042940
1755624168,BTCUSD,1,0,0.02,114625.82,0.0,0.0,0.0,202408,EmpireIA,367043612,367043612
1755624178,EURUSD,0,0,0.01,1.16721,0.0,0.0,0.0,202408,EmpireIA,367043722,367043722
1755624214,BTCUSD,0,1,0.02,114588.11,0.76,0.0,0.0,202408,[tp 114588.11],367043612,367044358
1755624228,BTCUSD,1,0,0.02,114558.6,0.0,0.0,0.0,202408,EmpireIA,367044659,367044659
1755624228,BTCUSD,0,1,0.02,114576.55,-0.36,0.0,0.0,202408,[sl 114576.55],367044659,367044664
1755624233,EURUSD,0,0,0.01,1.16709,0.0,0.0,0.0,202408,EmpireIA,367044734,367044734
1755624233,EURUSD,1,1,0.01,1.16697,-0.12,0.0,0.0,202408,[sl 1.16697],367044734,367044735
1755624271,EURUSD,1,1,0.01,1.16714,0.3,0.0,0.0,202408,[tp 1.16714],367035409,367045427
1755624288,BTCUSD,1,0,0.03,114583.8,0.0,0.0,0.0,202408,EmpireIA,367045790,367045790
1755624289,BTCUSD,0,1,0.03,114601.83,-0.54,0.0,0.0,202408,[sl 114601.83],367045790,367045797
1755624295,EURUSD,0,0,0.01,1.16728,0.0,0.0,0.0,202408,EmpireIA,367045888,367045888
1755624348,BTCUSD,1,0,0.02,114514.65,0.0,0.0,0.0,202408,EmpireIA,367046983,367046983
1755624348,BTCUSD,0,1,0.02,114532.65,-0.36,0.0,0.0,202408,[sl 114532.65],367046983,367046984
1755624353,EURUSD,0,0,0.01,1.16715,0.0,0.0,0.0,202408,EmpireIA,367047082,367047082
1755624408,BTCUSD,1,0,0.03,114575.27,0.0,0.0,0.0,202408,EmpireIA,367048447,367048447
1755624410,BTCUSD,0,1,0.03,114608.2,-0.99,0.0,0.0,202408,[sl 114608.20],367048447,367048482
1755624414,EURUSD,0,0,0.01,1.16718,0.0,0.0,0.0,202408,EmpireIA,367048552,367048552
1755624468,BTCUSD,1,0,0.03,114424.39,0.0,0.0,0.0,202408,EmpireIA,367049756,367049756
1755624471,BTCUSD,0,1,0.03,114406.27,0.54,0.0,0.0,202408,[tp 114406.27],367049756,367049977
1755624473,EURUSD,0,0,0.01,1.16715,0.0,0.0,0.0,202408,EmpireIA,367050230,367050230
1755624528,BTCUSD,1,0,0.02,114239.13,0.0,0.0,0.0,202408,EmpireIA,367053627,367053627
1755624528,BTCUSD,0,1,0.02,114257.08,-0.36,0.0,0.0,202408,[sl 114257.08],367053627,367053631
1755624533,EURUSD,0,0,0.01,1.1671,0.0,0.0,0.0,202408,EmpireIA,367053752,367053752
1755624547,EURUSD,1,1,0.01,1.1669100000000001,-0.37,0.0,0.0,202408,[sl 1.16691],367045888,367054227
1755624588,BTCUSD,1,0,0.02,114137.27,0.0,0.0,0.0,202408,EmpireIA,367055184,367055184
1755624588,BTCUSD,0,1,0.02,114155.37,-0.36,0.0,0.0,202408,[sl 114155.37],367055184,367055185
1755624593,EURUSD,0,0,0.01,1.16698,0.0,0.0,0.0,202408,EmpireIA,367055252,367055252
1755624594,EURUSD,1,1,0.01,1.16686,-0.12,0.0,0.0,202408,[sl 1.16686],367055252,367055301
1755624634,EURUSD,1,1,0.01,1.16682,-0.39,0.0,0.0,202408,[sl 1.16682],367043722,367056589
1755624634,EURUSD,1,1,0.01,1.16683,-0.35,0.0,0.0,202408,[sl 1.16683],367048552,367056590
1755624635,EURUSD,1,1,0.01,1.16677,-0.38,0.0,0.0,202408,[sl 1.16677],367050230,367056621
1755624635,EURUSD,1,1,0.01,1.16679,-0.31,0.0,0.0,202408,[sl 1.16679],367053752,367056622
1755624637,EURUSD,1,1,0.01,1.16675,-0.4,0.0,0.0,202408,[sl 1.16675],367047082,367056685
1755624648,BTCUSD,1,0,0.02,114187.54,0.0,0.0,0.0,202408,EmpireIA,367056927,367056927
1755624653,BTCUSD,0,1,0.02,114169.54,0.36,0.0,0.0,202408,[tp 114169.54],367056927,367056973
1755624654,EURUSD,0,0,0.01,1.16683,0.0,0.0,0.0,202408,EmpireIA,367056983,367056983
1755624655,EURUSD,1,1,0.01,1.16671,-0.12,0.0,0.0,202408,[sl 1.16671],367056983,367057011
1755624709,BTCUSD,1,0,0.02,114096.02,0.0,0.0,0.0,202408,EmpireIA,367058856,367058856
1755624709,BTCUSD,0,1,0.02,114114.13,-0.36,0.0,0.0,202408,[sl 114114.13],367058856,367058864
1755624714,EURUSD,0,0,0.01,1.16681,0.0,0.0,0.0,202408,EmpireIA,367059041,367059041
1755624728,EURUSD,1,1,0.01,1.16669,-0.12,0.0,0.0,202408,[sl 1.16669],367059041,367059441
1755624769,BTCUSD,1,0,0.02,114364.36,0.0,0.0,0.0,202408,EmpireIA,367061050,367061050
1755624774,EURUSD,0,0,0.01,1.16669,0.0,0.0,0.0,202408,EmpireIA,367061354,367061354
1755624775,EURUSD,1,1,0.01,1.16656,-0.13,0.0,0.0,202408,[sl 1.16656],367061354,367061430
1755624833,EURUSD,0,0,0.01,1.16658,0.0,0.0,0.0,202408,EmpireIA,367063840,367063840
1755624840,EURUSD,1,1,0.01,1.16645,-0.13,0.0,0.0,202408,[sl 1.16645],367063840,367064288
1755624893,EURUSD,0,0,0.01,1.16668,0.0,0.0,0.0,202408,EmpireIA,367066104,367066104
1755624943,EURUSD,1,1,0.01,1.16656,-0.12,0.0,0.0,202408,[sl 1.16656],367066104,367067392
1755624953,EURUSD,0,0,0.01,1.16673,0.0,0.0,0.0,202408,EmpireIA,367067597,367067597
1755624954,EURUSD,1,1,0.01,1.1666,-0.13,0.0,0.0,202408,[sl 1.16660],367067597,367067634
1755625012,BTCUSD,0,1,0.02,114111.3,5.06,0.0,0.0,202408,[tp 114111.30],367061050,367070542
1755625013,EURUSD,0,0,0.01,1.1667,0.0,0.0,0.0,202408,EmpireIA,367070575,367070575
1755625068,BTCUSD,1,0,0.02,114141.32,0.0,0.0,0.0,202408,EmpireIA,367073451,367073451
1755625074,EURUSD,0,0,0.01,1.16677,0.0,0.0,0.0,202408,EmpireIA,367073776,367073776
1755625117,EURUSD,1,1,0.01,1.16665,-0.12,0.0,0.0,202408,[sl 1.16665],367073776,367076176
1755625136,EURUSD,0,0,0.01,1.16669,0.0,0.0,0.0,202408,EmpireIA,367076520,367076520
1755625137,EURUSD,1,1,0.01,1.16656,-0.13,0.0,0.0,202408,[sl 1.16656],367076520,367076524
1755625164,BTCUSD,0,1,0.02,114322.08,-3.61,0.0,0.0,202408,[sl 114322.08],367073451,367077359
1755625188,BTCUSD,1,0,0.02,114301.72,0.0,0.0,0.0,202408,EmpireIA,367078591,367078591
1755625194,EURUSD,0,0,0.01,1.1666400000000001,0.0,0.0,0.0,202408,EmpireIA,367078886,367078886
1755625194,EURUSD,1,1,0.01,1.16652,-0.12,0.0,0.0,202408,[sl 1.16652],367078886,367078900
1755625254,EURUSD,0,0,0.01,1.16663,0.0,0.0,0.0,202408,EmpireIA,367081592,367081592
1755625313,EURUSD,0,0,0.01,1.16682,0.0,0.0,0.0,202408,EmpireIA,367083318,367083318
1755625316,EURUSD,1,1,0.01,1.16668,-0.14,0.0,0.0,202408,[sl 1.16668],367083318,367083370
1755625365,BTCUSD,0,1,0.02,114019.58,5.64,0.0,0.0,202408,[tp 114019.58],367078591,367084907
1755625368,BTCUSD,1,0,0.02,113992.87,0.0,0.0,0.0,202408,EmpireIA,367085028,367085028
1755625373,EURUSD,0,0,0.01,1.1667399999999999,0.0,0.0,0.0,202408,EmpireIA,367085212,367085212
1755625381,EURUSD,1,1,0.01,1.16662,-0.12,0.0,0.0,202408,[sl 1.16662],367085212,367085481
1755625433,EURUSD,0,0,0.01,1.16667,0.0,0.0,0.0,202408,EmpireIA,367086722,367086722
1755625434,EURUSD,1,1,0.01,1.16655,-0.12,0.0,0.0,202408,[sl 1.16655],367086722,367086834
1755625493,EURUSD,0,0,0.01,1.16659,0.0,0.0,0.0,202408,EmpireIA,367090164,367090164
1755625495,EURUSD,1,1,0.01,1.16647,-0.12,0.0,0.0,202408,[sl 1.16647],367090164,367090224
1755625553,EURUSD,0,0,0.01,1.1666,0.0,0.0,0.0,202408,EmpireIA,367092075,367092075
1755625565,EURUSD,1,1,0.01,1.16646,-0.14,0.0,0.0,202408,[sl 1.16646],367092075,367092469
1755625613,EURUSD,0,0,0.01,1.16663,0.0,0.0,0.0,202408,EmpireIA,367094214,367094214
1755625614,EURUSD,1,1,0.01,1.16651,-0.12,0.0,0.0,202408,[sl 1.16651],367094214,367094266
1755625673,EURUSD,0,0,0.01,1.1667399999999999,0.0,0.0,0.0,202408,EmpireIA,367098622,367098622
1755625674,EURUSD,1,1,0.01,1.16661,-0.13,0.0,0.0,202408,[sl 1.16661],367098622,367098644
1755625733,EURUSD,0,0,0.01,1.16683,0.0,0.0,0.0,202408,EmpireIA,367100648,367100648
1755625793,EURUSD,0,0,0.01,1.16686,0.0,0.0,0.0,202408,EmpireIA,367102560,367102560
1755625853,EURUSD,0,0,0.01,1.16693,0.0,0.0,0.0,202408,EmpireIA,367104385,367104385
1755625870,EURUSD,1,1,0.01,1.16684,0.21,0.0,0.0,202408,[tp 1.16684],367081592,367104954
1755625871,EURUSD,1,1,0.01,1.16685,0.15,0.0,0.0,202408,[tp 1.16685],367070575,367104981
1755625901,EURUSD,1,1,0.01,1.16697,0.14,0.0,0.0,202408,[tp 1.16697],367100648,367107080
1755625905,EURUSD,1,1,0.01,1.16708,0.22,0.0,0.0,202408,[tp 1.16708],367102560,367107319
1755625909,EURUSD,1,1,0.01,1.1671,0.17,0.0,0.0,202408,[tp 1.16710],367104385,367107430
1755625913,EURUSD,0,0,0.01,1.16726,0.0,0.0,0.0,202408,EmpireIA,367107703,367107703
1755625972,EURUSD,1,1,0.01,1.16688,-0.38,0.0,0.0,202408,[sl 1.16688],367107703,367110299
1755625973,EURUSD,0,0,0.01,1.16705,0.0,0.0,0.0,202408,EmpireIA,367110324,367110324
1755626037,EURUSD,0,0,0.01,1.16693,0.0,0.0,0.0,202408,EmpireIA,367112410,367112410
1755626093,EURUSD,0,0,0.01,1.16715,0.0,0.0,0.0,202408,EmpireIA,367113918,367113918
1755626154,EURUSD,0,0,0.01,1.16698,0.0,0.0,0.0,202408,EmpireIA,367115762,367115762
1755626191,EURUSD,1,1,0.01,1.1671,0.17,0.0,0.0,202408,[tp 1.16710],367112410,367116804
1755626211,EURUSD,1,1,0.01,1.16724,0.19,0.0,0.0,202408,[tp 1.16724],367110324,367117315
1755626211,EURUSD,1,1,0.01,1.16726,0.28,0.0,0.0,202408,[tp 1.16726],367115762,367117368
1755626213,EURUSD,0,0,0.01,1.16736,0.0,0.0,0.0,202408,EmpireIA,367117511,367117511
1755626273,EURUSD,0,0,0.01,1.16732,0.0,0.0,0.0,202408,EmpireIA,367119646,367119646
1755626333,EURUSD,0,0,0.01,1.16736,0.0,0.0,0.0,202408,EmpireIA,367120879,367120879
1755626393,EURUSD,0,0,0.01,1.16723,0.0,0.0,0.0,202408,EmpireIA,367122992,367122992
1755626454,EURUSD,0,0,0.01,1.16726,0.0,0.0,0.0,202408,EmpireIA,367126209,367126209
1755626513,EURUSD,0,0,0.01,1.16734,0.0,0.0,0.0,202408,EmpireIA,367128667,367128667
1755626562,EURUSD,1,1,0.01,1.167,-0.36,0.0,0.0,202408,[sl 1.16700],367120879,367130203
1755626576,EURUSD,1,1,0.01,1.1669100000000001,-0.45,0.0,0.0,202408,[sl 1.16691],367117511,367130622
1755626576,EURUSD,1,1,0.01,1.1669100000000001,-0.43,0.0,0.0,202408,[sl 1.16691],367128667,367130623
1755626576,EURUSD,1,1,0.01,1.16689,-0.37,0.0,0.0,202408,[sl 1.16689],367126209,367130627
1755626579,EURUSD,1,1,0.01,1.16687,-0.36,0.0,0.0,202408,[sl 1.16687],367122992,367130687
1755626579,EURUSD,1,1,0.01,1.16685,-0.47,0.0,0.0,202408,[sl 1.16685],367119646,367130701
1755626592,EURUSD,1,1,0.01,1.16676,-0.39,0.0,0.0,202408,[sl 1.16676],367113918,367131159
1755626633,EURUSD,0,0,0.01,1.16693,0.0,0.0,0.0,202408,EmpireIA,367132259,367132259
1755626635,EURUSD,1,1,0.01,1.16681,-0.12,0.0,0.0,202408,[sl 1.16681],367132259,367132327
1755626753,EURUSD,0,0,0.01,1.16707,0.0,0.0,0.0,202408,EmpireIA,367134724,367134724
1755626755,EURUSD,1,1,0.01,1.1669100000000001,-0.16,0.0,0.0,202408,[sl 1.16691],367134724,367134742
1755626813,EURUSD,0,0,0.01,1.16679,0.0,0.0,0.0,202408,EmpireIA,367136196,367136196
1755626815,BTCUSD,0,1,0.02,113767.42,4.51,0.0,0.0,202408,[tp 113767.42],367085028,367136240
1755626868,BTCUSD,1,0,0.02,113632.56,0.0,0.0,0.0,202408,EmpireIA,367138487,367138487
1755626870,BTCUSD,0,1,0.02,113724.99,-1.85,0.0,0.0,202408,[sl 113724.99],367138487,367138552
1755626873,EURUSD,0,0,0.01,1.16689,0.0,0.0,0.0,202408,EmpireIA,367138675,367138675
1755626881,EURUSD,1,1,0.01,1.16676,-0.13,0.0,0.0,202408,[sl 1.16676],367138675,367139005
1755626928,BTCUSD,1,0,0.02,113840.06,0.0,0.0,0.0,202408,EmpireIA,367140669,367140669
1755626939,EURUSD,0,0,0.01,1.16714,0.0,0.0,0.0,202408,EmpireIA,367140899,367140899
1755626942,EURUSD,1,1,0.01,1.16708,0.29,0.0,0.0,202408,[tp 1.16708],367136196,367141021
1755626993,EURUSD,0,0,0.01,1.16718,0.0,0.0,0.0,202408,EmpireIA,367142352,367142352
1755627055,EURUSD,0,0,0.01,1.16709,0.0,0.0,0.0,202408,EmpireIA,367143821,367143821
1755627113,EURUSD,0,0,0.01,1.16726,0.0,0.0,0.0,202408,EmpireIA,367145815,367145815
1755627173,EURUSD,0,0,0.01,1.16734,0.0,0.0,0.0,202408,EmpireIA,367147375,367147375
1755627201,EURUSD,1,1,0.01,1.16741,0.32,0.0,0.0,202408,[tp 1.16741],367143821,367147979
1755627210,EURUSD,1,1,0.01,1.16743,0.29,0.0,0.0,202408,[tp 1.16743],367140899,367148306
1755627233,EURUSD,0,0,0.01,1.16754,0.0,0.0,0.0,202408,EmpireIA,367148834,367148834
1755627293,EURUSD,0,0,0.01,1.16745,0.0,0.0,0.0,202408,EmpireIA,367150303,367150303
1755627353,EURUSD,0,0,0.01,1.16744,0.0,0.0,0.0,202408,EmpireIA,367152187,367152187
1755627413,EURUSD,0,0,0.01,1.16742,0.0,0.0,0.0,202408,EmpireIA,367153737,367153737
1755627472,EURUSD,1,1,0.01,1.16717,-0.37,0.0,0.0,202408,[sl 1.16717],367148834,367155453
1755627473,EURUSD,0,0,0.01,1.16724,0.0,0.0,0.0,202408,EmpireIA,367155485,367155485
1755627502,EURUSD,1,1,0.01,1.16705,-0.4,0.0,0.0,202408,[sl 1.16705],367150303,367156117
1755627502,EURUSD,1,1,0.01,1.16704,-0.4,0.0,0.0,202408,[sl 1.16704],367152187,367156118
1755627506,EURUSD,1,1,0.01,1.16703,-0.39,0.0,0.0,202408,[sl 1.16703],367153737,367156229
1755627533,EURUSD,0,0,0.01,1.16717,0.0,0.0,0.0,202408,EmpireIA,367156727,367156727
1755627535,EURUSD,1,1,0.01,1.16705,-0.12,0.0,0.0,202408,[sl 1.16705],367156727,367156796
1755627593,EURUSD,0,0,0.01,1.16733,0.0,0.0,0.0,202408,EmpireIA,367157852,367157852
1755627653,EURUSD,0,0,0.01,1.16733,0.0,0.0,0.0,202408,EmpireIA,367159266,367159266
1755627680,BTCUSD,0,1,0.02,114001.71,-3.23,0.0,0.0,202408,[sl 114001.71],367140669,367159883
1755627708,BTCUSD,1,0,0.02,114002.8,0.0,0.0,0.0,202408,EmpireIA,367160411,367160411
1755627708,BTCUSD,0,1,0.02,114020.77,-0.36,0.0,0.0,202408,[sl 114020.77],367160411,367160414
1755627713,EURUSD,0,0,0.01,1.1673,0.0,0.0,0.0,202408,EmpireIA,367160496,367160496
1755627768,BTCUSD,1,0,0.02,113910.65,0.0,0.0,0.0,202408,EmpireIA,367161444,367161444
1755627769,BTCUSD,0,1,0.02,113928.74,-0.36,0.0,0.0,202408,[sl 113928.74],367161444,367161455
1755627828,BTCUSD,1,0,0.02,114122.66,0.0,0.0,0.0,202408,EmpireIA,367162669,367162669
1755627834,EURUSD,0,0,0.01,1.16729,0.0,0.0,0.0,202408,EmpireIA,367162889,367162889
1755627867,BTCUSD,0,1,0.02,114141.59,-0.38,0.0,0.0,202408,[sl 114141.59],367162669,367163784
1755627909,EURUSD,1,1,0.01,1.16698,-0.35,0.0,0.0,202408,[sl 1.16698],367159266,367165107
1755627909,EURUSD,1,1,0.01,1.16698,-0.31,0.0,0.0,202408,[sl 1.16698],367162889,367165108
1755627910,EURUSD,1,1,0.01,1.16697,-0.27,0.0,0.0,202408,[sl 1.16697],367155485,367165177
1755627910,EURUSD,1,1,0.01,1.16696,-0.37,0.0,0.0,202408,[sl 1.16696],367157852,367165178
1755627915,EURUSD,1,1,0.01,1.16695,-0.39,0.0,0.0,202408,[sl 1.16695],367147375,367165705
1755627916,EURUSD,1,1,0.01,1.16694,-0.36,0.0,0.0,202408,[sl 1.16694],367160496,367165763
1755627940,EURUSD,1,1,0.01,1.16686,-0.4,0.0,0.0,202408,[sl 1.16686],367145815,367166867
1755627948,BTCUSD,1,0,0.02,114053.07,0.0,0.0,0.0,202408,EmpireIA,367167074,367167074
1755627955,EURUSD,0,0,0.01,1.16705,0.0,0.0,0.0,202408,EmpireIA,367167192,367167192
1755627955,EURUSD,1,1,0.01,1.16693,-0.12,0.0,0.0,202408,[sl 1.16693],367167192,367167204
1755627956,BTCUSD,0,1,0.02,114073.13,-0.4,0.0,0.0,202408,[sl 114073.13],367167074,367167214
1755627961,BTCUSD,1,0,0.02,114102.83,0.0,0.0,0.0,202408,EmpireIA,367167320,367167320
1755627961,BTCUSD,0,1,0.02,114120.84,-0.36,0.0,0.0,202408,[sl 114120.84],367167320,367167326
1755627996,EURUSD,1,1,0.01,1.16682,-0.36,0.0,0.0,202408,[sl 1.16682],367142352,367168117
1755628008,BTCUSD,1,0,0.02,114172.8,0.0,0.0,0.0,202408,EmpireIA,367168594,367168594
1755628008,BTCUSD,0,1,0.02,114190.76,-0.36,0.0,0.0,202408,[sl 114190.76],367168594,367168596
1755628013,EURUSD,0,0,0.01,1.16685,0.0,0.0,0.0,202408,EmpireIA,367168762,367168762
1755628017,EURUSD,1,1,0.01,1.16672,-0.13,0.0,0.0,202408,[sl 1.16672],367168762,367168846
1755628068,BTCUSD,1,0,0.02,114117.85,0.0,0.0,0.0,202408,EmpireIA,367170045,367170045
1755628069,BTCUSD,0,1,0.02,114135.88,-0.36,0.0,0.0,202408,[sl 114135.88],367170045,367170110
1755628073,EURUSD,0,0,0.01,1.16703,0.0,0.0,0.0,202408,EmpireIA,367170281,367170281
1755628128,BTCUSD,1,0,0.02,114064.44,0.0,0.0,0.0,202408,EmpireIA,367171884,367171884
1755628128,BTCUSD,0,1,0.02,114082.44,-0.36,0.0,0.0,202408,[sl 114082.44],367171884,367171888
1755628133,EURUSD,0,0,0.01,1.16717,0.0,0.0,0.0,202408,EmpireIA,367171988,367171988
1755628188,BTCUSD,1,0,0.02,114057.27,0.0,0.0,0.0,202408,EmpireIA,367173868,367173868
1755628193,BTCUSD,0,1,0.02,114077.66,-0.4,0.0,0.0,202408,[sl 114077.66],367173868,367174008
1755628194,EURUSD,0,0,0.01,1.16707,0.0,0.0,0.0,202408,EmpireIA,367174017,367174017
1755628202,EURUSD,1,1,0.01,1.16695,-0.12,0.0,0.0,202408,[sl 1.16695],367174017,367174487
1755628226,EURUSD,1,1,0.01,1.16686,-0.31,0.0,0.0,202408,[sl 1.16686],367171988,367174999
1755628248,BTCUSD,1,0,0.02,114104.94,0.0,0.0,0.0,202408,EmpireIA,367175442,367175442
1755628254,EURUSD,0,0,0.01,1.16689,0.0,0.0,0.0,202408,EmpireIA,367175565,367175565
1755628255,EURUSD,1,1,0.01,1.16677,-0.12,0.0,0.0,202408,[sl 1.16677],367175565,367175591
1755628258,BTCUSD,0,1,0.02,114087.62,0.35,0.0,0.0,202408,[tp 114087.62],367175442,367175717
1755628308,BTCUSD,1,0,0.02,114037.9,0.0,0.0,0.0,202408,EmpireIA,367176710,367176710
1755628309,BTCUSD,0,1,0.02,114055.88,-0.36,0.0,0.0,202408,[sl 114055.88],367176710,367176720
1755628314,EURUSD,0,0,0.01,1.16686,0.0,0.0,0.0,202408,EmpireIA,367176842,367176842
1755628317,EURUSD,1,1,0.01,1.1667399999999999,-0.12,0.0,0.0,202408,[sl 1.16674],367176842,367176864
1755628368,BTCUSD,1,0,0.02,114024.08,0.0,0.0,0.0,202408,EmpireIA,367177622,367177622
1755628369,BTCUSD,0,1,0.02,114042.17,-0.36,0.0,0.0,202408,[sl 114042.17],367177622,367177630
1755628373,EURUSD,0,0,0.01,1.16678,0.0,0.0,0.0,202408,EmpireIA,367177675,367177675
1755628373,EURUSD,1,1,0.01,1.16666,-0.12,0.0,0.0,202408,[sl 1.16666],367177675,367177676
1755628373,EURUSD,1,1,0.01,1.1666400000000001,-0.39,0.0,0.0,202408,[sl 1.16664],367170281,367177682
1755628428,BTCUSD,1,0,0.02,113991.39,0.0,0.0,0.0,202408,EmpireIA,367178500,367178500
1755628428,BTCUSD,0,1,0.02,114009.35,-0.36,0.0,0.0,202408,[sl 114009.35],367178500,367178501
1755628433,EURUSD,0,0,0.01,1.16678,0.0,0.0,0.0,202408,EmpireIA,367178546,367178546
1755628438,EURUSD,1,1,0.01,1.1666400000000001,-0.14,0.0,0.0,202408,[sl 1.16664],367178546,367178580
1755628491,BTCUSD,1,0,0.03,114049.0,0.0,0.0,0.0,202408,EmpireIA,367179234,367179234
1755628492,BTCUSD,0,1,0.03,114067.0,-0.54,0.0,0.0,202408,[sl 114067.00],367179234,367179260
1755628496,EURUSD,0,0,0.01,1.16683,0.0,0.0,0.0,202408,EmpireIA,367179323,367179323
1755628497,EURUSD,1,1,0.01,1.16671,-0.12,0.0,0.0,202408,[sl 1.16671],367179323,367179324
1755628548,BTCUSD,1,0,0.03,114017.58,0.0,0.0,0.0,202408,EmpireIA,367180408,367180408
1755628553,EURUSD,0,0,0.01,1.16668,0.0,0.0,0.0,202408,EmpireIA,367180521,367180521
1755628569,EURUSD,1,1,0.01,1.16656,-0.12,0.0,0.0,202408,[sl 1.16656],367180521,367180878
1755628579,BTCUSD,0,1,0.03,114001.98,0.47,0.0,0.0,202408,[tp 114001.98],367180408,367180996
1755628608,BTCUSD,1,0,0.03,113901.43,0.0,0.0,0.0,202408,EmpireIA,367181575,367181575
1755628613,EURUSD,0,0,0.01,1.1667,0.0,0.0,0.0,202408,EmpireIA,367181668,367181668
1755628622,EURUSD,1,1,0.01,1.16658,-0.12,0.0,0.0,202408,[sl 1.16658],367181668,367181770
1755628673,EURUSD,0,0,0.01,1.16669,0.0,0.0,0.0,202408,EmpireIA,367182231,367182231
1755628677,BTCUSD,0,1,0.03,114023.64,-3.67,0.0,0.0,202408,[sl 114023.64],367181575,367182282
1755628682,EURUSD,1,1,0.01,1.16657,-0.12,0.0,0.0,202408,[sl 1.16657],367182231,367182351
1755628728,BTCUSD,1,0,0.04,113926.51,0.0,0.0,0.0,202408,EmpireIA,367183169,367183169
1755628733,EURUSD,0,0,0.01,1.16639,0.0,0.0,0.0,202408,EmpireIA,367183227,367183227
1755628797,EURUSD,0,0,0.01,1.16624,0.0,0.0,0.0,202408,EmpireIA,367184344,367184344
1755628833,EURUSD,1,1,0.01,1.1660300000000001,-0.36,0.0,0.0,202408,[sl 1.16603],367183227,367184938
1755628853,EURUSD,0,0,0.01,1.16627,0.0,0.0,0.0,202408,EmpireIA,367185460,367185460
1755628855,EURUSD,1,1,0.01,1.1661299999999999,-0.14,0.0,0.0,202408,[sl 1.16613],367185460,367185676
1755628914,EURUSD,0,0,0.01,1.16629,0.0,0.0,0.0,202408,EmpireIA,367186456,367186456
1755628929,BTCUSD,0,1,0.04,114030.02,-4.14,0.0,0.0,202408,[sl 114030.02],367183169,367186905
1755628963,EURUSD,1,1,0.01,1.16597,-0.32,0.0,0.0,202408,[sl 1.16597],367186456,367188082
1755629962,EURUSD,1,1,0.01,1.16587,-0.37,0.0,0.0,202408,[sl 1.16587],367184344,367205932
1755643718,BTCUSD,1,0,0.05,113298.81,0.0,0.0,0.0,202408,EmpireIA,367405820,367405820
1755643782,BTCUSD,0,1,0.05,113344.75,-2.3,0.0,0.0,202408,[sl 113344.75],367405820,367406307
1755685819,ETHUSD,0,0,0.2,4204.01,0.0,0.0,0.0,0,,367827347,367827347
1755691271,EURUSD,0,0,0.2,1.16398,0.0,0.0,0.0,0,,367906903,367906903
1755695819,EURUSD,1,1,0.2,1.1653,26.4,0.0,0.0,0,,367906903,367956043
1755761925,BTCUSD,1,0,0.14,113847.75,0.0,0.0,0.0,202408,EmpireIA,368992287,368992287
1755761933,EURUSD,1,0,0.01,1.16474,0.0,0.0,0.0,202408,EmpireIA,368992404,368992404
1755761934,EURUSD,0,1,0.01,1.16486,-0.12,0.0,0.0,202408,[sl 1.16486],368992404,368992414
1755762097,BTCUSD,1,0,0.02,113793.5,0.0,0.0,0.0,202408,EmpireIA,368994533,368994533
1755762108,EURUSD,1,0,0.01,1.16458,0.0,0.0,0.0,202408,EmpireIA,368994606,368994606
1755762109,EURUSD,0,1,0.01,1.1647,-0.12,0.0,0.0,202408,[sl 1.16470],368994606,368994615
1755762135,BTCUSD,0,1,0.02,113844.15,-1.01,0.0,0.0,202408,[sl 113844.15],368994533,368994769
1755762278,BTCUSD,1,0,0.02,113848.63,0.0,0.0,0.0,202408,EmpireIA,368995422,368995422
1755762285,EURUSD,1,0,0.01,1.16462,0.0,0.0,0.0,202408,EmpireIA,368995437,368995437
1755762287,EURUSD,0,1,0.01,1.16474,-0.12,0.0,0.0,202408,[sl 1.16474],368995437,368995440
1755762322,BTCUSD,0,1,0.14,113893.02,-6.33,0.0,0.0,202408,[sl 113893.02],368992287,368995706
1755762357,BTCUSD,0,1,0.02,113901.28,-1.06,0.0,0.0,202408,[sl 113901.28],368995422,368995882
1755762397,LNKUSD,0,0,29.32,25.836,0.0,0.0,0.0,202408,EmpireIA,368996187,368996187
1755762458,BTCUSD,1,0,0.03,113917.77,0.0,0.0,0.0,202408,EmpireIA,368996649,368996649
1755762462,EURUSD,1,0,0.01,1.16466,0.0,0.0,0.0,202408,EmpireIA,368996663,368996663
1755762463,EURUSD,0,1,0.01,1.16478,-0.12,0.0,0.0,202408,[sl 1.16478],368996663,368996670
1755762488,BTCUSD,0,1,0.03,113936.99,-0.58,0.0,0.0,202408,[sl 113936.99],368996649,368997248
1755762577,LNKUSD,0,0,3.21,25.821,0.0,0.0,0.0,202408,EmpireIA,368997920,368997920
1755762642,EURUSD,1,0,0.01,1.16464,0.0,0.0,0.0,202408,EmpireIA,368999126,368999126
1755762649,EURUSD,0,1,0.01,1.16476,-0.12,0.0,0.0,202408,[sl 1.16476],368999126,368999170
1755762737,LNKUSD,1,1,29.32,25.7,-398.75,0.0,0.0,202408,[sl 25.700],368996187,369000033
1755762739,LNKUSD,1,1,3.21,25.691,-41.73,0.0,0.0,202408,[sl 25.691],368997920,369000039
1755762757,BTCUSD,1,0,0.1,113838.29,0.0,0.0,0.0,202408,EmpireIA,369000165,369000165
1755762825,EURUSD,1,0,0.01,1.16469,0.0,0.0,0.0,202408,EmpireIA,369000685,369000685
1755762835,EURUSD,0,1,0.01,1.1648100000000001,-0.12,0.0,0.0,202408,[sl 1.16481],369000685,369000744
1755762850,BTCUSD,0,1,0.1,113890.45,-5.22,0.0,0.0,202408,[sl 113890.45],369000165,369000835
1755762877,LNKUSD,0,0,100.0,25.796,0.0,0.0,0.0,202408,EmpireIA,369000964,369000964
1755762937,BTCUSD,1,0,0.05,113857.94,0.0,0.0,0.0,202408,EmpireIA,369001235,369001235
1755762997,EURUSD,1,0,0.01,1.16453,0.0,0.0,0.0,202408,EmpireIA,369001985,369001985
1755762997,EURUSD,0,1,0.01,1.16466,-0.13,0.0,0.0,202408,[sl 1.16466],369001985,369001988
1755763125,EURUSD,1,0,0.01,1.16446,0.0,0.0,0.0,202408,EmpireIA,369003040,369003040
1755763125,EURUSD,0,1,0.01,1.16458,-0.12,0.0,0.0,202408,[sl 1.16458],369003040,369003043
1755763309,EURUSD,1,0,0.01,1.16459,0.0,0.0,0.0,202408,EmpireIA,369004873,369004873
1755763316,EURUSD,0,1,0.01,1.16471,-0.12,0.0,0.0,202408,[sl 1.16471],369004873,369004896
1755763360,BTCUSD,0,1,0.05,113789.87,3.41,0.0,0.0,202408,[tp 113789.87],369001235,369006108
1755763363,LNKUSD,0,0,3.21,25.712,0.0,0.0,0.0,202408,EmpireIA,369006190,369006190
1755763377,LNKUSD,1,1,100.0,25.625,-1710.0,0.0,0.0,202408,[sl 25.625],369000964,369006348
1755763418,BTCUSD,1,0,0.03,113785.55,0.0,0.0,0.0,202408,EmpireIA,369006890,369006890
1755763421,BTCUSD,0,1,0.03,113803.62,-0.54,0.0,0.0,202408,[sl 113803.62],369006890,369006961
1755763477,EURUSD,1,0,0.01,1.16448,0.0,0.0,0.0,202408,EmpireIA,369007840,369007840
1755763485,EURUSD,0,1,0.01,1.1646,-0.12,0.0,0.0,202408,[sl 1.16460],369007840,369007915
1755763536,LNKUSD,0,0,100.0,25.714,0.0,0.0,0.0,202408,EmpireIA,369008775,369008775
1755763560,LNKUSD,1,1,100.0,25.628,-860.0,0.0,0.0,202408,[sl 25.628],369008775,369008989
1755763570,LNKUSD,1,1,3.21,25.598,-36.59,0.0,0.0,202408,[sl 25.598],369006190,369009051
1755763598,BTCUSD,1,0,0.05,113669.42,0.0,0.0,0.0,202408,EmpireIA,369009522,369009522
1755763602,EURUSD,1,0,0.01,1.16453,0.0,0.0,0.0,202408,EmpireIA,369009581,369009581
1755763602,EURUSD,0,1,0.01,1.16465,-0.12,0.0,0.0,202408,[sl 1.16465],369009581,369009584
1755763655,BTCUSD,0,1,0.05,113651.43,0.9,0.0,0.0,202408,[tp 113651.43],369009522,369010306
1755763716,LNKUSD,0,0,25.39,25.653,0.0,0.0,0.0,202408,EmpireIA,369010985,369010985
1755763791,BTCUSD,1,0,0.03,113633.92,0.0,0.0,0.0,202408,EmpireIA,369011447,369011447
1755763793,BTCUSD,0,1,0.03,113651.93,-0.54,0.0,0.0,202408,[sl 113651.93],369011447,369011465
1755763800,EURUSD,1,0,0.01,1.1645,0.0,0.0,0.0,202408,EmpireIA,369011520,369011520
1755763802,EURUSD,0,1,0.01,1.16464,-0.14,0.0,0.0,202408,[sl 1.16464],369011520,369011582
1755763904,LNKUSD,1,0,100.0,25.601,0.0,0.0,0.0,202408,EmpireIA,369012518,369012518
1755763905,LNKUSD,0,1,100.0,25.688,-870.0,0.0,0.0,202408,[sl 25.688],369012518,369012530
1755763966,BTCUSD,1,0,0.03,113629.19,0.0,0.0,0.0,202408,EmpireIA,369013115,369013115
1755763968,BTCUSD,0,1,0.03,113647.28,-0.54,0.0,0.0,202408,[sl 113647.28],369013115,369013133
1755763975,EURUSD,1,0,0.01,1.16438,0.0,0.0,0.0,202408,EmpireIA,369013212,369013212
1755764148,BTCUSD,1,0,0.05,113761.22,0.0,0.0,0.0,202408,EmpireIA,369015654,369015654
1755764157,EURUSD,1,0,0.01,1.16429,0.0,0.0,0.0,202408,EmpireIA,369015767,369015767
1755764159,EURUSD,0,1,0.01,1.16441,-0.12,0.0,0.0,202408,[sl 1.16441],369015767,369015770
1755764268,BTCUSD,0,1,0.05,113793.21,-1.6,0.0,0.0,202408,[sl 113793.21],369015654,369017083
1755764284,EURUSD,0,1,0.01,1.1645,-0.12,0.0,0.0,202408,[sl 1.16450],369013212,369017366
1755764326,BTCUSD,1,0,0.03,113822.56,0.0,0.0,0.0,202408,EmpireIA,369017824,369017824
1755764330,BTCUSD,0,1,0.03,113840.61,-0.54,0.0,0.0,202408,[sl 113840.61],369017824,369018266
1755764336,EURUSD,1,0,0.01,1.16442,0.0,0.0,0.0,202408,EmpireIA,369018905,369018905
1755764392,EURUSD,0,1,0.01,1.1645699999999999,-0.15,0.0,0.0,202408,[sl 1.16457],369018905,369021238
1755764506,BTCUSD,1,0,0.04,113762.42,0.0,0.0,0.0,202408,EmpireIA,369022927,369022927
1755764516,EURUSD,1,0,0.01,1.16448,0.0,0.0,0.0,202408,EmpireIA,369022994,369022994
1755764562,LNKUSD,1,1,25.39,25.523,-330.07,0.0,0.0,202408,[sl 25.523],369010985,369023389
1755764586,BTCUSD,0,1,0.04,113780.51,-0.72,0.0,0.0,202408,[sl 113780.51],369022927,369023604
1755764610,EURUSD,0,1,0.01,1.1646,-0.12,0.0,0.0,202408,[sl 1.16460],369022994,369023822
1755764691,BTCUSD,1,0,0.04,113820.57,0.0,0.0,0.0,202408,EmpireIA,369024287,369024287
1755764693,BTCUSD,0,1,0.04,113842.46,-0.88,0.0,0.0,202408,[sl 113842.46],369024287,369024304
1755764695,EURUSD,1,0,0.01,1.1645699999999999,0.0,0.0,0.0,202408,EmpireIA,369024334,369024334
1755764700,EURUSD,0,1,0.01,1.16469,-0.12,0.0,0.0,202408,[sl 1.16469],369024334,369024375
1755764858,BTCUSD,1,0,0.04,113754.02,0.0,0.0,0.0,202408,EmpireIA,369025779,369025779
1755764859,BTCUSD,0,1,0.04,113772.13,-0.73,0.0,0.0,202408,[sl 113772.13],369025779,369025782
1755764862,EURUSD,1,0,0.01,1.1647,0.0,0.0,0.0,202408,EmpireIA,369025792,369025792
1755764863,EURUSD,0,1,0.01,1.16483,-0.13,0.0,0.0,202408,[sl 1.16483],369025792,369025797
1755765039,BTCUSD,1,0,0.06,113768.32,0.0,0.0,0.0,202408,EmpireIA,369027401,369027401
1755765050,EURUSD,1,0,0.01,1.16472,0.0,0.0,0.0,202408,EmpireIA,369027517,369027517
1755765051,EURUSD,0,1,0.01,1.1648399999999999,-0.12,0.0,0.0,202408,[sl 1.16484],369027517,369027524
1755765078,BTCUSD,0,1,0.06,113810.38,-2.52,0.0,0.0,202408,[sl 113810.38],369027401,369027712
1755765218,BTCUSD,1,0,0.04,113840.46,0.0,0.0,0.0,202408,EmpireIA,369029403,369029403
1755765222,BTCUSD,0,1,0.04,113858.49,-0.72,0.0,0.0,202408,[sl 113858.49],369029403,369029468
1755765223,EURUSD,1,0,0.01,1.16463,0.0,0.0,0.0,202408,EmpireIA,369029482,369029482
1755765223,EURUSD,0,1,0.01,1.16475,-0.12,0.0,0.0,202408,[sl 1.16475],369029482,369029489
1755765398,BTCUSD,1,0,0.05,113852.72,0.0,0.0,0.0,202408,EmpireIA,369031313,369031313
1755765399,BTCUSD,0,1,0.05,113870.77,-0.9,0.0,0.0,202408,[sl 113870.77],369031313,369031328
1755765402,EURUSD,1,0,0.01,1.16471,0.0,0.0,0.0,202408,EmpireIA,369031348,369031348
1755765578,BTCUSD,1,0,0.05,113828.31,0.0,0.0,0.0,202408,EmpireIA,369032517,369032517
1755765580,BTCUSD,0,1,0.05,113853.56,-1.26,0.0,0.0,202408,[sl 113853.56],369032517,369032552
1755765587,EURUSD,1,0,0.01,1.16462,0.0,0.0,0.0,202408,EmpireIA,369032595,369032595
1755765591,EURUSD,0,1,0.01,1.16474,-0.12,0.0,0.0,202408,[sl 1.16474],369032595,369032621
1755765607,EURUSD,0,1,0.01,1.16483,-0.12,0.0,0.0,202408,[sl 1.16483],369031348,369032776
1755765758,BTCUSD,1,0,0.05,113851.27,0.0,0.0,0.0,202408,EmpireIA,369033894,369033894
1755765761,BTCUSD,0,1,0.05,113869.3,-0.91,0.0,0.0,202408,[sl 113869.30],369033894,369033935
1755765762,EURUSD,1,0,0.01,1.1646,0.0,0.0,0.0,202408,EmpireIA,369033943,369033943
1755765763,EURUSD,0,1,0.01,1.16473,-0.13,0.0,0.0,202408,[sl 1.16473],369033943,369033944
1755765938,BTCUSD,1,0,0.06,113878.29,0.0,0.0,0.0,202408,EmpireIA,369035197,369035197
1755765942,EURUSD,1,0,0.01,1.16468,0.0,0.0,0.0,202408,EmpireIA,369035239,369035239
1755765943,EURUSD,0,1,0.01,1.1648100000000001,-0.13,0.0,0.0,202408,[sl 1.16481],369035239,369035270
1755765981,BTCUSD,0,1,0.06,113914.38,-2.16,0.0,0.0,202408,[sl 113914.38],369035197,369035521
1755766118,BTCUSD,1,0,0.05,113930.31,0.0,0.0,0.0,202408,EmpireIA,369037150,369037150
1755766123,EURUSD,1,0,0.01,1.16469,0.0,0.0,0.0,202408,EmpireIA,369037201,369037201
1755766131,EURUSD,0,1,0.01,1.1648100000000001,-0.12,0.0,0.0,202408,[sl 1.16481],369037201,369037261
1755766164,BTCUSD,0,1,0.05,113948.39,-0.9,0.0,0.0,202408,[sl 113948.39],369037150,369037439
1755766298,BTCUSD,1,0,0.05,113937.56,0.0,0.0,0.0,202408,EmpireIA,369038619,369038619
1755766298,BTCUSD,0,1,0.05,113955.62,-0.9,0.0,0.0,202408,[sl 113955.62],369038619,369038620
1755766302,EURUSD,1,0,0.01,1.16458,0.0,0.0,0.0,202408,EmpireIA,369038817,369038817
1755766304,EURUSD,0,1,0.01,1.16474,-0.16,0.0,0.0,202408,[sl 1.16474],369038817,369038825
1755766478,BTCUSD,1,0,0.05,113963.13,0.0,0.0,0.0,202408,EmpireIA,369040850,369040850
1755766479,BTCUSD,0,1,0.05,113981.24,-0.9,0.0,0.0,202408,[sl 113981.24],369040850,369040851
1755766484,EURUSD,1,0,0.01,1.1648,0.0,0.0,0.0,202408,EmpireIA,369040920,369040920
1755766507,EURUSD,0,1,0.01,1.16492,-0.12,0.0,0.0,202408,[sl 1.16492],369040920,369041362
1755766660,BTCUSD,1,0,0.05,113993.1,0.0,0.0,0.0,202408,EmpireIA,369042471,369042471
1755766664,BTCUSD,0,1,0.05,114011.19,-0.9,0.0,0.0,202408,[sl 114011.19],369042471,369042480
1755766665,EURUSD,1,0,0.01,1.16488,0.0,0.0,0.0,202408,EmpireIA,369042483,369042483
1755766772,EURUSD,0,1,0.01,1.165,-0.12,0.0,0.0,202408,[sl 1.16500],369042483,369043412
1755766839,BTCUSD,1,0,0.06,113968.52,0.0,0.0,0.0,202408,EmpireIA,369044802,369044802
1755766846,EURUSD,1,0,0.01,1.16492,0.0,0.0,0.0,202408,EmpireIA,369044906,369044906
1755766922,BTCUSD,0,1,0.06,113932.39,2.17,0.0,0.0,202408,[tp 113932.39],369044802,369045829
1755767018,BTCUSD,1,0,0.06,113814.29,0.0,0.0,0.0,202408,EmpireIA,369046793,369046793
1755767019,BTCUSD,0,1,0.06,113832.32,-1.08,0.0,0.0,202408,[sl 113832.32],369046793,369046801
1755767022,EURUSD,1,0,0.01,1.16475,0.0,0.0,0.0,202408,EmpireIA,369046820,369046820
1755767024,EURUSD,0,1,0.01,1.16487,-0.12,0.0,0.0,202408,[sl 1.16487],369046820,369046850
1755767055,EURUSD,0,1,0.01,1.1648,0.12,0.0,0.0,202408,[tp 1.16480],369044906,369047296
1755767198,BTCUSD,1,0,0.05,113646.98,0.0,0.0,0.0,202408,EmpireIA,369049959,369049959
1755767203,EURUSD,1,0,0.01,1.16459,0.0,0.0,0.0,202408,EmpireIA,369049998,369049998
1755767203,EURUSD,0,1,0.01,1.16471,-0.12,0.0,0.0,202408,[sl 1.16471],369049998,369050000
1755767378,BTCUSD,1,0,0.01,113635.1,0.0,0.0,0.0,202408,EmpireIA,369052955,369052955
1755767381,BTCUSD,0,1,0.01,113653.1,-0.18,0.0,0.0,202408,[sl 113653.10],369052955,369052969
1755767382,EURUSD,1,0,0.01,1.16428,0.0,0.0,0.0,202408,EmpireIA,369052978,369052978
1755767383,EURUSD,0,1,0.01,1.16445,-0.17,0.0,0.0,202408,[sl 1.16445],369052978,369052988
1755767426,BTCUSD,0,1,0.05,113682.58,-1.78,0.0,0.0,202408,[sl 113682.58],369049959,369053516
1755767562,BTCUSD,1,0,0.04,113620.96,0.0,0.0,0.0,202408,EmpireIA,369055097,369055097
1755767567,EURUSD,1,0,0.01,1.16433,0.0,0.0,0.0,202408,EmpireIA,369055132,369055132
1755767595,BTCUSD,0,1,0.04,113656.9,-1.44,0.0,0.0,202408,[sl 113656.90],369055097,369055411
1755767738,BTCUSD,1,0,0.04,113638.74,0.0,0.0,0.0,202408,EmpireIA,369057677,369057677
1755767740,BTCUSD,0,1,0.04,113656.82,-0.72,0.0,0.0,202408,[sl 113656.82],369057677,369058071
1755767742,EURUSD,1,0,0.01,1.16416,0.0,0.0,0.0,202408,EmpireIA,369058233,369058233
1755767745,EURUSD,0,1,0.01,1.16428,-0.12,0.0,0.0,202408,[sl 1.16428],369058233,369058309
1755767874,EURUSD,0,1,0.01,1.16451,-0.18,0.0,0.0,202408,[sl 1.16451],369055132,369061339
1755767918,BTCUSD,1,0,0.08,113629.5,0.0,0.0,0.0,202408,EmpireIA,369061977,369061977
1755767923,EURUSD,1,0,0.01,1.16438,0.0,0.0,0.0,202408,EmpireIA,369062044,369062044
1755767950,BTCUSD,0,1,0.08,113671.39,-3.35,0.0,0.0,202408,[sl 113671.39],369061977,369062381
1755768096,EURUSD,0,1,0.01,1.16413,0.25,0.0,0.0,202408,[tp 1.16413],369062044,369064032
1755768098,BTCUSD,1,0,0.09,113625.35,0.0,0.0,0.0,202408,EmpireIA,369064134,369064134
1755768102,EURUSD,1,0,0.01,1.16403,0.0,0.0,0.0,202408,EmpireIA,369064251,369064251
1755768139,EURUSD,0,1,0.01,1.16373,0.3,0.0,0.0,202408,[tp 1.16373],369064251,369065565
1755768278,BTCUSD,1,0,0.02,113617.0,0.0,0.0,0.0,202408,EmpireIA,369069136,369069136
1755768283,EURUSD,1,0,0.01,1.16352,0.0,0.0,0.0,202408,EmpireIA,369069159,369069159
1755768295,EURUSD,0,1,0.01,1.16365,-0.13,0.0,0.0,202408,[sl 1.16365],369069159,369069290
1755768467,EURUSD,1,0,0.01,1.16339,0.0,0.0,0.0,202408,EmpireIA,369071636,369071636
1755768471,EURUSD,0,1,0.01,1.16351,-0.12,0.0,0.0,202408,[sl 1.16351],369071636,369071681
1755768641,BTCUSD,0,1,0.02,113657.8,-0.82,0.0,0.0,202408,[sl 113657.80],369069136,369075000
1755768642,EURUSD,1,0,0.01,1.16358,0.0,0.0,0.0,202408,EmpireIA,369075005,369075005
1755768644,EURUSD,0,1,0.01,1.1637,-0.12,0.0,0.0,202408,[sl 1.16370],369075005,369075024
1755768689,BTCUSD,0,1,0.09,113677.95,-4.74,0.0,0.0,202408,[sl 113677.95],369064134,369075584
1755768698,BTCUSD,1,0,0.06,113667.04,0.0,0.0,0.0,202408,EmpireIA,369075633,369075633
1755768705,BTCUSD,0,1,0.06,113685.07,-1.08,0.0,0.0,202408,[sl 113685.07],369075633,369075671
1755768817,EURUSD,1,0,0.01,1.16332,0.0,0.0,0.0,202408,EmpireIA,369076665,369076665
1755768819,EURUSD,0,1,0.01,1.16344,-0.12,0.0,0.0,202408,[sl 1.16344],369076665,369076680
1755768877,BTCUSD,1,0,0.08,113675.82,0.0,0.0,0.0,202408,EmpireIA,369077251,369077251
1755768883,BTCUSD,0,1,0.08,113693.82,-1.44,0.0,0.0,202408,[sl 113693.82],369077251,369077319
1755768997,EURUSD,1,0,0.01,1.16344,0.0,0.0,0.0,202408,EmpireIA,369079367,369079367
1755769058,BTCUSD,1,0,0.07,113778.43,0.0,0.0,0.0,202408,EmpireIA,369080140,369080140
1755769059,BTCUSD,0,1,0.07,113796.42,-1.26,0.0,0.0,202408,[sl 113796.42],369080140,369080151
1755769177,EURUSD,1,0,0.01,1.1632500000000001,0.0,0.0,0.0,202408,EmpireIA,369081376,369081376
1755769182,EURUSD,0,1,0.01,1.16344,-0.19,0.0,0.0,202408,[sl 1.16344],369081376,369081413
1755769238,BTCUSD,1,0,0.06,113701.24,0.0,0.0,0.0,202408,EmpireIA,369082525,369082525
1755769239,BTCUSD,0,1,0.06,113719.24,-1.08,0.0,0.0,202408,[sl 113719.24],369082525,369082534
1755769358,EURUSD,1,0,0.01,1.16331,0.0,0.0,0.0,202408,EmpireIA,369084074,369084074
1755769420,BTCUSD,1,0,0.06,113731.2,0.0,0.0,0.0,202408,EmpireIA,369084347,369084347
1755769420,BTCUSD,0,1,0.06,113749.22,-1.08,0.0,0.0,202408,[sl 113749.22],369084347,369084348
1755769508,EURUSD,0,1,0.01,1.16314,0.3,0.0,0.0,202408,[tp 1.16314],369079367,369085664
1755769524,EURUSD,0,1,0.01,1.16302,0.29,0.0,0.0,202408,[tp 1.16302],369084074,369085918
1755769540,EURUSD,1,0,0.01,1.16288,0.0,0.0,0.0,202408,EmpireIA,369086170,369086170
1755769572,EURUSD,0,1,0.01,1.16313,-0.25,0.0,0.0,202408,[sl 1.16313],369086170,369086692
1755769598,BTCUSD,1,0,0.06,113758.19,0.0,0.0,0.0,202408,EmpireIA,369087057,369087057
1755769598,BTCUSD,0,1,0.06,113776.25,-1.09,0.0,0.0,202408,[sl 113776.25],369087057,369087058
1755769717,EURUSD,1,0,0.01,1.16318,0.0,0.0,0.0,202408,EmpireIA,369088101,369088101
1755769778,BTCUSD,1,0,0.05,113753.87,0.0,0.0,0.0,202408,EmpireIA,369088706,369088706
1755769779,BTCUSD,0,1,0.05,113771.95,-0.91,0.0,0.0,202408,[sl 113771.95],369088706,369088715
1755769897,EURUSD,1,0,0.01,1.16309,0.0,0.0,0.0,202408,EmpireIA,369089741,369089741
1755769958,BTCUSD,1,0,0.06,113740.67,0.0,0.0,0.0,202408,EmpireIA,369090149,369090149
1755769962,BTCUSD,0,1,0.06,113758.71,-1.08,0.0,0.0,202408,[sl 113758.71],369090149,369090174
1755769985,EURUSD,0,1,0.01,1.16292,0.26,0.0,0.0,202408,[tp 1.16292],369088101,369090432
1755769995,EURUSD,0,1,0.01,1.16278,0.31,0.0,0.0,202408,[tp 1.16278],369089741,369090853
1755770077,EURUSD,1,0,0.01,1.16269,0.0,0.0,0.0,202408,EmpireIA,369092564,369092564
1755770089,EURUSD,0,1,0.01,1.16281,-0.12,0.0,0.0,202408,[sl 1.16281],369092564,369092679
1755770138,BTCUSD,1,0,0.06,113870.28,0.0,0.0,0.0,202408,EmpireIA,369093613,369093613
1755770225,BTCUSD,0,1,0.06,113833.76,2.19,0.0,0.0,202408,[tp 113833.76],369093613,369095182
1755770257,EURUSD,1,0,0.01,1.16278,0.0,0.0,0.0,202408,EmpireIA,369095751,369095751
1755770295,EURUSD,0,1,0.01,1.1630099999999999,-0.23,0.0,0.0,202408,[sl 1.16301],369095751,369096556
1755770322,BTCUSD,1,0,0.05,113826.54,0.0,0.0,0.0,202408,EmpireIA,369097006,369097006
1755770324,BTCUSD,0,1,0.05,113844.55,-0.9,0.0,0.0,202408,[sl 113844.55],369097006,369097039
1755770447,EURUSD,1,0,0.01,1.16267,0.0,0.0,0.0,202408,EmpireIA,369099235,369099235
1755770498,BTCUSD,1,0,0.06,113679.02,0.0,0.0,0.0,202408,EmpireIA,369100117,369100117
1755770617,EURUSD,1,0,0.01,1.16256,0.0,0.0,0.0,202408,EmpireIA,369101249,369101249
1755770673,BTCUSD,0,1,0.06,113725.72,-2.8,0.0,0.0,202408,[sl 113725.72],369100117,369101774
1755770678,BTCUSD,1,0,0.07,113711.44,0.0,0.0,0.0,202408,EmpireIA,369101790,369101790
1755770695,EURUSD,0,1,0.01,1.1628,-0.24,0.0,0.0,202408,[sl 1.16280],369101249,369101879
1755770699,BTCUSD,0,1,0.07,113754.19,-2.99,0.0,0.0,202408,[sl 113754.19],369101790,369101904
1755770797,EURUSD,1,0,0.01,1.16291,0.0,0.0,0.0,202408,EmpireIA,369102896,369102896
1755770805,EURUSD,0,1,0.01,1.1631,-0.43,0.0,0.0,202408,[sl 1.16310],369099235,369102946
1755770806,EURUSD,0,1,0.01,1.16311,-0.2,0.0,0.0,202408,[sl 1.16311],369102896,369102974
1755770858,BTCUSD,1,0,0.05,113776.36,0.0,0.0,0.0,202408,EmpireIA,369103420,369103420
1755770859,BTCUSD,0,1,0.05,113794.47,-0.9,0.0,0.0,202408,[sl 113794.47],369103420,369103488
1755770977,EURUSD,1,0,0.01,1.16316,0.0,0.0,0.0,202408,EmpireIA,369105430,369105430
1755770977,EURUSD,0,1,0.01,1.16328,-0.12,0.0,0.0,202408,[sl 1.16328],369105430,369105431
1755771041,BTCUSD,1,0,0.04,113757.34,0.0,0.0,0.0,202408,EmpireIA,369106182,369106182
1755771047,BTCUSD,0,1,0.04,113775.82,-0.74,0.0,0.0,202408,[sl 113775.82],369106182,369106323
1755771161,EURUSD,1,0,0.01,1.16344,0.0,0.0,0.0,202408,EmpireIA,369107778,369107778
1755771222,BTCUSD,1,0,0.05,113680.8,0.0,0.0,0.0,202408,EmpireIA,369109068,369109068
1755771300,EURUSD,0,1,0.01,1.16367,-0.23,0.0,0.0,202408,[sl 1.16367],369107778,369110607
1755771348,EURUSD,1,0,0.01,1.16409,0.0,0.0,0.0,202408,EmpireIA,369111930,369111930
1755771357,EURUSD,0,1,0.01,1.1642299999999999,-0.14,0.0,0.0,202408,[sl 1.16423],369111930,369112069
1755771400,BTCUSD,1,0,0.01,113661.01,0.0,0.0,0.0,202408,EmpireIA,369112624,369112624
1755771517,EURUSD,1,0,0.01,1.16404,0.0,0.0,0.0,202408,EmpireIA,369114016,369114016
1755771520,EURUSD,0,1,0.01,1.16416,-0.12,0.0,0.0,202408,[sl 1.16416],369114016,369114028
1755771636,BTCUSD,0,1,0.05,113609.05,3.59,0.0,0.0,202408,[tp 113609.05],369109068,369115108
1755771643,BTCUSD,1,0,0.02,113590.46,0.0,0.0,0.0,202408,EmpireIA,369115176,369115176
1755771651,EURUSD,1,0,0.01,1.16414,0.0,0.0,0.0,202408,EmpireIA,369115271,369115271
1755771651,EURUSD,0,1,0.01,1.16426,-0.12,0.0,0.0,202408,[sl 1.16426],369115271,369115290
1755771720,BTCUSD,0,1,0.02,113657.28,-1.34,0.0,0.0,202408,[sl 113657.28],369115176,369115790
1755771836,BTCUSD,1,0,0.01,113641.48,0.0,0.0,0.0,202408,EmpireIA,369116374,369116374
1755771840,BTCUSD,0,1,0.01,113663.12,-0.22,0.0,0.0,202408,[sl 113663.12],369116374,369116394
1755771875,EURUSD,1,0,0.01,1.16427,0.0,0.0,0.0,202408,EmpireIA,369116654,369116654
1755771883,BTCUSD,0,1,0.01,113707.6,-0.47,0.0,0.0,202408,[sl 113707.60],369112624,369116723
1755771999,BTCUSD,1,0,0.05,113767.97,0.0,0.0,0.0,202408,EmpireIA,369117980,369117980
1755772006,EURUSD,1,0,0.01,1.16422,0.0,0.0,0.0,202408,EmpireIA,369118015,369118015
1755772008,EURUSD,0,1,0.01,1.16434,-0.12,0.0,0.0,202408,[sl 1.16434],369118015,369118023
1755772037,BTCUSD,0,1,0.05,113749.92,0.9,0.0,0.0,202408,[tp 113749.92],369117980,369118141
1755772179,BTCUSD,1,0,0.07,113688.19,0.0,0.0,0.0,202408,EmpireIA,369119188,369119188
1755772186,EURUSD,1,0,0.01,1.16425,0.0,0.0,0.0,202408,EmpireIA,369119235,369119235
1755772186,EURUSD,0,1,0.01,1.16437,-0.12,0.0,0.0,202408,[sl 1.16437],369119235,369119236
1755772187,EURUSD,0,1,0.01,1.16442,-0.15,0.0,0.0,202408,[sl 1.16442],369116654,369119239
1755772326,BTCUSD,0,1,0.07,113733.31,-3.16,0.0,0.0,202408,[sl 113733.31],369119188,369121951
1755772367,BTCUSD,1,0,0.04,113725.17,0.0,0.0,0.0,202408,EmpireIA,369122967,369122967
1755772377,EURUSD,1,0,0.01,1.16516,0.0,0.0,0.0,202408,EmpireIA,369123044,369123044
1755772392,BTCUSD,0,1,0.04,113743.26,-0.72,0.0,0.0,202408,[sl 113743.26],369122967,369123295
1755772543,BTCUSD,1,0,0.04,113858.42,0.0,0.0,0.0,202408,EmpireIA,369124930,369124930
1755772543,BTCUSD,0,1,0.04,113876.82,-0.73,0.0,0.0,202408,[sl 113876.82],369124930,369124931
1755772553,EURUSD,1,0,0.01,1.16523,0.0,0.0,0.0,202408,EmpireIA,369124995,369124995
1755772554,EURUSD,0,1,0.01,1.16535,-0.12,0.0,0.0,202408,[sl 1.16535],369124995,369125011
1755772586,EURUSD,0,1,0.01,1.16546,-0.3,0.0,0.0,202408,[sl 1.16546],369123044,369125419
1755772719,BTCUSD,1,0,0.04,113908.46,0.0,0.0,0.0,202408,EmpireIA,369129126,369129126
1755772719,BTCUSD,0,1,0.04,113926.47,-0.72,0.0,0.0,202408,[sl 113926.47],369129126,369129135
1755772725,EURUSD,1,0,0.01,1.16558,0.0,0.0,0.0,202408,EmpireIA,369129253,369129253
1755772738,EURUSD,0,1,0.01,1.1657,-0.12,0.0,0.0,202408,[sl 1.16570],369129253,369129383
1755772899,BTCUSD,1,0,0.04,113871.24,0.0,0.0,0.0,202408,EmpireIA,369131632,369131632
1755772899,BTCUSD,0,1,0.04,113889.3,-0.72,0.0,0.0,202408,[sl 113889.30],369131632,369131635
1755772906,EURUSD,1,0,0.01,1.16548,0.0,0.0,0.0,202408,EmpireIA,369131687,369131687
1755772910,EURUSD,0,1,0.01,1.1656,-0.12,0.0,0.0,202408,[sl 1.16560],369131687,369131776
1755773081,BTCUSD,1,0,0.04,113861.79,0.0,0.0,0.0,202408,EmpireIA,369133066,369133066
1755773081,BTCUSD,0,1,0.04,113879.77,-0.72,0.0,0.0,202408,[sl 113879.77],369133066,369133069
1755773087,EURUSD,1,0,0.01,1.16547,0.0,0.0,0.0,202408,EmpireIA,369133120,369133120
1755773090,EURUSD,0,1,0.01,1.16559,-0.12,0.0,0.0,202408,[sl 1.16559],369133120,369133158
1755773259,BTCUSD,1,0,0.05,113872.75,0.0,0.0,0.0,202408,EmpireIA,369134847,369134847
1755773264,BTCUSD,0,1,0.05,113890.72,-0.9,0.0,0.0,202408,[sl 113890.72],369134847,369134912
1755773277,EURUSD,1,0,0.01,1.16541,0.0,0.0,0.0,202408,EmpireIA,369135325,369135325
1755773284,EURUSD,0,1,0.01,1.16553,-0.12,0.0,0.0,202408,[sl 1.16553],369135325,369135442
1755773438,BTCUSD,1,0,0.05,113898.2,0.0,0.0,0.0,202408,EmpireIA,369137777,369137777
1755773443,BTCUSD,0,1,0.05,113916.26,-0.9,0.0,0.0,202408,[sl 113916.26],369137777,369137843
1755773444,EURUSD,1,0,0.01,1.16572,0.0,0.0,0.0,202408,EmpireIA,369137846,369137846
1755773444,EURUSD,0,1,0.01,1.16585,-0.13,0.0,0.0,202408,[sl 1.16585],369137846,369137847
1755773619,BTCUSD,1,0,0.07,113907.29,0.0,0.0,0.0,202408,EmpireIA,369140392,369140392
1755773625,EURUSD,1,0,0.01,1.16566,0.0,0.0,0.0,202408,EmpireIA,369140566,369140566
1755773630,EURUSD,0,1,0.01,1.16578,-0.12,0.0,0.0,202408,[sl 1.16578],369140566,369140590
1755773799,BTCUSD,1,0,0.02,113894.92,0.0,0.0,0.0,202408,EmpireIA,369142260,369142260
1755773799,BTCUSD,0,1,0.02,113913.04,-0.36,0.0,0.0,202408,[sl 113913.04],369142260,369142261
1755773805,EURUSD,1,0,0.01,1.16606,0.0,0.0,0.0,202408,EmpireIA,369142286,369142286
1755773807,EURUSD,0,1,0.01,1.16618,-0.12,0.0,0.0,202408,[sl 1.16618],369142286,369142293
1755773811,BTCUSD,0,1,0.07,113925.32,-1.26,0.0,0.0,202408,[sl 113925.32],369140392,369142321
1755773980,BTCUSD,1,0,0.08,113881.21,0.0,0.0,0.0,202408,EmpireIA,369144997,369144997
1755773981,BTCUSD,0,1,0.08,113899.19,-1.44,0.0,0.0,202408,[sl 113899.19],369144997,369145017
1755773992,EURUSD,1,0,0.01,1.16574,0.0,0.0,0.0,202408,EmpireIA,369145089,369145089
1755773998,EURUSD,0,1,0.01,1.16586,-0.12,0.0,0.0,202408,[sl 1.16586],369145089,369145126
1755774161,BTCUSD,1,0,0.08,113879.05,0.0,0.0,0.0,202408,EmpireIA,369147384,369147384
1755774179,EURUSD,1,0,0.01,1.1654,0.0,0.0,0.0,202408,EmpireIA,369147498,369147498
1755774203,BTCUSD,0,1,0.08,113860.98,1.44,0.0,0.0,202408,[tp 113860.98],369147384,369147650
1755774215,EURUSD,0,1,0.01,1.16559,-0.19,0.0,0.0,202408,[sl 1.16559],369147498,369147689
1755774338,BTCUSD,1,0,0.07,113804.75,0.0,0.0,0.0,202408,EmpireIA,369148948,369148948
1755774340,BTCUSD,0,1,0.07,113822.71,-1.26,0.0,0.0,202408,[sl 113822.71],369148948,369148956
1755774350,EURUSD,1,0,0.01,1.16538,0.0,0.0,0.0,202408,EmpireIA,369149041,369149041
1755774520,BTCUSD,1,0,0.06,113956.86,0.0,0.0,0.0,202408,EmpireIA,369150380,369150380
1755774520,BTCUSD,0,1,0.06,113974.89,-1.08,0.0,0.0,202408,[sl 113974.89],369150380,369150381
1755774527,EURUSD,1,0,0.01,1.16541,0.0,0.0,0.0,202408,EmpireIA,369150480,369150480
1755774570,EURUSD,0,1,0.01,1.16562,-0.21,0.0,0.0,202408,[sl 1.16562],369150480,369151086
1755774570,EURUSD,0,1,0.01,1.16564,-0.26,0.0,0.0,202408,[sl 1.16564],369149041,369151087
1755774698,BTCUSD,1,0,0.06,113921.58,0.0,0.0,0.0,202408,EmpireIA,369152175,369152175
1755774702,BTCUSD,0,1,0.06,113939.64,-1.09,0.0,0.0,202408,[sl 113939.64],369152175,369152182
1755774712,EURUSD,1,0,0.01,1.16531,0.0,0.0,0.0,202408,EmpireIA,369152218,369152218
1755774726,EURUSD,0,1,0.01,1.16545,-0.14,0.0,0.0,202408,[sl 1.16545],369152218,369152305
1755774880,BTCUSD,1,0,0.06,113935.56,0.0,0.0,0.0,202408,EmpireIA,369153524,369153524
1755774885,EURUSD,1,0,0.01,1.1652,0.0,0.0,0.0,202408,EmpireIA,369153562,369153562
1755774903,EURUSD,0,1,0.01,1.16539,-0.19,0.0,0.0,202408,[sl 1.16539],369153562,369153860
1755774950,BTCUSD,0,1,0.06,113894.83,2.44,0.0,0.0,202408,[tp 113894.83],369153524,369154279
1755775058,BTCUSD,1,0,0.08,113890.6,0.0,0.0,0.0,202408,EmpireIA,369155352,369155352
1755775073,EURUSD,1,0,0.01,1.16521,0.0,0.0,0.0,202408,EmpireIA,369155481,369155481
1755775103,EURUSD,0,1,0.01,1.16538,-0.17,0.0,0.0,202408,[sl 1.16538],369155481,369155723
1755775136,BTCUSD,0,1,0.08,113812.58,6.24,0.0,0.0,202408,[tp 113812.58],369155352,369156405
1755775246,BTCUSD,1,0,0.06,113683.0,0.0,0.0,0.0,202408,EmpireIA,369158047,369158047
1755775253,EURUSD,1,0,0.01,1.16515,0.0,0.0,0.0,202408,EmpireIA,369158152,369158152
1755775274,EURUSD,0,1,0.01,1.16533,-0.18,0.0,0.0,202408,[sl 1.16533],369158152,369158334
1755775419,BTCUSD,1,0,0.01,113732.94,0.0,0.0,0.0,202408,EmpireIA,369159463,369159463
1755775422,BTCUSD,0,1,0.06,113752.87,-4.19,0.0,0.0,202408,[sl 113752.87],369158047,369159479
1755775422,BTCUSD,0,1,0.01,113750.94,-0.18,0.0,0.0,202408,[sl 113750.94],369159463,369159480
1755775424,EURUSD,1,0,0.01,1.16534,0.0,0.0,0.0,202408,EmpireIA,369159503,369159503
1755775438,EURUSD,0,1,0.01,1.16546,-0.12,0.0,0.0,202408,[sl 1.16546],369159503,369159837
1755775598,BTCUSD,1,0,0.05,113799.5,0.0,0.0,0.0,202408,EmpireIA,369162216,369162216
1755775612,EURUSD,1,0,0.01,1.16529,0.0,0.0,0.0,202408,EmpireIA,369162287,369162287
1755775700,EURUSD,0,1,0.01,1.16549,-0.2,0.0,0.0,202408,[sl 1.16549],369162287,369162739
1755775778,BTCUSD,1,0,0.01,113750.46,0.0,0.0,0.0,202408,EmpireIA,369163343,369163343
1755775784,EURUSD,1,0,0.01,1.1654,0.0,0.0,0.0,202408,EmpireIA,369163382,369163382
1755775800,EURUSD,0,1,0.01,1.16553,-0.13,0.0,0.0,202408,[sl 1.16553],369163382,369163459
1755775965,EURUSD,0,0,0.01,1.16566,0.0,0.0,0.0,202408,EmpireIA,369165210,369165210
1755776008,EURUSD,1,1,0.01,1.16581,0.15,0.0,0.0,202408,[tp 1.16581],369165210,369165576
1755776150,EURUSD,0,0,0.01,1.16574,0.0,0.0,0.0,202408,EmpireIA,369166901,369166901
1755776324,EURUSD,0,0,0.01,1.1657,0.0,0.0,0.0,202408,EmpireIA,369167757,369167757
1755776497,EURUSD,1,1,0.01,1.1654,-0.3,0.0,0.0,202408,[sl 1.16540],369167757,369168748
1755776504,EURUSD,1,0,0.01,1.16541,0.0,0.0,0.0,202408,EmpireIA,369168775,369168775
1755776526,EURUSD,1,1,0.01,1.16537,-0.37,0.0,0.0,202408,[sl 1.16537],369166901,369168873
1755776568,BTCUSD,0,1,0.01,113819.15,-0.69,0.0,0.0,202408,[sl 113819.15],369163343,369169642
1755776620,BTCUSD,1,0,0.01,113777.21,0.0,0.0,0.0,202408,EmpireIA,369170477,369170477
1755776622,BTCUSD,0,1,0.01,113795.23,-0.18,0.0,0.0,202408,[sl 113795.23],369170477,369170484
1755776644,EURUSD,1,0,0.01,1.16524,0.0,0.0,0.0,202408,EmpireIA,369170641,369170641
1755776708,EURUSD,0,1,0.01,1.16546,-0.22,0.0,0.0,202408,[sl 1.16546],369170641,369171255
1755776799,BTCUSD,1,0,0.01,113800.86,0.0,0.0,0.0,202408,EmpireIA,369173284,369173284
1755776800,BTCUSD,0,1,0.01,113818.92,-0.18,0.0,0.0,202408,[sl 113818.92],369173284,369173305
1755776812,EURUSD,1,0,0.01,1.16532,0.0,0.0,0.0,202408,EmpireIA,369173533,369173533
1755776888,EURUSD,0,1,0.01,1.1655,-0.18,0.0,0.0,202408,[sl 1.16550],369173533,369174766
1755776980,BTCUSD,1,0,0.03,113746.28,0.0,0.0,0.0,202408,EmpireIA,369175975,369175975
1755776987,EURUSD,1,0,0.01,1.16529,0.0,0.0,0.0,202408,EmpireIA,369176024,369176024
1755776997,EURUSD,0,1,0.01,1.16544,-0.15,0.0,0.0,202408,[sl 1.16544],369176024,369176164
1755777000,BTCUSD,0,1,0.05,113709.25,4.52,0.0,0.0,202408,[tp 113709.25],369162216,369176194
1755777025,BTCUSD,0,1,0.03,113695.46,1.53,0.0,0.0,202408,[tp 113695.46],369175975,369176492
1755777039,EURUSD,0,1,0.01,1.1656,-0.19,0.0,0.0,202408,[sl 1.16560],369168775,369176855
1755777164,BTCUSD,1,0,0.08,113641.26,0.0,0.0,0.0,202408,EmpireIA,369178116,369178116
1755777176,EURUSD,1,0,0.01,1.16532,0.0,0.0,0.0,202408,EmpireIA,369178249,369178249
1755777217,EURUSD,0,1,0.01,1.16548,-0.16,0.0,0.0,202408,[sl 1.16548],369178249,369178964
1755777338,BTCUSD,1,0,0.01,113614.63,0.0,0.0,0.0,202408,EmpireIA,369180964,369180964
1755777344,EURUSD,1,0,0.01,1.16556,0.0,0.0,0.0,202408,EmpireIA,369181196,369181196
1755777347,EURUSD,0,1,0.01,1.16568,-0.12,0.0,0.0,202408,[sl 1.16568],369181196,369181267
1755777422,BTCUSD,0,1,0.01,113632.69,-0.18,0.0,0.0,202408,[sl 113632.69],369180964,369182458
1755777422,BTCUSD,0,1,0.08,113686.33,-3.61,0.0,0.0,202408,[sl 113686.33],369178116,369182482
1755777519,BTCUSD,1,0,0.05,113605.84,0.0,0.0,0.0,202408,EmpireIA,369183544,369183544
1755777524,BTCUSD,0,1,0.05,113623.93,-0.91,0.0,0.0,202408,[sl 113623.93],369183544,369183573
1755777534,EURUSD,1,0,0.01,1.16549,0.0,0.0,0.0,202408,EmpireIA,369183620,369183620
1755777699,BTCUSD,1,0,0.05,113546.13,0.0,0.0,0.0,202408,EmpireIA,369187358,369187358
1755777704,EURUSD,1,0,0.01,1.16536,0.0,0.0,0.0,202408,EmpireIA,369187451,369187451
1755777730,BTCUSD,0,1,0.05,113528.11,0.9,0.0,0.0,202408,[tp 113528.11],369187358,369187850
1755777748,EURUSD,0,1,0.01,1.16557,-0.21,0.0,0.0,202408,[sl 1.16557],369187451,369188205
1755777749,EURUSD,0,1,0.01,1.16561,-0.12,0.0,0.0,202408,[sl 1.16561],369183620,369188223
1755777880,BTCUSD,1,0,0.05,113489.79,0.0,0.0,0.0,202408,EmpireIA,369189434,369189434
1755777880,BTCUSD,0,1,0.05,113507.85,-0.9,0.0,0.0,202408,[sl 113507.85],369189434,369189437
1755777890,EURUSD,1,0,0.01,1.16551,0.0,0.0,0.0,202408,EmpireIA,369189493,369189493
1755777898,EURUSD,0,1,0.01,1.16563,-0.12,0.0,0.0,202408,[sl 1.16563],369189493,369189523
1755778060,BTCUSD,1,0,0.04,113486.95,0.0,0.0,0.0,202408,EmpireIA,369190906,369190906
1755778060,BTCUSD,0,1,0.04,113505.06,-0.72,0.0,0.0,202408,[sl 113505.06],369190906,369190907
1755778082,EURUSD,1,0,0.01,1.16552,0.0,0.0,0.0,202408,EmpireIA,369191084,369191084
1755778085,EURUSD,0,1,0.01,1.16565,-0.13,0.0,0.0,202408,[sl 1.16565],369191084,369191123
1755778241,BTCUSD,1,0,0.04,113464.24,0.0,0.0,0.0,202408,EmpireIA,369193094,369193094
1755778242,BTCUSD,0,1,0.04,113485.43,-0.85,0.0,0.0,202408,[sl 113485.43],369193094,369193104
1755778264,EURUSD,0,0,0.01,1.1661,0.0,0.0,0.0,202408,EmpireIA,369193478,369193478
1755778419,BTCUSD,1,0,0.06,113480.87,0.0,0.0,0.0,202408,EmpireIA,369195165,369195165
1755778426,EURUSD,0,0,0.01,1.16595,0.0,0.0,0.0,202408,EmpireIA,369195241,369195241
1755778599,BTCUSD,1,0,0.01,113392.27,0.0,0.0,0.0,202408,EmpireIA,369197232,369197232
1755778601,BTCUSD,0,1,0.01,113410.31,-0.18,0.0,0.0,202408,[sl 113410.31],369197232,369197237
1755778604,EURUSD,1,1,0.01,1.1658,-0.3,0.0,0.0,202408,[sl 1.16580],369193478,369197260
1755778606,EURUSD,0,0,0.01,1.16593,0.0,0.0,0.0,202408,EmpireIA,369197264,369197264
1755778671,BTCUSD,0,1,0.06,113385.62,5.71,0.0,0.0,202408,[tp 113385.62],369195165,369197999
1755778730,EURUSD,1,1,0.01,1.1661,0.17,0.0,0.0,202408,[tp 1.16610],369197264,369198991
1755778731,EURUSD,1,1,0.01,1.16612,0.17,0.0,0.0,202408,[tp 1.16612],369195241,369199012
1755778778,BTCUSD,1,0,0.06,113418.21,0.0,0.0,0.0,202408,EmpireIA,369199771,369199771
1755778794,EURUSD,0,0,0.01,1.16605,0.0,0.0,0.0,202408,EmpireIA,369200008,369200008
1755778841,BTCUSD,0,1,0.06,113337.93,4.8100000000000005,0.0,0.0,202408,[tp 113337.93],369199771,369200767
1755778958,BTCUSD,1,0,0.05,113338.27,0.0,0.0,0.0,202408,EmpireIA,369201914,369201914
1755778965,EURUSD,0,0,0.01,1.16593,0.0,0.0,0.0,202408,EmpireIA,369202159,369202159
1755779015,BTCUSD,0,1,0.05,113386.83,-2.43,0.0,0.0,202408,[sl 113386.83],369201914,369202458
1755779145,BTCUSD,1,0,0.05,113385.25,0.0,0.0,0.0,202408,EmpireIA,369203821,369203821
1755779152,EURUSD,0,0,0.01,1.1659,0.0,0.0,0.0,202408,EmpireIA,369203940,369203940
1755779244,BTCUSD,0,1,0.05,113452.23,-3.35,0.0,0.0,202408,[sl 113452.23],369203821,369204853
1755779319,BTCUSD,1,0,0.04,113417.48,0.0,0.0,0.0,202408,EmpireIA,369205385,369205385
1755779320,BTCUSD,0,1,0.04,113435.53,-0.72,0.0,0.0,202408,[sl 113435.53],369205385,369205394
1755779324,EURUSD,0,0,0.01,1.16596,0.0,0.0,0.0,202408,EmpireIA,369205428,369205428
1755779367,EURUSD,1,1,0.01,1.1657,-0.35,0.0,0.0,202408,[sl 1.16570],369200008,369205661
1755779439,EURUSD,1,1,0.01,1.16565,-0.31,0.0,0.0,202408,[sl 1.16565],369205428,369206471
1755779439,EURUSD,1,1,0.01,1.1656,-0.33,0.0,0.0,202408,[sl 1.16560],369202159,369206476
1755779439,EURUSD,1,1,0.01,1.16561,-0.29,0.0,0.0,202408,[sl 1.16561],369203940,369206477
1755779499,BTCUSD,1,0,0.04,113475.39,0.0,0.0,0.0,202408,EmpireIA,369207524,369207524
1755779499,BTCUSD,0,1,0.04,113493.43,-0.72,0.0,0.0,202408,[sl 113493.43],369207524,369207528
1755779510,EURUSD,1,0,0.01,1.1655,0.0,0.0,0.0,202408,EmpireIA,369207675,369207675
1755779522,EURUSD,0,1,0.01,1.16572,-0.22,0.0,0.0,202408,[sl 1.16572],369207675,369207847
1755779679,BTCUSD,1,0,0.05,113525.17,0.0,0.0,0.0,202408,EmpireIA,369209090,369209090
1755779686,BTCUSD,0,1,0.05,113507.06,0.91,0.0,0.0,202408,[tp 113507.06],369209090,369209172
1755779689,EURUSD,1,0,0.01,1.16552,0.0,0.0,0.0,202408,EmpireIA,369209202,369209202
1755779693,EURUSD,0,1,0.01,1.16564,-0.12,0.0,0.0,202408,[sl 1.16564],369209202,369209370
1755779859,BTCUSD,1,0,0.05,113483.85,0.0,0.0,0.0,202408,EmpireIA,369211266,369211266
1755779871,EURUSD,0,0,0.01,1.16583,0.0,0.0,0.0,202408,EmpireIA,369211340,369211340
1755779937,BTCUSD,0,1,0.05,113501.91,-0.91,0.0,0.0,202408,[sl 113501.91],369211266,369211818
1755780039,BTCUSD,1,0,0.05,113531.61,0.0,0.0,0.0,202408,EmpireIA,369212908,369212908
1755780043,BTCUSD,0,1,0.05,113549.71,-0.91,0.0,0.0,202408,[sl 113549.71],369212908,369212961
1755780056,EURUSD,0,0,0.01,1.16602,0.0,0.0,0.0,202408,EmpireIA,369213356,369213356
1755780132,EURUSD,1,1,0.01,1.16596,0.13,0.0,0.0,202408,[tp 1.16596],369211340,369214011
1755780218,BTCUSD,1,0,0.05,113548.06,0.0,0.0,0.0,202408,EmpireIA,369214792,369214792
1755780219,BTCUSD,0,1,0.05,113566.02,-0.9,0.0,0.0,202408,[sl 113566.02],369214792,369214796
1755780228,EURUSD,0,0,0.01,1.16611,0.0,0.0,0.0,202408,EmpireIA,369214830,369214830
1755780328,EURUSD,1,1,0.01,1.16583,-0.28,0.0,0.0,202408,[sl 1.16583],369214830,369216032
1755780399,BTCUSD,1,0,0.06,113567.29,0.0,0.0,0.0,202408,EmpireIA,369216648,369216648
1755780400,BTCUSD,0,1,0.06,113585.37,-1.08,0.0,0.0,202408,[sl 113585.37],369216648,369216659
1755780408,EURUSD,0,0,0.01,1.16607,0.0,0.0,0.0,202408,EmpireIA,369216699,369216699
1755780580,BTCUSD,1,0,0.06,113550.66,0.0,0.0,0.0,202408,EmpireIA,369218215,369218215
1755780585,EURUSD,0,0,0.01,1.16608,0.0,0.0,0.0,202408,EmpireIA,369218237,369218237
1755780587,BTCUSD,0,1,0.06,113569.83,-1.15,0.0,0.0,202408,[sl 113569.83],369218215,369218254
1755780638,EURUSD,1,1,0.01,1.16583,-0.25,0.0,0.0,202408,[sl 1.16583],369218237,369219191
1755780670,EURUSD,1,1,0.01,1.16582,-0.25,0.0,0.0,202408,[sl 1.16582],369216699,369219412
1755780701,EURUSD,1,1,0.01,1.16571,-0.31,0.0,0.0,202408,[sl 1.16571],369213356,369219857
1755780759,BTCUSD,1,0,0.08,113448.94,0.0,0.0,0.0,202408,EmpireIA,369221637,369221637
1755780764,EURUSD,0,0,0.01,1.16583,0.0,0.0,0.0,202408,EmpireIA,369221714,369221714
1755780766,EURUSD,1,1,0.01,1.16571,-0.12,0.0,0.0,202408,[sl 1.16571],369221714,369221729
1755780939,BTCUSD,1,0,0.01,113400.96,0.0,0.0,0.0,202408,EmpireIA,369223953,369223953
1755780942,BTCUSD,0,1,0.01,113418.96,-0.18,0.0,0.0,202408,[sl 113418.96],369223953,369223964
1755780962,EURUSD,0,0,0.01,1.16592,0.0,0.0,0.0,202408,EmpireIA,369224160,369224160
1755780990,EURUSD,1,1,0.01,1.1656900000000001,-0.23,0.0,0.0,202408,[sl 1.16569],369224160,369224361
1755781119,BTCUSD,1,0,0.01,113390.86,0.0,0.0,0.0,202408,EmpireIA,369225648,369225648
1755781121,BTCUSD,0,1,0.01,113408.9,-0.18,0.0,0.0,202408,[sl 113408.90],369225648,369225666
1755781124,EURUSD,1,0,0.01,1.1655,0.0,0.0,0.0,202408,EmpireIA,369225692,369225692
1755781129,EURUSD,0,1,0.01,1.16562,-0.12,0.0,0.0,202408,[sl 1.16562],369225692,369225716
1755781203,BTCUSD,0,1,0.08,113384.4,5.17,0.0,0.0,202408,[tp 113384.40],369221637,369226753
1755781298,BTCUSD,1,0,0.06,113290.43,0.0,0.0,0.0,202408,EmpireIA,369228516,369228516
1755781316,EURUSD,1,0,0.01,1.16543,0.0,0.0,0.0,202408,EmpireIA,369228756,369228756
1755781317,EURUSD,0,1,0.01,1.16555,-0.12,0.0,0.0,202408,[sl 1.16555],369228756,369228758
1755781325,BTCUSD,0,1,0.06,113308.5,-1.08,0.0,0.0,202408,[sl 113308.50],369228516,369228842
1755781479,BTCUSD,1,0,0.05,113255.44,0.0,0.0,0.0,202408,EmpireIA,369231203,369231203
1755781480,BTCUSD,0,1,0.05,113273.38,-0.9,0.0,0.0,202408,[sl 113273.38],369231203,369231210
1755781487,EURUSD,1,0,0.01,1.16545,0.0,0.0,0.0,202408,EmpireIA,369231261,369231261
1755781573,EURUSD,0,1,0.01,1.16561,-0.16,0.0,0.0,202408,[sl 1.16561],369231261,369232093
1755781658,BTCUSD,1,0,0.05,113398.36,0.0,0.0,0.0,202408,EmpireIA,369232914,369232914
1755781661,BTCUSD,0,1,0.05,113416.39,-0.9,0.0,0.0,202408,[sl 113416.39],369232914,369232921
1755781681,EURUSD,1,0,0.01,1.16549,0.0,0.0,0.0,202408,EmpireIA,369233030,369233030
1755781704,EURUSD,0,1,0.01,1.16566,-0.17,0.0,0.0,202408,[sl 1.16566],369233030,369233148
1755781840,BTCUSD,1,0,0.05,113411.5,0.0,0.0,0.0,202408,EmpireIA,369235015,369235015
1755781846,BTCUSD,0,1,0.05,113429.5,-0.9,0.0,0.0,202408,[sl 113429.50],369235015,369235058
1755781864,EURUSD,1,0,0.01,1.16522,0.0,0.0,0.0,202408,EmpireIA,369235223,369235223
1755782020,BTCUSD,1,0,0.07,113385.23,0.0,0.0,0.0,202408,EmpireIA,369236504,369236504
1755782028,EURUSD,1,0,0.01,1.1651799999999999,0.0,0.0,0.0,202408,EmpireIA,369236538,369236538
1755782080,EURUSD,0,1,0.01,1.16532,-0.14,0.0,0.0,202408,[sl 1.16532],369236538,369236813
1755782133,BTCUSD,0,1,0.07,113432.64,-3.31,0.0,0.0,202408,[sl 113432.64],369236504,369237489
1755782199,BTCUSD,1,0,0.05,113421.2,0.0,0.0,0.0,202408,EmpireIA,369237883,369237883
1755782202,BTCUSD,0,1,0.05,113439.2,-0.9,0.0,0.0,202408,[sl 113439.20],369237883,369237917
1755782214,EURUSD,1,0,0.01,1.16498,0.0,0.0,0.0,202408,EmpireIA,369238101,369238101
1755782214,EURUSD,0,1,0.01,1.16512,-0.14,0.0,0.0,202408,[sl 1.16512],369238101,369238103
1755782282,EURUSD,0,1,0.01,1.16504,0.18,0.0,0.0,202408,[tp 1.16504],369235223,369238636
1755782379,BTCUSD,1,0,0.07,113355.35,0.0,0.0,0.0,202408,EmpireIA,369239838,369239838
1755782385,EURUSD,1,0,0.01,1.16483,0.0,0.0,0.0,202408,EmpireIA,369239894,369239894
1755782388,EURUSD,0,1,0.01,1.16495,-0.12,0.0,0.0,202408,[sl 1.16495],369239894,369239908
1755782391,BTCUSD,0,1,0.07,113403.43,-3.37,0.0,0.0,202408,[sl 113403.43],369239838,369239942
1755782559,BTCUSD,1,0,0.04,113463.88,0.0,0.0,0.0,202408,EmpireIA,369241423,369241423
1755782562,BTCUSD,0,1,0.04,113481.96,-0.72,0.0,0.0,202408,[sl 113481.96],369241423,369241463
1755782566,EURUSD,1,0,0.01,1.16499,0.0,0.0,0.0,202408,EmpireIA,369241474,369241474
1755782573,EURUSD,0,1,0.01,1.16513,-0.14,0.0,0.0,202408,[sl 1.16513],369241474,369241498
1755782739,BTCUSD,1,0,0.04,113397.86,0.0,0.0,0.0,202408,EmpireIA,369243250,369243250
1755782746,EURUSD,1,0,0.01,1.16494,0.0,0.0,0.0,202408,EmpireIA,369243347,369243347
1755782751,EURUSD,0,1,0.01,1.1650800000000001,-0.14,0.0,0.0,202408,[sl 1.16508],369243347,369243448
1755782752,BTCUSD,0,1,0.04,113415.98,-0.73,0.0,0.0,202408,[sl 113415.98],369243250,369243542
1755782927,BTCUSD,1,0,0.04,113434.06,0.0,0.0,0.0,202408,EmpireIA,369245280,369245280
1755782929,BTCUSD,0,1,0.04,113452.14,-0.73,0.0,0.0,202408,[sl 113452.14],369245280,369245286
1755782953,EURUSD,1,0,0.01,1.16496,0.0,0.0,0.0,202408,EmpireIA,369245399,369245399
1755783062,EURUSD,0,1,0.01,1.16512,-0.16,0.0,0.0,202408,[sl 1.16512],369245399,369246691
1755783099,BTCUSD,1,0,0.04,113395.93,0.0,0.0,0.0,202408,EmpireIA,369247005,369247005
1755783100,BTCUSD,0,1,0.04,113416.24,-0.81,0.0,0.0,202408,[sl 113416.24],369247005,369247014
1755783105,EURUSD,1,0,0.01,1.16501,0.0,0.0,0.0,202408,EmpireIA,369247052,369247052
1755783162,EURUSD,0,1,0.01,1.16513,-0.12,0.0,0.0,202408,[sl 1.16513],369247052,369247386
1755783278,BTCUSD,1,0,0.07,113401.09,0.0,0.0,0.0,202408,EmpireIA,369250303,369250303
1755783290,EURUSD,1,0,0.01,1.16512,0.0,0.0,0.0,202408,EmpireIA,369250383,369250383
1755783329,EURUSD,0,1,0.01,1.16527,-0.15,0.0,0.0,202408,[sl 1.16527],369250383,369251065
1755783459,BTCUSD,1,0,0.01,113338.5,0.0,0.0,0.0,202408,EmpireIA,369254696,369254696
1755783460,BTCUSD,0,1,0.01,113356.47,-0.17,0.0,0.0,202408,[sl 113356.47],369254696,369254707
1755783469,EURUSD,1,0,0.01,1.1650800000000001,0.0,0.0,0.0,202408,EmpireIA,369254835,369254835
1755783474,EURUSD,0,1,0.01,1.1652,-0.12,0.0,0.0,202408,[sl 1.16520],369254835,369254890
1755783639,BTCUSD,1,0,0.01,113417.97,0.0,0.0,0.0,202408,EmpireIA,369261215,369261215
1755783640,BTCUSD,0,1,0.01,113436.08,-0.18,0.0,0.0,202408,[sl 113436.08],369261215,369261236
1755783647,EURUSD,1,0,0.01,1.16483,0.0,0.0,0.0,202408,EmpireIA,369261550,369261550
1755783648,BTCUSD,0,1,0.07,113442.6,-2.9,0.0,0.0,202408,[sl 113442.60],369250303,369261567
1755783653,EURUSD,0,1,0.01,1.16497,-0.14,0.0,0.0,202408,[sl 1.16497],369261550,369261754
1755783819,BTCUSD,1,0,0.05,113442.17,0.0,0.0,0.0,202408,EmpireIA,369268723,369268723
1755783821,BTCUSD,0,1,0.05,113460.2,-0.9,0.0,0.0,202408,[sl 113460.20],369268723,369268781
1755783830,EURUSD,1,0,0.01,1.16486,0.0,0.0,0.0,202408,EmpireIA,369268948,369268948
1755783832,EURUSD,0,1,0.01,1.16499,-0.13,0.0,0.0,202408,[sl 1.16499],369268948,369268975
1755783999,BTCUSD,1,0,0.11,113407.13,0.0,0.0,0.0,202408,EmpireIA,369274990,369274990
1755784000,BTCUSD,0,1,0.11,113429.68,-2.48,0.0,0.0,202408,[sl 113429.68],369274990,369275023
1755784005,EURUSD,1,0,0.01,1.16485,0.0,0.0,0.0,202408,EmpireIA,369275179,369275179
1755784008,EURUSD,0,1,0.01,1.16497,-0.12,0.0,0.0,202408,[sl 1.16497],369275179,369275264
1755784178,BTCUSD,1,0,0.1,113403.79,0.0,0.0,0.0,202408,EmpireIA,369279213,369279213
1755784189,EURUSD,1,0,0.01,1.16505,0.0,0.0,0.0,202408,EmpireIA,369279369,369279369
1755784358,BTCUSD,1,0,0.02,113356.3,0.0,0.0,0.0,202408,EmpireIA,369282307,369282307
1755784359,EURUSD,0,1,0.01,1.16527,-0.22,0.0,0.0,202408,[sl 1.16527],369279369,369282316
1755784380,EURUSD,1,0,0.01,1.16509,0.0,0.0,0.0,202408,EmpireIA,369282488,369282488
1755784383,EURUSD,0,1,0.01,1.16524,-0.15,0.0,0.0,202408,[sl 1.16524],369282488,369282519
1755784546,EURUSD,1,0,0.01,1.16504,0.0,0.0,0.0,202408,EmpireIA,369289317,369289317
1755784551,EURUSD,0,1,0.01,1.16516,-0.12,0.0,0.0,202408,[sl 1.16516],369289317,369289648
1755784583,BTCUSD,0,1,0.1,113347.88,5.59,0.0,0.0,202408,[tp 113347.88],369279213,369291251
1755784593,BTCUSD,0,1,0.02,113310.34,0.92,0.0,0.0,202408,[tp 113310.34],369282307,369291688
1755784600,BTCUSD,1,0,0.02,113281.47,0.0,0.0,0.0,202408,EmpireIA,369291782,369291782
1755784600,BTCUSD,0,1,0.02,113299.56,-0.36,0.0,0.0,202408,[sl 113299.56],369291782,369291785
1755784719,EURUSD,1,0,0.01,1.16485,0.0,0.0,0.0,202408,EmpireIA,369294552,369294552
1755784777,EURUSD,0,1,0.01,1.16504,-0.19,0.0,0.0,202408,[sl 1.16504],369294552,369295543
1755784785,BTCUSD,1,0,0.12,113317.49,0.0,0.0,0.0,202408,EmpireIA,369295643,369295643
1755784800,BTCUSD,0,1,0.12,113349.26,-3.81,0.0,0.0,202408,[sl 113349.26],369295643,369296099
1755784906,EURUSD,1,0,0.01,1.16526,0.0,0.0,0.0,202408,EmpireIA,369299193,369299193
1755784910,EURUSD,0,1,0.01,1.1654,-0.14,0.0,0.0,202408,[sl 1.16540],369299193,369299419
1755784960,BTCUSD,1,0,0.11,113357.22,0.0,0.0,0.0,202408,EmpireIA,369301911,369301911
1755784990,BTCUSD,0,1,0.11,113389.51,-3.56,0.0,0.0,202408,[sl 113389.51],369301911,369302660
1755785077,EURUSD,1,0,0.01,1.16532,0.0,0.0,0.0,202408,EmpireIA,369306459,369306459
1755785078,EURUSD,0,1,0.01,1.16544,-0.12,0.0,0.0,202408,[sl 1.16544],369306459,369306498
1755785139,BTCUSD,1,0,0.06,113459.12,0.0,0.0,0.0,202408,EmpireIA,369307932,369307932
1755785162,BTCUSD,0,1,0.06,113495.24,-2.16,0.0,0.0,202408,[sl 113495.24],369307932,369308539
1755785258,EURUSD,1,0,0.01,1.16548,0.0,0.0,0.0,202408,EmpireIA,369310592,369310592
1755785264,EURUSD,0,1,0.01,1.1656,-0.12,0.0,0.0,202408,[sl 1.16560],369310592,369310724
1755785320,BTCUSD,1,0,0.05,113484.38,0.0,0.0,0.0,202408,EmpireIA,369312761,369312761
1755785421,BTCUSD,0,1,0.05,113502.46,-0.9,0.0,0.0,202408,[sl 113502.46],369312761,369314450
1755785437,EURUSD,1,0,0.01,1.1654200000000001,0.0,0.0,0.0,202408,EmpireIA,369314726,369314726
1755785444,EURUSD,0,1,0.01,1.16554,-0.12,0.0,0.0,202408,[sl 1.16554],369314726,369314790
1755785498,BTCUSD,1,0,0.06,113486.18,0.0,0.0,0.0,202408,EmpireIA,369315533,369315533
1755785500,BTCUSD,0,1,0.06,113504.19,-1.08,0.0,0.0,202408,[sl 113504.19],369315533,369315542
1755785620,EURUSD,0,0,0.01,1.1657899999999999,0.0,0.0,0.0,202408,EmpireIA,369317950,369317950
1755785679,BTCUSD,1,0,0.06,113492.29,0.0,0.0,0.0,202408,EmpireIA,369319180,369319180
1755785680,BTCUSD,0,1,0.06,113510.31,-1.08,0.0,0.0,202408,[sl 113510.31],369319180,369319206
1755785790,EURUSD,1,1,0.01,1.16544,-0.35,0.0,0.0,202408,[sl 1.16544],369317950,369321619
1755785805,EURUSD,1,0,0.01,1.16534,0.0,0.0,0.0,202408,EmpireIA,369321786,369321786
1755785805,EURUSD,0,1,0.01,1.16546,-0.12,0.0,0.0,202408,[sl 1.16546],369321786,369321795
1755785859,BTCUSD,1,0,0.08,113509.09,0.0,0.0,0.0,202408,EmpireIA,369322712,369322712
1755785859,BTCUSD,0,1,0.08,113527.12,-1.44,0.0,0.0,202408,[sl 113527.12],369322712,369322713
1755785978,EURUSD,1,0,0.01,1.16519,0.0,0.0,0.0,202408,EmpireIA,369323809,369323809
1755786021,EURUSD,0,1,0.01,1.16536,-0.17,0.0,0.0,202408,[sl 1.16536],369323809,369324434
1755786039,BTCUSD,1,0,0.12,113451.43,0.0,0.0,0.0,202408,EmpireIA,369324824,369324824
1755786057,BTCUSD,0,1,0.12,113469.49,-2.17,0.0,0.0,202408,[sl 113469.49],369324824,369325063
1755786157,EURUSD,1,0,0.01,1.16537,0.0,0.0,0.0,202408,EmpireIA,369326745,369326745
1755786157,EURUSD,0,1,0.01,1.16549,-0.12,0.0,0.0,202408,[sl 1.16549],369326745,369326746
1755786218,BTCUSD,1,0,0.18,113468.92,0.0,0.0,0.0,202408,EmpireIA,369327313,369327313
1755786218,BTCUSD,0,1,0.18,113486.99,-3.25,0.0,0.0,202408,[sl 113486.99],369327313,369327314
1755786339,EURUSD,1,0,0.01,1.16516,0.0,0.0,0.0,202408,EmpireIA,369329346,369329346
1755786399,BTCUSD,1,0,0.14,113454.69,0.0,0.0,0.0,202408,EmpireIA,369331076,369331076
1755786518,EURUSD,1,0,0.01,1.16492,0.0,0.0,0.0,202408,EmpireIA,369333471,369333471
1755786581,BTCUSD,1,0,0.04,113459.89,0.0,0.0,0.0,202408,EmpireIA,369334170,369334170
1755786622,BTCUSD,0,1,0.14,113484.3,-4.14,0.0,0.0,202408,[sl 113484.30],369331076,369334866
1755786622,BTCUSD,0,1,0.04,113484.43,-0.98,0.0,0.0,202408,[sl 113484.43],369334170,369334867
1755786698,EURUSD,1,0,0.01,1.16488,0.0,0.0,0.0,202408,EmpireIA,369336177,369336177
1755786703,EURUSD,0,1,0.01,1.16502,-0.14,0.0,0.0,202408,[sl 1.16502],369336177,369336260
1755786764,BTCUSD,1,0,0.06,113521.56,0.0,0.0,0.0,202408,EmpireIA,369337532,369337532
1755786765,BTCUSD,0,1,0.06,113539.68,-1.09,0.0,0.0,202408,[sl 113539.68],369337532,369337544
1755786783,EURUSD,0,1,0.01,1.1649,0.26,0.0,0.0,202408,[tp 1.16490],369329346,369338041
1755786830,EURUSD,0,1,0.01,1.16471,0.21,0.0,0.0,202408,[tp 1.16471],369333471,369339697
1755786877,EURUSD,1,0,0.01,1.1645,0.0,0.0,0.0,202408,EmpireIA,369341372,369341372
1755786877,EURUSD,0,1,0.01,1.16464,-0.14,0.0,0.0,202408,[sl 1.16464],369341372,369341376
1755786938,BTCUSD,1,0,0.1,113438.62,0.0,0.0,0.0,202408,EmpireIA,369342509,369342509
1755787007,BTCUSD,0,1,0.1,113391.89,4.67,0.0,0.0,202408,[tp 113391.89],369342509,369344171
1755787058,EURUSD,1,0,0.01,1.16472,0.0,0.0,0.0,202408,EmpireIA,369345275,369345275
1755787061,EURUSD,0,1,0.01,1.16486,-0.14,0.0,0.0,202408,[sl 1.16486],369345275,369345383
1755787118,BTCUSD,1,0,0.07,113308.73,0.0,0.0,0.0,202408,EmpireIA,369346545,369346545
1755787237,EURUSD,1,0,0.01,1.16469,0.0,0.0,0.0,202408,EmpireIA,369350007,369350007
1755787300,BTCUSD,1,0,0.02,113313.2,0.0,0.0,0.0,202408,EmpireIA,369351468,369351468
1755787339,BTCUSD,0,1,0.07,113363.54,-3.84,0.0,0.0,202408,[sl 113363.54],369346545,369352808
1755787339,BTCUSD,0,1,0.02,113366.57,-1.07,0.0,0.0,202408,[sl 113366.57],369351468,369352825
1755787418,EURUSD,1,0,0.01,1.1645699999999999,0.0,0.0,0.0,202408,EmpireIA,369354270,369354270
1755787479,BTCUSD,1,0,0.04,113396.46,0.0,0.0,0.0,202408,EmpireIA,369355531,369355531
1755787480,BTCUSD,0,1,0.04,113414.41,-0.72,0.0,0.0,202408,[sl 113414.41],369355531,369355541
1755787525,EURUSD,0,1,0.01,1.16443,0.26,0.0,0.0,202408,[tp 1.16443],369350007,369356810
1755787596,EURUSD,0,1,0.01,1.16428,0.29,0.0,0.0,202408,[tp 1.16428],369354270,369359937
1755787597,EURUSD,1,0,0.01,1.16404,0.0,0.0,0.0,202408,EmpireIA,369360016,369360016
1755787618,EURUSD,0,1,0.01,1.16421,-0.17,0.0,0.0,202408,[sl 1.16421],369360016,369360790
1755787718,BTCUSD,1,0,0.04,113148.49,0.0,0.0,0.0,202408,EmpireIA,369363540,369363540
1755787725,EURUSD,1,0,0.01,1.16424,0.0,0.0,0.0,202408,EmpireIA,369363768,369363768
1755787734,EURUSD,0,1,0.01,1.16445,-0.21,0.0,0.0,202408,[sl 1.16445],369363768,369364039
1755787899,BTCUSD,1,0,0.01,113064.47,0.0,0.0,0.0,202408,EmpireIA,369368033,369368033
1755787907,EURUSD,1,0,0.01,1.16464,0.0,0.0,0.0,202408,EmpireIA,369368244,369368244
1755787960,EURUSD,0,1,0.01,1.16452,0.12,0.0,0.0,202408,[tp 1.16452],369368244,369369353
1755788083,EURUSD,1,0,0.01,1.16432,0.0,0.0,0.0,202408,EmpireIA,369371722,369371722
1755788099,BTCUSD,0,1,0.04,113026.39,4.88,0.0,0.0,202408,[tp 113026.39],369363540,369372199
1755788138,BTCUSD,1,0,0.01,113064.17,0.0,0.0,0.0,202408,EmpireIA,369374012,369374012
1755788173,BTCUSD,0,1,0.01,113138.63,-0.75,0.0,0.0,202408,[sl 113138.63],369368033,369375070
1755788193,EURUSD,0,1,0.01,1.16405,0.27,0.0,0.0,202408,[tp 1.16405],369371722,369375639
1755788221,BTCUSD,0,1,0.01,113156.29,-0.92,0.0,0.0,202408,[sl 113156.29],369374012,369376306
1755788257,EURUSD,1,0,0.01,1.16407,0.0,0.0,0.0,202408,EmpireIA,369377240,369377240
1755788277,EURUSD,0,1,0.01,1.16429,-0.22,0.0,0.0,202408,[sl 1.16429],369377240,369377698
1755788319,BTCUSD,1,0,0.03,113154.22,0.0,0.0,0.0,202408,EmpireIA,369378674,369378674
1755788439,EURUSD,1,0,0.01,1.164,0.0,0.0,0.0,202408,EmpireIA,369381590,369381590
1755788499,BTCUSD,1,0,0.01,113094.42,0.0,0.0,0.0,202408,EmpireIA,369383636,369383636
1755788589,BTCUSD,0,1,0.01,113167.07,-0.73,0.0,0.0,202408,[sl 113167.07],369383636,369386868
1755788624,EURUSD,1,0,0.01,1.16397,0.0,0.0,0.0,202408,EmpireIA,369388095,369388095
1755788678,BTCUSD,1,0,0.01,113128.8,0.0,0.0,0.0,202408,EmpireIA,369391548,369391548
1755788721,BTCUSD,0,1,0.01,113208.16,-0.79,0.0,0.0,202408,[sl 113208.16],369391548,369393558
1755788798,EURUSD,1,0,0.01,1.16373,0.0,0.0,0.0,202408,EmpireIA,369396005,369396005
1755788807,EURUSD,0,1,0.01,1.1638600000000001,-0.13,0.0,0.0,202408,[sl 1.16386],369396005,369396198
1755788858,BTCUSD,1,0,0.01,113173.07,0.0,0.0,0.0,202408,EmpireIA,369398520,369398520
1755788859,BTCUSD,0,1,0.01,113191.05,-0.18,0.0,0.0,202408,[sl 113191.05],369398520,369398521
1755788978,EURUSD,1,0,0.01,1.16384,0.0,0.0,0.0,202408,EmpireIA,369402072,369402072
1755789045,BTCUSD,1,0,0.01,113098.6,0.0,0.0,0.0,202408,EmpireIA,369404600,369404600
1755789056,EURUSD,0,1,0.01,1.16404,-0.2,0.0,0.0,202408,[sl 1.16404],369402072,369405369
1755789057,BTCUSD,0,1,0.01,113157.35,-0.58,0.0,0.0,202408,[sl 113157.35],369404600,369405460
1755789159,EURUSD,1,0,0.01,1.16394,0.0,0.0,0.0,202408,EmpireIA,369409237,369409237
1755789172,EURUSD,0,1,0.01,1.16408,-0.14,0.0,0.0,202408,[sl 1.16408],369409237,369409452
1755789186,EURUSD,0,1,0.01,1.16415,-0.18,0.0,0.0,202408,[sl 1.16415],369388095,369409751
1755789189,EURUSD,0,1,0.01,1.16419,-0.19,0.0,0.0,202408,[sl 1.16419],369381590,369409845
1755789218,BTCUSD,1,0,0.01,113129.85,0.0,0.0,0.0,202408,EmpireIA,369410417,369410417
1755789299,BTCUSD,0,1,0.01,113179.7,-0.5,0.0,0.0,202408,[sl 113179.70],369410417,369412242
1755789337,EURUSD,1,0,0.01,1.16409,0.0,0.0,0.0,202408,EmpireIA,369414231,369414231
1755789339,EURUSD,0,1,0.01,1.16421,-0.12,0.0,0.0,202408,[sl 1.16421],369414231,369414382
1755789399,BTCUSD,1,0,0.01,113186.22,0.0,0.0,0.0,202408,EmpireIA,369415901,369415901
1755789412,BTCUSD,0,1,0.01,113204.27,-0.18,0.0,0.0,202408,[sl 113204.27],369415901,369416197
1755789521,EURUSD,1,0,0.01,1.16388,0.0,0.0,0.0,202408,EmpireIA,369418201,369418201
1755789539,EURUSD,0,1,0.01,1.16406,-0.18,0.0,0.0,202408,[sl 1.16406],369418201,369418526
1755789583,BTCUSD,1,0,0.01,113124.17,0.0,0.0,0.0,202408,EmpireIA,369419316,369419316
1755789585,BTCUSD,0,1,0.01,113142.16,-0.18,0.0,0.0,202408,[sl 113142.16],369419316,369419350
1755789697,EURUSD,1,0,0.01,1.16416,0.0,0.0,0.0,202408,EmpireIA,369421700,369421700
1755789703,BTCUSD,0,1,0.03,113249.65,-2.86,0.0,0.0,202408,[sl 113249.65],369378674,369421820
1755789705,EURUSD,0,1,0.01,1.16428,-0.12,0.0,0.0,202408,[sl 1.16428],369421700,369421845
1755789758,BTCUSD,1,0,0.03,113171.48,0.0,0.0,0.0,202408,EmpireIA,369422986,369422986
1755789759,BTCUSD,0,1,0.03,113189.44,-0.54,0.0,0.0,202408,[sl 113189.44],369422986,369422990
1755789877,EURUSD,1,0,0.01,1.1642299999999999,0.0,0.0,0.0,202408,EmpireIA,369425263,369425263
1755789880,EURUSD,0,1,0.01,1.16435,-0.12,0.0,0.0,202408,[sl 1.16435],369425263,369425371
1755789940,BTCUSD,1,0,0.03,113341.17,0.0,0.0,0.0,202408,EmpireIA,369428590,369428590
1755790002,BTCUSD,0,1,0.03,113309.09,0.97,0.0,0.0,202408,[tp 113309.09],369428590,369430482
1755790057,EURUSD,1,0,0.01,1.16417,0.0,0.0,0.0,202408,EmpireIA,369431346,369431346
1755790074,EURUSD,0,1,0.01,1.16429,-0.12,0.0,0.0,202408,[sl 1.16429],369431346,369431608
1755790119,BTCUSD,1,0,0.03,113220.01,0.0,0.0,0.0,202408,EmpireIA,369432455,369432455
1755790203,BTCUSD,0,1,0.03,113256.08,-1.08,0.0,0.0,202408,[sl 113256.08],369432455,369434975
1755790299,BTCUSD,1,0,0.03,113367.33,0.0,0.0,0.0,202408,EmpireIA,369438969,369438969
1755790300,BTCUSD,0,1,0.03,113387.63,-0.61,0.0,0.0,202408,[sl 113387.63],369438969,369438979
1755790484,BTCUSD,1,0,0.03,113384.06,0.0,0.0,0.0,202408,EmpireIA,369447804,369447804
1755790484,BTCUSD,0,1,0.03,113402.12,-0.54,0.0,0.0,202408,[sl 113402.12],369447804,369447806
1755790659,BTCUSD,1,0,0.04,113202.41,0.0,0.0,0.0,202408,EmpireIA,369455985,369455985
1755790664,EURUSD,1,0,0.01,1.1654200000000001,0.0,0.0,0.0,202408,EmpireIA,369456182,369456182
1755790679,EURUSD,0,1,0.01,1.16568,-0.26,0.0,0.0,202408,[sl 1.16568],369456182,369456775
1755790839,BTCUSD,1,0,0.01,113212.51,0.0,0.0,0.0,202408,EmpireIA,369461511,369461511
1755790848,EURUSD,1,0,0.01,1.16533,0.0,0.0,0.0,202408,EmpireIA,369461630,369461630
1755790849,EURUSD,0,1,0.01,1.16545,-0.12,0.0,0.0,202408,[sl 1.16545],369461630,369461638
1755791023,EURUSD,1,0,0.01,1.16492,0.0,0.0,0.0,202408,EmpireIA,369467065,369467065
1755791023,EURUSD,0,1,0.01,1.16504,-0.12,0.0,0.0,202408,[sl 1.16504],369467065,369467066
1755791189,BTCUSD,0,1,0.04,113101.27,4.05,0.0,0.0,202408,[tp 113101.27],369455985,369473055
1755791200,BTCUSD,1,0,0.01,113078.65,0.0,0.0,0.0,202408,EmpireIA,369473639,369473639
1755791206,EURUSD,1,0,0.01,1.16478,0.0,0.0,0.0,202408,EmpireIA,369473743,369473743
1755791209,EURUSD,0,1,0.01,1.1649,-0.12,0.0,0.0,202408,[sl 1.16490],369473743,369473759
1755791219,BTCUSD,0,1,0.01,113099.92,-0.21,0.0,0.0,202408,[sl 113099.92],369473639,369473938
1755791248,BTCUSD,0,1,0.01,113086.89,1.26,0.0,0.0,202408,[tp 113086.89],369461511,369474952
1755791379,BTCUSD,1,0,0.04,112997.78,0.0,0.0,0.0,202408,EmpireIA,369478889,369478889
1755791392,EURUSD,1,0,0.01,1.16521,0.0,0.0,0.0,202408,EmpireIA,369479262,369479262
1755791393,EURUSD,0,1,0.01,1.16533,-0.12,0.0,0.0,202408,[sl 1.16533],369479262,369479319
1755791433,BTCUSD,0,1,0.04,112979.8,0.72,0.0,0.0,202408,[tp 112979.80],369478889,369480951
1755791559,BTCUSD,1,0,0.04,112985.42,0.0,0.0,0.0,202408,EmpireIA,369486113,369486113
1755791559,BTCUSD,0,1,0.04,113003.47,-0.72,0.0,0.0,202408,[sl 113003.47],369486113,369486121
1755791740,BTCUSD,1,0,0.05,113013.45,0.0,0.0,0.0,202408,EmpireIA,369489255,369489255
1755791879,BTCUSD,0,1,0.05,113070.44,-2.85,0.0,0.0,202408,[sl 113070.44],369489255,369491512
1755791919,BTCUSD,1,0,0.05,113064.14,0.0,0.0,0.0,202408,EmpireIA,369492034,369492034
1755791923,EURUSD,1,0,0.01,1.1645699999999999,0.0,0.0,0.0,202408,EmpireIA,369492191,369492191
1755791926,EURUSD,0,1,0.01,1.16476,-0.19,0.0,0.0,202408,[sl 1.16476],369492191,369492327
1755792100,BTCUSD,1,0,0.01,113055.99,0.0,0.0,0.0,202408,EmpireIA,369498010,369498010
1755792112,EURUSD,1,0,0.01,1.16471,0.0,0.0,0.0,202408,EmpireIA,369498267,369498267
1755792112,EURUSD,0,1,0.01,1.1648399999999999,-0.13,0.0,0.0,202408,[sl 1.16484],369498267,369498268
1755792121,BTCUSD,0,1,0.01,113104.21,-0.48,0.0,0.0,202408,[sl 113104.21],369498010,369498422
1755792124,BTCUSD,0,1,0.05,113130.34,-3.31,0.0,0.0,202408,[sl 113130.34],369492034,369498587
1755792279,BTCUSD,1,0,0.04,113208.62,0.0,0.0,0.0,202408,EmpireIA,369502725,369502725
1755792285,EURUSD,1,0,0.01,1.16487,0.0,0.0,0.0,202408,EmpireIA,369502913,369502913
1755792288,EURUSD,0,1,0.01,1.165,-0.13,0.0,0.0,202408,[sl 1.16500],369502913,369502972
1755792290,BTCUSD,0,1,0.04,113243.83,-1.41,0.0,0.0,202408,[sl 113243.83],369502725,369503021
1755792462,BTCUSD,1,0,0.04,113136.63,0.0,0.0,0.0,202408,EmpireIA,369507743,369507743
1755792462,BTCUSD,0,1,0.04,113154.62,-0.71,0.0,0.0,202408,[sl 113154.62],369507743,369507745
1755792483,EURUSD,1,0,0.01,1.16439,0.0,0.0,0.0,202408,EmpireIA,369508105,369508105
1755792498,EURUSD,0,1,0.01,1.16458,-0.19,0.0,0.0,202408,[sl 1.16458],369508105,369508415
1755792639,BTCUSD,1,0,0.04,113186.29,0.0,0.0,0.0,202408,EmpireIA,369511934,369511934
1755792645,EURUSD,1,0,0.01,1.16458,0.0,0.0,0.0,202408,EmpireIA,369512100,369512100
1755792647,BTCUSD,0,1,0.04,113204.29,-0.72,0.0,0.0,202408,[sl 113204.29],369511934,369512140
1755792666,EURUSD,0,1,0.01,1.16482,-0.24,0.0,0.0,202408,[sl 1.16482],369512100,369512584
1755792820,BTCUSD,1,0,0.04,113159.06,0.0,0.0,0.0,202408,EmpireIA,369515495,369515495
1755792823,BTCUSD,0,1,0.04,113177.08,-0.72,0.0,0.0,202408,[sl 113177.08],369515495,369515514
1755792829,EURUSD,1,0,0.01,1.16461,0.0,0.0,0.0,202408,EmpireIA,369515583,369515583
1755793000,BTCUSD,1,0,0.04,113177.52,0.0,0.0,0.0,202408,EmpireIA,369519117,369519117
1755793002,BTCUSD,0,1,0.04,113195.49,-0.72,0.0,0.0,202408,[sl 113195.49],369519117,369519213
1755793005,EURUSD,1,0,0.01,1.16467,0.0,0.0,0.0,202408,EmpireIA,369519337,369519337
1755793040,EURUSD,0,1,0.01,1.16488,-0.27,0.0,0.0,202408,[sl 1.16488],369515583,369520432
1755793049,EURUSD,0,1,0.01,1.1649,-0.23,0.0,0.0,202408,[sl 1.16490],369519337,369520840
1755793181,BTCUSD,1,0,0.05,113250.51,0.0,0.0,0.0,202408,EmpireIA,369524795,369524795
1755793181,BTCUSD,0,1,0.05,113268.58,-0.9,0.0,0.0,202408,[sl 113268.58],369524795,369524798
1755793193,EURUSD,1,0,0.01,1.16466,0.0,0.0,0.0,202408,EmpireIA,369525065,369525065
1755793364,BTCUSD,1,0,0.05,113323.14,0.0,0.0,0.0,202408,EmpireIA,369529486,369529486
1755793364,BTCUSD,0,1,0.05,113341.19,-0.9,0.0,0.0,202408,[sl 113341.19],369529486,369529488
1755793369,EURUSD,1,0,0.01,1.16439,0.0,0.0,0.0,202408,EmpireIA,369529621,369529621
1755793516,EURUSD,0,1,0.01,1.16463,-0.24,0.0,0.0,202408,[sl 1.16463],369529621,369533892
1755793540,BTCUSD,1,0,0.05,113330.6,0.0,0.0,0.0,202408,EmpireIA,369534356,369534356
1755793540,BTCUSD,0,1,0.05,113348.66,-0.9,0.0,0.0,202408,[sl 113348.66],369534356,369534361
1755793557,EURUSD,1,0,0.01,1.1644700000000001,0.0,0.0,0.0,202408,EmpireIA,369534559,369534559
1755793721,BTCUSD,1,0,0.04,113289.87,0.0,0.0,0.0,202408,EmpireIA,369537419,369537419
1755793721,BTCUSD,0,1,0.04,113307.84,-0.72,0.0,0.0,202408,[sl 113307.84],369537419,369537435
1755793726,EURUSD,1,0,0.01,1.1644,0.0,0.0,0.0,202408,EmpireIA,369537541,369537541
1755793736,EURUSD,0,1,0.01,1.16458,-0.18,0.0,0.0,202408,[sl 1.16458],369537541,369537645
1755793788,EURUSD,0,1,0.01,1.16468,-0.21,0.0,0.0,202408,[sl 1.16468],369534559,369538715
1755793945,BTCUSD,1,0,0.04,113206.59,0.0,0.0,0.0,202408,EmpireIA,369546361,369546361
1755793956,EURUSD,1,0,0.01,1.16444,0.0,0.0,0.0,202408,EmpireIA,369546718,369546718
1755793966,BTCUSD,0,1,0.04,113307.15,-4.03,0.0,0.0,202408,[sl 113307.15],369546361,369547180
1755793992,EURUSD,0,1,0.01,1.16425,0.41,0.0,0.0,202408,[tp 1.16425],369525065,369547912
1755793992,EURUSD,0,1,0.01,1.16422,0.22,0.0,0.0,202408,[tp 1.16422],369546718,369547913
1755794140,BTCUSD,1,0,0.03,113226.55,0.0,0.0,0.0,202408,EmpireIA,369551051,369551051
1755794198,EURUSD,1,0,0.01,1.16442,0.0,0.0,0.0,202408,EmpireIA,369552368,369552368
1755794207,BTCUSD,0,1,0.03,113349.17,-3.68,0.0,0.0,202408,[sl 113349.17],369551051,369552462
1755794334,BTCUSD,1,0,0.02,113451.29,0.0,0.0,0.0,202408,EmpireIA,369555487,369555487
1755794338,BTCUSD,0,1,0.02,113473.99,-0.45,0.0,0.0,202408,[sl 113473.99],369555487,369555517
1755794344,EURUSD,1,0,0.01,1.16426,0.0,0.0,0.0,202408,EmpireIA,369555647,369555647
1755794432,EURUSD,0,1,0.01,1.16413,0.29,0.0,0.0,202408,[tp 1.16413],369552368,369557239
1755794509,BTCUSD,1,0,0.02,113411.12,0.0,0.0,0.0,202408,EmpireIA,369558725,369558725
1755794510,BTCUSD,0,1,0.02,113440.4,-0.59,0.0,0.0,202408,[sl 113440.40],369558725,369558782
1755794519,EURUSD,1,0,0.01,1.16405,0.0,0.0,0.0,202408,EmpireIA,369558922,369558922
1755794554,EURUSD,0,1,0.01,1.16393,0.33,0.0,0.0,202408,[tp 1.16393],369555647,369559698
1755794680,EURUSD,0,1,0.01,1.1636199999999999,0.43,0.0,0.0,202408,[tp 1.16362],369558922,369562517
1755794689,BTCUSD,1,0,0.02,113522.87,0.0,0.0,0.0,202408,EmpireIA,369562679,369562679
1755794689,BTCUSD,0,1,0.02,113540.81,-0.36,0.0,0.0,202408,[sl 113540.81],369562679,369562682
1755794699,EURUSD,1,0,0.01,1.16339,0.0,0.0,0.0,202408,EmpireIA,369563038,369563038
1755794699,EURUSD,0,1,0.01,1.16355,-0.16,0.0,0.0,202408,[sl 1.16355],369563038,369563049
1755794868,BTCUSD,1,0,0.01,113444.14,0.0,0.0,0.0,202408,EmpireIA,369578637,369578637
1755794869,BTCUSD,0,1,0.01,113462.08,-0.18,0.0,0.0,202408,[sl 113462.08],369578637,369578647
1755794878,EURUSD,1,0,0.01,1.16265,0.0,0.0,0.0,202408,EmpireIA,369579066,369579066
1755794878,EURUSD,0,1,0.01,1.1628,-0.15,0.0,0.0,202408,[sl 1.16280],369579066,369579077
1755795049,BTCUSD,1,0,0.01,113657.15,0.0,0.0,0.0,202408,EmpireIA,369586146,369586146
1755795049,BTCUSD,0,1,0.01,113675.1,-0.18,0.0,0.0,202408,[sl 113675.10],369586146,369586149
1755795059,EURUSD,1,0,0.01,1.16256,0.0,0.0,0.0,202408,EmpireIA,369586605,369586605
1755795063,EURUSD,0,1,0.01,1.16245,0.11,0.0,0.0,202408,[tp 1.16245],369586605,369586949
1755795234,BTCUSD,1,0,0.01,113603.59,0.0,0.0,0.0,202408,EmpireIA,369593210,369593210
1755795239,EURUSD,1,0,0.01,1.16215,0.0,0.0,0.0,202408,EmpireIA,369593347,369593347
1755795240,EURUSD,0,1,0.01,1.16232,-0.17,0.0,0.0,202408,[sl 1.16232],369593347,369593397
1755795246,BTCUSD,0,1,0.01,113640.71,-0.37,0.0,0.0,202408,[sl 113640.71],369593210,369593589
1755795401,BTCUSD,1,0,0.02,113477.91,0.0,0.0,0.0,202408,EmpireIA,369598752,369598752
1755795406,EURUSD,1,0,0.01,1.16181,0.0,0.0,0.0,202408,EmpireIA,369598867,369598867
1755795414,EURUSD,0,1,0.01,1.16196,-0.15,0.0,0.0,202408,[sl 1.16196],369598867,369599163
1755795580,BTCUSD,1,0,0.01,113484.15,0.0,0.0,0.0,202408,EmpireIA,369604965,369604965
1755795580,BTCUSD,0,1,0.01,113502.23,-0.18,0.0,0.0,202408,[sl 113502.23],369604965,369604971
1755795588,EURUSD,1,0,0.01,1.16214,0.0,0.0,0.0,202408,EmpireIA,369605201,369605201
1755795679,BTCUSD,0,1,0.02,113624.75,-2.94,0.0,0.0,202408,[sl 113624.75],369598752,369610981
1755795761,BTCUSD,1,0,0.02,113718.93,0.0,0.0,0.0,202408,EmpireIA,369614198,369614198
1755795766,EURUSD,1,0,0.01,1.16196,0.0,0.0,0.0,202408,EmpireIA,369614290,369614290
1755795767,BTCUSD,0,1,0.02,113700.92,0.36,0.0,0.0,202408,[tp 113700.92],369614198,369614368
1755795834,EURUSD,0,1,0.01,1.1623999999999999,-0.44,0.0,0.0,202408,[sl 1.16240],369614290,369617527
1755795942,BTCUSD,1,0,0.02,113698.59,0.0,0.0,0.0,202408,EmpireIA,369621542,369621542
1755795943,BTCUSD,0,1,0.02,113721.64,-0.46,0.0,0.0,202408,[sl 113721.64],369621542,369621574
1755795954,EURUSD,1,0,0.01,1.16204,0.0,0.0,0.0,202408,EmpireIA,369621935,369621935
1755796083,EURUSD,0,1,0.01,1.16243,-0.39,0.0,0.0,202408,[sl 1.16243],369621935,369627306
1755796084,EURUSD,0,1,0.01,1.16248,-0.34,0.0,0.0,202408,[sl 1.16248],369605201,369627347
1755796135,BTCUSD,1,0,0.02,113722.97,0.0,0.0,0.0,202408,EmpireIA,369628770,369628770
1755796135,BTCUSD,0,1,0.02,113746.73,-0.47,0.0,0.0,202408,[sl 113746.73],369628770,369628771
1755796144,EURUSD,1,0,0.01,1.16223,0.0,0.0,0.0,202408,EmpireIA,369629024,369629024
1755796163,EURUSD,0,1,0.01,1.16236,-0.13,0.0,0.0,202408,[sl 1.16236],369629024,369629517
1755796309,BTCUSD,1,0,0.02,113751.91,0.0,0.0,0.0,202408,EmpireIA,369634724,369634724
1755796311,BTCUSD,0,1,0.02,113769.97,-0.36,0.0,0.0,202408,[sl 113769.97],369634724,369634842
1755796319,EURUSD,1,0,0.01,1.16265,0.0,0.0,0.0,202408,EmpireIA,369635260,369635260
1755796320,EURUSD,0,1,0.01,1.16277,-0.12,0.0,0.0,202408,[sl 1.16277],369635260,369635301
1755796489,BTCUSD,1,0,0.02,113837.53,0.0,0.0,0.0,202408,EmpireIA,369641378,369641378
1755796494,BTCUSD,0,1,0.02,113855.61,-0.36,0.0,0.0,202408,[sl 113855.61],369641378,369641497
1755796500,EURUSD,1,0,0.01,1.1627399999999999,0.0,0.0,0.0,202408,EmpireIA,369641632,369641632
1755796501,EURUSD,0,1,0.01,1.16286,-0.12,0.0,0.0,202408,[sl 1.16286],369641632,369641926
1755796669,BTCUSD,1,0,0.03,113945.44,0.0,0.0,0.0,202408,EmpireIA,369647081,369647081
1755796675,BTCUSD,0,1,0.03,113972.27,-0.81,0.0,0.0,202408,[sl 113972.27],369647081,369647240
1755796679,EURUSD,1,0,0.01,1.1625,0.0,0.0,0.0,202408,EmpireIA,369647505,369647505
1755796680,EURUSD,0,1,0.01,1.16262,-0.12,0.0,0.0,202408,[sl 1.16262],369647505,369647725
1755796849,BTCUSD,1,0,0.03,113804.95,0.0,0.0,0.0,202408,EmpireIA,369652564,369652564
1755796849,BTCUSD,0,1,0.03,113822.99,-0.54,0.0,0.0,202408,[sl 113822.99],369652564,369652567
1755796859,EURUSD,1,0,0.01,1.16249,0.0,0.0,0.0,202408,EmpireIA,369652771,369652771
1755796860,EURUSD,0,1,0.01,1.16261,-0.12,0.0,0.0,202408,[sl 1.16261],369652771,369652782
1755797033,BTCUSD,1,0,0.03,113690.59,0.0,0.0,0.0,202408,EmpireIA,369658130,369658130
1755797044,EURUSD,1,0,0.01,1.16198,0.0,0.0,0.0,202408,EmpireIA,369658455,369658455
1755797210,BTCUSD,1,0,0.01,113607.29,0.0,0.0,0.0,202408,EmpireIA,369662777,369662777
1755797222,EURUSD,1,0,0.01,1.16198,0.0,0.0,0.0,202408,EmpireIA,369663060,369663060
1755797222,EURUSD,0,1,0.01,1.1621,-0.12,0.0,0.0,202408,[sl 1.16210],369663060,369663119
1755797344,BTCUSD,0,1,0.01,113724.03,-1.17,0.0,0.0,202408,[sl 113724.03],369662777,369665269
1755797389,BTCUSD,1,0,0.01,113731.86,0.0,0.0,0.0,202408,EmpireIA,369666278,369666278
1755797391,BTCUSD,0,1,0.01,113749.98,-0.18,0.0,0.0,202408,[sl 113749.98],369666278,369666315
1755797399,EURUSD,1,0,0.01,1.162,0.0,0.0,0.0,202408,EmpireIA,369666538,369666538
1755797410,EURUSD,0,1,0.01,1.16225,-0.25,0.0,0.0,202408,[sl 1.16225],369666538,369667192
1755797463,EURUSD,0,1,0.01,1.16232,-0.34,0.0,0.0,202408,[sl 1.16232],369658455,369668595
1755797571,BTCUSD,1,0,0.01,113611.35,0.0,0.0,0.0,202408,EmpireIA,369672074,369672074
1755797583,EURUSD,1,0,0.01,1.1621,0.0,0.0,0.0,202408,EmpireIA,369672370,369672370
1755797587,BTCUSD,0,1,0.01,113593.26,0.18,0.0,0.0,202408,[tp 113593.26],369672074,369672487
1755797650,BTCUSD,0,1,0.03,113546.36,4.33,0.0,0.0,202408,[tp 113546.36],369658130,369674293
1755797749,BTCUSD,1,0,0.03,113505.07,0.0,0.0,0.0,202408,EmpireIA,369676891,369676891
1755797754,EURUSD,1,0,0.01,1.1621,0.0,0.0,0.0,202408,EmpireIA,369677000,369677000
1755797757,BTCUSD,0,1,0.03,113529.96,-0.75,0.0,0.0,202408,[sl 113529.96],369676891,369677036
1755797920,BTCUSD,1,0,0.03,113390.47,0.0,0.0,0.0,202408,EmpireIA,369681154,369681154
1755797927,BTCUSD,0,1,0.03,113408.54,-0.55,0.0,0.0,202408,[sl 113408.54],369681154,369682172
1755797928,EURUSD,1,0,0.01,1.16183,0.0,0.0,0.0,202408,EmpireIA,369682341,369682341
1755797929,EURUSD,0,1,0.01,1.16197,-0.14,0.0,0.0,202408,[sl 1.16197],369682341,369682364
1755797955,EURUSD,0,1,0.01,1.16183,0.27,0.0,0.0,202408,[tp 1.16183],369672370,369683870
1755797964,EURUSD,0,1,0.01,1.16177,0.33,0.0,0.0,202408,[tp 1.16177],369677000,369684334
1755798099,BTCUSD,1,0,0.02,113011.7,0.0,0.0,0.0,202408,EmpireIA,369690391,369690391
1755798104,EURUSD,1,0,0.01,1.16111,0.0,0.0,0.0,202408,EmpireIA,369690452,369690452
1755798104,EURUSD,0,1,0.01,1.16125,-0.14,0.0,0.0,202408,[sl 1.16125],369690452,369690453
1755798107,BTCUSD,0,1,0.02,112993.68,0.36,0.0,0.0,202408,[tp 112993.68],369690391,369690694
1755798279,BTCUSD,1,0,0.02,113163.51,0.0,0.0,0.0,202408,EmpireIA,369697124,369697124
1755798284,EURUSD,1,0,0.01,1.16116,0.0,0.0,0.0,202408,EmpireIA,369697221,369697221
1755798292,EURUSD,0,1,0.01,1.16104,0.12,0.0,0.0,202408,[tp 1.16104],369697221,369697557
1755798460,BTCUSD,1,0,0.01,113192.87,0.0,0.0,0.0,202408,EmpireIA,369703110,369703110
1755798465,EURUSD,1,0,0.01,1.16097,0.0,0.0,0.0,202408,EmpireIA,369703213,369703213
1755798470,EURUSD,0,1,0.01,1.16109,-0.12,0.0,0.0,202408,[sl 1.16109],369703213,369703303
1755798644,EURUSD,1,0,0.01,1.16096,0.0,0.0,0.0,202408,EmpireIA,369709889,369709889
1755798690,EURUSD,0,1,0.01,1.16132,-0.36,0.0,0.0,202408,[sl 1.16132],369709889,369711073
1755798757,BTCUSD,0,1,0.02,113284.22,-2.41,0.0,0.0,202408,[sl 113284.22],369697124,369712580
1755798760,BTCUSD,1,0,0.01,113277.22,0.0,0.0,0.0,202408,EmpireIA,369712683,369712683
1755798818,EURUSD,1,0,0.01,1.16164,0.0,0.0,0.0,202408,EmpireIA,369713918,369713918
1755798819,EURUSD,0,1,0.01,1.16176,-0.12,0.0,0.0,202408,[sl 1.16176],369713918,369713925
1755798861,BTCUSD,0,1,0.01,113330.64,-1.38,0.0,0.0,202408,[sl 113330.64],369703110,369714615
1755798874,BTCUSD,0,1,0.01,113370.03,-0.93,0.0,0.0,202408,[sl 113370.03],369712683,369714909
1755798944,BTCUSD,1,0,0.02,113336.05,0.0,0.0,0.0,202408,EmpireIA,369716700,369716700
1755798948,BTCUSD,0,1,0.02,113354.08,-0.36,0.0,0.0,202408,[sl 113354.08],369716700,369716792
1755798948,EURUSD,1,0,0.01,1.16135,0.0,0.0,0.0,202408,EmpireIA,369716809,369716809
1755799064,EURUSD,0,1,0.01,1.16172,-0.37,0.0,0.0,202408,[sl 1.16172],369716809,369719214
1755799119,BTCUSD,1,0,0.03,113266.89,0.0,0.0,0.0,202408,EmpireIA,369720244,369720244
1755799123,EURUSD,1,0,0.01,1.16158,0.0,0.0,0.0,202408,EmpireIA,369720312,369720312
1755799124,EURUSD,0,1,0.01,1.1617,-0.12,0.0,0.0,202408,[sl 1.16170],369720312,369720319
1755799290,BTCUSD,0,1,0.03,113373.83,-3.2,0.0,0.0,202408,[sl 113373.83],369720244,369724565
1755799299,BTCUSD,1,0,0.03,113364.34,0.0,0.0,0.0,202408,EmpireIA,369724836,369724836
1755799300,BTCUSD,0,1,0.03,113382.34,-0.54,0.0,0.0,202408,[sl 113382.34],369724836,369724846
1755799305,EURUSD,1,0,0.01,1.16154,0.0,0.0,0.0,202408,EmpireIA,369724958,369724958
1755799318,EURUSD,0,1,0.01,1.16166,-0.12,0.0,0.0,202408,[sl 1.16166],369724958,369725218
1755799479,BTCUSD,1,0,0.03,113257.31,0.0,0.0,0.0,202408,EmpireIA,369728464,369728464
1755799484,EURUSD,1,0,0.01,1.16124,0.0,0.0,0.0,202408,EmpireIA,369728607,369728607
1755799512,BTCUSD,0,1,0.03,113127.5,3.89,0.0,0.0,202408,[tp 113127.50],369728464,369729906
1755799622,EURUSD,0,1,0.01,1.16096,0.28,0.0,0.0,202408,[tp 1.16096],369728607,369733372
1755799660,BTCUSD,1,0,0.03,113144.05,0.0,0.0,0.0,202408,EmpireIA,369734282,369734282
1755799664,EURUSD,1,0,0.01,1.16092,0.0,0.0,0.0,202408,EmpireIA,369734345,369734345
1755799668,EURUSD,0,1,0.01,1.16115,-0.23,0.0,0.0,202408,[sl 1.16115],369734345,369734436
1755799848,BTCUSD,1,0,0.01,113123.65,0.0,0.0,0.0,202408,EmpireIA,369739441,369739441
1755799853,EURUSD,1,0,0.01,1.16066,0.0,0.0,0.0,202408,EmpireIA,369739625,369739625
1755799869,EURUSD,0,1,0.01,1.16049,0.17,0.0,0.0,202408,[tp 1.16049],369739625,369740756
1755799910,BTCUSD,0,1,0.03,112989.26,4.64,0.0,0.0,202408,[tp 112989.26],369734282,369742882
1755799916,BTCUSD,0,1,0.01,112969.4,1.55,0.0,0.0,202408,[tp 112969.40],369739441,369743026
1755800019,BTCUSD,1,0,0.02,112784.02,0.0,0.0,0.0,202408,EmpireIA,369746958,369746958
1755800035,BTCUSD,0,1,0.02,112769.78,0.28,0.0,0.0,202408,[tp 112769.78],369746958,369747405
1755800199,BTCUSD,1,0,0.02,112743.04,0.0,0.0,0.0,202408,EmpireIA,369754036,369754036
1755800199,BTCUSD,0,1,0.02,112761.12,-0.36,0.0,0.0,202408,[sl 112761.12],369754036,369754037
1755800379,BTCUSD,1,0,0.02,112944.31,0.0,0.0,0.0,202408,EmpireIA,369759148,369759148
1755800384,EURUSD,1,0,0.01,1.16026,0.0,0.0,0.0,202408,EmpireIA,369759213,369759213
1755800507,EURUSD,0,1,0.01,1.16068,-0.42,0.0,0.0,202408,[sl 1.16068],369759213,369762470
1755800528,BTCUSD,0,1,0.02,113063.79,-2.39,0.0,0.0,202408,[sl 113063.79],369759148,369763012
1755800559,BTCUSD,1,0,0.02,113010.15,0.0,0.0,0.0,202408,EmpireIA,369764072,369764072
1755800560,BTCUSD,0,1,0.02,113028.22,-0.36,0.0,0.0,202408,[sl 113028.22],369764072,369764095
1755800565,EURUSD,1,0,0.01,1.16062,0.0,0.0,0.0,202408,EmpireIA,369764202,369764202
1755800604,EURUSD,0,1,0.01,1.161,-0.38,0.0,0.0,202408,[sl 1.16100],369764202,369765194
1755800740,BTCUSD,1,0,0.02,113066.13,0.0,0.0,0.0,202408,EmpireIA,369768834,369768834
1755800750,EURUSD,1,0,0.01,1.16113,0.0,0.0,0.0,202408,EmpireIA,369769163,369769163
1755800760,EURUSD,0,1,0.01,1.16136,-0.23,0.0,0.0,202408,[sl 1.16136],369769163,369769406
1755800761,BTCUSD,0,1,0.02,113102.24,-0.72,0.0,0.0,202408,[sl 113102.24],369768834,369769448
1755800919,BTCUSD,1,0,0.02,112920.0,0.0,0.0,0.0,202408,EmpireIA,369773705,369773705
1755800923,EURUSD,1,0,0.01,1.16122,0.0,0.0,0.0,202408,EmpireIA,369773851,369773851
1755800924,EURUSD,0,1,0.01,1.16135,-0.13,0.0,0.0,202408,[sl 1.16135],369773851,369773852
1755800984,BTCUSD,0,1,0.02,113065.68,-2.91,0.0,0.0,202408,[sl 113065.68],369773705,369777964
1755801100,BTCUSD,1,0,0.02,113013.44,0.0,0.0,0.0,202408,EmpireIA,369782534,369782534
1755801105,EURUSD,1,0,0.01,1.16145,0.0,0.0,0.0,202408,EmpireIA,369782652,369782652
1755801106,EURUSD,0,1,0.01,1.16158,-0.13,0.0,0.0,202408,[sl 1.16158],369782652,369782664
1755801106,BTCUSD,0,1,0.02,112995.42,0.36,0.0,0.0,202408,[tp 112995.42],369782534,369782665
1755801279,BTCUSD,1,0,0.02,113036.43,0.0,0.0,0.0,202408,EmpireIA,369787837,369787837
1755801283,EURUSD,1,0,0.01,1.16155,0.0,0.0,0.0,202408,EmpireIA,369787928,369787928
1755801285,EURUSD,0,1,0.01,1.16167,-0.12,0.0,0.0,202408,[sl 1.16167],369787928,369787942
1755801311,BTCUSD,0,1,0.02,113054.41,-0.36,0.0,0.0,202408,[sl 113054.41],369787837,369788481
1755801459,BTCUSD,1,0,0.03,112961.49,0.0,0.0,0.0,202408,EmpireIA,369794244,369794244
1755801465,EURUSD,1,0,0.01,1.16217,0.0,0.0,0.0,202408,EmpireIA,369794303,369794303
1755801471,EURUSD,0,1,0.01,1.16229,-0.12,0.0,0.0,202408,[sl 1.16229],369794303,369794356
1755801509,BTCUSD,0,1,0.03,113070.35,-3.27,0.0,0.0,202408,[sl 113070.35],369794244,369795383
1755801639,BTCUSD,1,0,0.03,112962.42,0.0,0.0,0.0,202408,EmpireIA,369798290,369798290
1755801643,EURUSD,1,0,0.01,1.16154,0.0,0.0,0.0,202408,EmpireIA,369798361,369798361
1755801702,BTCUSD,0,1,0.03,113075.02,-3.38,0.0,0.0,202408,[sl 113075.02],369798290,369799729
1755801823,BTCUSD,1,0,0.02,113071.82,0.0,0.0,0.0,202408,EmpireIA,369802227,369802227
1755801824,BTCUSD,0,1,0.02,113089.8,-0.36,0.0,0.0,202408,[sl 113089.80],369802227,369802232
1755801827,EURUSD,1,0,0.01,1.16124,0.0,0.0,0.0,202408,EmpireIA,369802287,369802287
1755801999,BTCUSD,1,0,0.03,112909.49,0.0,0.0,0.0,202408,EmpireIA,369806060,369806060
1755802004,EURUSD,1,0,0.01,1.16138,0.0,0.0,0.0,202408,EmpireIA,369806111,369806111
1755802179,BTCUSD,1,0,0.01,112885.33,0.0,0.0,0.0,202408,EmpireIA,369808499,369808499
1755802186,EURUSD,1,0,0.01,1.16129,0.0,0.0,0.0,202408,EmpireIA,369808585,369808585
1755802332,BTCUSD,0,1,0.01,112976.2,-0.91,0.0,0.0,202408,[sl 112976.20],369808499,369811109
1755802347,BTCUSD,0,1,0.03,113006.66,-2.92,0.0,0.0,202408,[sl 113006.66],369806060,369811360
1755802348,EURUSD,0,1,0.01,1.16087,0.67,0.0,0.0,202408,[tp 1.16087],369798361,369811420
1755802348,EURUSD,0,1,0.01,1.16082,0.56,0.0,0.0,202408,[tp 1.16082],369806111,369811421
1755802359,BTCUSD,1,0,0.03,112970.14,0.0,0.0,0.0,202408,EmpireIA,369811936,369811936
1755802360,BTCUSD,0,1,0.03,112988.16,-0.54,0.0,0.0,202408,[sl 112988.16],369811936,369811954
1755802364,EURUSD,1,0,0.01,1.16075,0.0,0.0,0.0,202408,EmpireIA,369812013,369812013
1755802368,EURUSD,0,1,0.01,1.16087,-0.12,0.0,0.0,202408,[sl 1.16087],369812013,369812066
1755802374,EURUSD,0,1,0.01,1.16076,0.48,0.0,0.0,202408,[tp 1.16076],369802287,369812174
1755802477,EURUSD,0,1,0.01,1.16071,0.58,0.0,0.0,202408,[tp 1.16071],369808585,369814468
1755819376,ETHUSD,1,1,0.2,4204.01,0.0,0.0,-0.97,0,[sl 4204.01],367827347,370028602
1755889068,BTCUSD,0,0,0.01,116691.58,0.0,0.0,0.0,202408,EmpireIA,371147124,371147124
1755889243,BTCUSD,0,0,0.01,116488.91,0.0,0.0,0.0,202408,EmpireIA,371154021,371154021
1755890142,BTCUSD,0,0,0.01,116497.92,0.0,0.0,0.0,202408,EmpireIA,371175206,371175206
1755890287,BTCUSD,1,1,0.01,116320.29,-3.7199999999999998,0.0,0.0,202408,[sl 116320.29],371147124,371177654
1755890463,BTCUSD,1,1,0.01,116147.44,-3.51,0.0,0.0,202408,[sl 116147.44],371175206,371181287
1755891042,BTCUSD,0,0,0.01,116432.68,0.0,0.0,0.0,202408,EmpireIA,371194853,371194853
1755891942,BTCUSD,0,0,0.01,116405.88,0.0,0.0,0.0,202408,EmpireIA,371207277,371207277
1755892531,BTCUSD,1,1,0.01,116113.41,-3.76,0.0,0.0,202408,[sl 116113.41],371154021,371214646
1755892978,BTCUSD,0,0,0.01,116429.93,0.0,0.0,0.0,202408,EmpireIA,371221106,371221106
1755893709,BTCUSD,1,1,0.01,116810.67,3.81,0.0,0.0,202408,[tp 116810.67],371221106,371229624
1755893749,BTCUSD,0,0,0.01,116849.75,0.0,0.0,0.0,202408,EmpireIA,371230276,371230276
1755893755,BTCUSD,1,1,0.01,116853.13,4.47,0.0,0.0,202408,[tp 116853.13],371207277,371230352
1755893769,BTCUSD,1,1,0.01,116883.82,4.51,0.0,0.0,202408,[tp 116883.82],371194853,371230813
1755894788,BTCUSD,1,1,0.01,116608.07,-2.42,0.0,0.0,202408,[sl 116608.07],371230276,371247720
1755894830,BTCUSD,0,0,0.01,116679.92,0.0,0.0,0.0,202408,EmpireIA,371248326,371248326
1755895549,BTCUSD,0,0,0.01,116728.02,0.0,0.0,0.0,202408,EmpireIA,371258569,371258569
1755896402,BTCUSD,1,1,0.01,117018.08,3.38,0.0,0.0,202408,[tp 117018.08],371248326,371270235
1755896409,BTCUSD,1,1,0.01,117034.68,3.07,0.0,0.0,202408,[tp 117034.68],371258569,371270364
1755896449,BTCUSD,0,0,0.01,117032.82,0.0,0.0,0.0,202408,EmpireIA,371270891,371270891
1755897170,BTCUSD,1,1,0.01,117358.03,3.25,0.0,0.0,202408,[tp 117358.03],371270891,371279330
1755940301,LNKUSD,1,0,26.2,26.069,0.0,0.0,0.0,202408,EmpireIA,371413385,371413385
1755940541,LNKUSD,1,0,22.28,26.054,0.0,0.0,0.0,202408,EmpireIA,371414281,371414281
1755940566,LNKUSD,0,1,22.28,26.153,-220.57,0.0,0.0,202408,[sl 26.153],371414281,371414322
1755941409,LNKUSD,1,0,24.86,26.023,0.0,0.0,0.0,202408,EmpireIA,371416382,371416382
1755941409,LNKUSD,0,1,24.86,26.109,-213.79,0.0,0.0,202408,[sl 26.109],371416382,371416383
1755942310,LNKUSD,1,0,22.42,25.956,0.0,0.0,0.0,202408,EmpireIA,371417975,371417975
1755943267,LNKUSD,1,0,25.02,25.931,0.0,0.0,0.0,202408,EmpireIA,371420202,371420202
1755943268,LNKUSD,0,1,25.02,26.021,-225.18,0.0,0.0,202408,[sl 26.021],371420202,371420203
1755943736,BTCUSD,0,0,0.01,115726.25,0.0,0.0,0.0,202408,EmpireIA,371421143,371421143
1755943869,BTCUSD,1,1,0.01,115840.17,1.1400000000000001,0.0,0.0,202408,[tp 115840.17],371421143,371421545
1755944164,LNKUSD,1,0,26.19,25.977,0.0,0.0,0.0,202408,EmpireIA,371422391,371422391
1755944858,LNKUSD,0,1,26.2,25.92,390.38,0.0,0.0,202408,[tp 25.920],371413385,371423817
1755945065,LNKUSD,1,0,30.35,25.782,0.0,0.0,0.0,202408,EmpireIA,371424315,371424315
1755945077,LNKUSD,0,1,26.19,25.839,361.42,0.0,0.0,202408,[tp 25.839],371422391,371424321
1755945429,LNKUSD,0,1,30.35,25.884,-309.57,0.0,0.0,202408,[sl 25.884],371424315,371425517
1755945960,LNKUSD,1,0,24.83,25.746,0.0,0.0,0.0,202408,EmpireIA,371427662,371427662
1755946052,LNKUSD,0,1,24.83,25.851,-260.71,0.0,0.0,202408,[sl 25.851],371427662,371428342
1755947400,LNKUSD,1,0,22.67,25.855,0.0,0.0,0.0,202408,EmpireIA,371430880,371430880
1755947409,LNKUSD,0,1,22.67,25.964,-247.1,0.0,0.0,202408,[sl 25.964],371430880,371430907
1755947759,LNKUSD,1,0,21.64,25.837,0.0,0.0,0.0,202408,EmpireIA,371431264,371431264
1755948289,LNKUSD,0,1,22.42,25.764,430.46,0.0,0.0,202408,[tp 25.764],371417975,371433488
1755950794,LNKUSD,0,1,21.64,25.677,346.24,0.0,0.0,202408,[tp 25.677],371431264,371442223
1755967136,BTCUSD,0,0,0.01,114773.8,0.0,0.0,0.0,202408,EmpireIA,371505749,371505749
1755967484,BTCUSD,1,1,0.01,114955.93,1.8199999999999998,0.0,0.0,202408,[tp 114955.93],371505749,371507879
1755967677,BTCUSD,0,0,0.01,115083.37,0.0,0.0,0.0,202408,EmpireIA,371509174,371509174
1755968106,BTCUSD,1,1,0.01,114921.6,-1.6099999999999999,0.0,0.0,202408,[sl 114921.60],371509174,371511614
1755968697,BTCUSD,1,0,0.01,114886.77,0.0,0.0,0.0,202408,EmpireIA,371514631,371514631
1755969357,BTCUSD,1,0,0.01,114856.3,0.0,0.0,0.0,202408,EmpireIA,371517112,371517112
1755969528,BTCUSD,0,1,0.01,114999.95,-1.44,0.0,0.0,202408,[sl 114999.95],371517112,371518231
1755969684,BTCUSD,0,1,0.01,115028.63,-1.42,0.0,0.0,202408,[sl 115028.63],371514631,371519552
1755970317,BTCUSD,0,0,0.01,115084.12,0.0,0.0,0.0,202408,EmpireIA,371522182,371522182
1755970667,BTCUSD,1,1,0.01,114909.64,-1.74,0.0,0.0,202408,[sl 114909.64],371522182,371523384
1755971156,BTCUSD,1,0,0.01,114697.16,0.0,0.0,0.0,202408,EmpireIA,371526174,371526174
1755972117,BTCUSD,1,0,0.01,114720.59,0.0,0.0,0.0,202408,EmpireIA,371530886,371530886
1755972957,BTCUSD,1,0,0.01,114746.59,0.0,0.0,0.0,202408,EmpireIA,371534588,371534588
1755973290,BTCUSD,0,1,0.01,114836.35,-1.15,0.0,0.0,202408,[sl 114836.35],371530886,371536158
1755973295,BTCUSD,0,1,0.01,114848.09,-1.51,0.0,0.0,202408,[sl 114848.09],371526174,371536219
1755973340,BTCUSD,0,1,0.01,114889.45,-1.42,0.0,0.0,202408,[sl 114889.45],371534588,371536475
1755973917,BTCUSD,1,0,0.01,114848.39,0.0,0.0,0.0,202408,EmpireIA,371539301,371539301
1755978837,BTCUSD,0,1,0.01,114998.97,-1.51,0.0,0.0,202408,[sl 114998.97],371539301,371562072
1755997220,BTCUSD,1,0,0.02,115047.0,0.0,0.0,0.0,202408,EmpireIA,371623323,371623323
1755997361,BTCUSD,0,1,0.02,115122.32,-1.51,0.0,0.0,202408,[sl 115122.32],371623323,371623784
1756031074,LNKUSD,1,0,32.34,25.664,0.0,0.0,0.0,202408,EmpireIA,371713682,371713682
1756031079,LNKUSD,0,1,32.34,25.76,-310.46,0.0,0.0,202408,[sl 25.760],371713682,371713685
1756031184,BTCUSD,1,0,0.02,114945.64,0.0,0.0,0.0,202408,EmpireIA,371713985,371713985
1756031386,BTCUSD,0,1,0.02,115031.66,-1.72,0.0,0.0,202408,[sl 115031.66],371713985,371714602
1756031608,LNKUSD,1,0,29.53,25.664,0.0,0.0,0.0,202408,EmpireIA,371716075,371716075
1756031608,LNKUSD,0,1,29.53,25.751,-256.91,0.0,0.0,202408,[sl 25.751],371716075,371716076
1756031663,BTCUSD,1,0,0.01,114945.23,0.0,0.0,0.0,202408,EmpireIA,371716275,371716275
1756031841,BTCUSD,0,1,0.01,115059.42,-1.1400000000000001,0.0,0.0,202408,[sl 115059.42],371716275,371716714
1756032327,LNKUSD,1,0,40.37,25.63,0.0,0.0,0.0,202408,EmpireIA,371717298,371717298
1756032328,LNKUSD,0,1,40.37,25.716,-347.18,0.0,0.0,202408,[sl 25.716],371717298,371717299
1756032623,BTCUSD,1,0,0.01,114962.83,0.0,0.0,0.0,202408,EmpireIA,371717514,371717514
1756033223,BTCUSD,1,0,0.02,114900.01,0.0,0.0,0.0,202408,EmpireIA,371719914,371719914
1756033231,LNKUSD,1,0,48.27,25.549,0.0,0.0,0.0,202408,EmpireIA,371719923,371719923
1756033391,BTCUSD,0,1,0.01,114820.95,1.42,0.0,0.0,202408,[tp 114820.95],371717514,371720951
1756033472,LNKUSD,0,1,48.27,25.635,-415.13,0.0,0.0,202408,[sl 25.635],371719923,371721978
1756033839,BTCUSD,0,1,0.02,114983.81,-1.6800000000000002,0.0,0.0,202408,[sl 114983.81],371719914,371723269
1756034123,BTCUSD,1,0,0.01,114875.19,0.0,0.0,0.0,202408,EmpireIA,371724447,371724447
1756034368,LNKUSD,1,0,37.49,25.623,0.0,0.0,0.0,202408,EmpireIA,371725598,371725598
1756035024,BTCUSD,1,0,0.01,114804.97,0.0,0.0,0.0,202408,EmpireIA,371729641,371729641
1756035029,LNKUSD,1,0,53.89,25.595,0.0,0.0,0.0,202408,EmpireIA,371729651,371729651
1756035029,LNKUSD,0,1,53.89,25.682,-468.84,0.0,0.0,202408,[sl 25.682],371729651,371729653
1756035517,LNKUSD,0,1,37.49,25.794,-641.08,0.0,0.0,202408,[sl 25.794],371725598,371731139
1756036107,LNKUSD,1,0,41.25,25.613,0.0,0.0,0.0,202408,EmpireIA,371732845,371732845
1756036110,LNKUSD,0,1,41.25,25.701,-363.0,0.0,0.0,202408,[sl 25.701],371732845,371732850
1756036224,BTCUSD,1,0,0.01,114794.89,0.0,0.0,0.0,202408,EmpireIA,371733320,371733320
1756036824,BTCUSD,1,0,0.01,114844.54,0.0,0.0,0.0,202408,EmpireIA,371734723,371734723
1756036830,LNKUSD,1,0,5.45,25.607,0.0,0.0,0.0,202408,EmpireIA,371734741,371734741
1756036840,LNKUSD,0,1,5.45,25.694,-47.41,0.0,0.0,202408,[sl 25.694],371734741,371734748
1756037684,BTCUSD,0,1,0.01,114698.19,1.77,0.0,0.0,202408,[tp 114698.19],371724447,371738143
1756037684,BTCUSD,0,1,0.01,114701.12,1.44,0.0,0.0,202408,[tp 114701.12],371734723,371738146
1756037727,LNKUSD,1,0,32.37,25.442,0.0,0.0,0.0,202408,EmpireIA,371738593,371738593
1756037784,BTCUSD,1,0,0.01,114746.73,0.0,0.0,0.0,202408,EmpireIA,371738915,371738915
1756038330,BTCUSD,0,1,0.01,114838.92,-0.92,0.0,0.0,202408,[sl 114838.92],371738915,371740978
1756038631,LNKUSD,1,0,37.59,25.427,0.0,0.0,0.0,202408,EmpireIA,371741957,371741957
1756038631,LNKUSD,0,1,37.59,25.512,-319.52,0.0,0.0,202408,[sl 25.512],371741957,371741958
1756038831,BTCUSD,0,1,0.01,114899.7,-1.05,0.0,0.0,202408,[sl 114899.70],371733320,371742576
1756038870,BTCUSD,0,1,0.01,114932.77,-1.28,0.0,0.0,202408,[sl 114932.77],371729641,371742938
1756048327,LNKUSD,0,1,32.37,25.613,-553.53,0.0,0.0,202408,[sl 25.613],371738593,371781752
1756105261,EURUSD,0,0,0.92,1.17077,0.0,0.0,0.0,202408,EmpireIA,372228566,372228566
1756105439,EURUSD,0,0,1.11,1.17083,0.0,0.0,0.0,202408,EmpireIA,372230913,372230913
1756105452,EURUSD,1,1,1.11,1.17064,-21.09,0.0,0.0,202408,[sl 1.17064],372230913,372231054
1756105510,EURUSD,1,1,0.92,1.17055,-20.24,0.0,0.0,202408,[sl 1.17055],372228566,372231844
1756105619,EURUSD,0,0,4.67,1.17072,0.0,0.0,0.0,202408,EmpireIA,372233041,372233041
1756105620,EURUSD,1,1,4.67,1.17057,-70.05,0.0,0.0,202408,[sl 1.17057],372233041,372233045
1756105799,EURUSD,0,0,3.61,1.17059,0.0,0.0,0.0,202408,EmpireIA,372234746,372234746
1756105800,EURUSD,1,1,3.61,1.17047,-43.32,0.0,0.0,202408,[sl 1.17047],372234746,372234792
1756105979,EURUSD,0,0,0.87,1.17071,0.0,0.0,0.0,202408,EmpireIA,372236147,372236147
1756106072,EURUSD,1,1,0.87,1.17049,-19.14,0.0,0.0,202408,[sl 1.17049],372236147,372236807
1756106158,EURUSD,0,0,2.75,1.17057,0.0,0.0,0.0,202408,EmpireIA,372237687,372237687
1756106160,EURUSD,1,1,2.75,1.17045,-33.0,0.0,0.0,202408,[sl 1.17045],372237687,372237693
1756106339,EURUSD,0,0,2.49,1.17059,0.0,0.0,0.0,202408,EmpireIA,372238835,372238835
1756106340,EURUSD,1,1,2.49,1.17047,-29.88,0.0,0.0,202408,[sl 1.17047],372238835,372238837
1756106519,EURUSD,0,0,2.69,1.17048,0.0,0.0,0.0,202408,EmpireIA,372240437,372240437
1756106519,EURUSD,1,1,2.69,1.17036,-32.28,0.0,0.0,202408,[sl 1.17036],372240437,372240438
1756106698,EURUSD,1,0,3.27,1.1703000000000001,0.0,0.0,0.0,202408,EmpireIA,372241176,372241176
1756106700,EURUSD,0,1,3.27,1.17042,-39.24,0.0,0.0,202408,[sl 1.17042],372241176,372241181
1756106879,EURUSD,0,0,2.86,1.17053,0.0,0.0,0.0,202408,EmpireIA,372242350,372242350
1756106911,EURUSD,1,1,2.86,1.17041,-34.32,0.0,0.0,202408,[sl 1.17041],372242350,372242472
1756109155,LNKUSD,1,0,19.01,25.736,0.0,0.0,0.0,202408,EmpireIA,372254902,372254902
1756109168,LNKUSD,0,1,19.01,25.841,-199.6,0.0,0.0,202408,[sl 25.841],372254902,372254972
1756109760,LNKUSD,1,0,21.54,25.717,0.0,0.0,0.0,202408,EmpireIA,372261318,372261318
1756109760,LNKUSD,0,1,21.54,25.806,-191.7,0.0,0.0,202408,[sl 25.806],372261318,372261319
1756111195,LNKUSD,1,0,16.31,25.797,0.0,0.0,0.0,202408,EmpireIA,372269533,372269533
1756111555,LNKUSD,1,0,16.62,25.807,0.0,0.0,0.0,202408,EmpireIA,372271399,372271399
1756111809,LNKUSD,0,1,16.31,25.913,-189.19,0.0,0.0,202408,[sl 25.913],372269533,372272790
1756111810,LNKUSD,0,1,16.62,25.918,-184.49,0.0,0.0,202408,[sl 25.918],372271399,372272802
1756112755,LNKUSD,1,0,14.11,25.813,0.0,0.0,0.0,202408,EmpireIA,372281972,372281972
1756112766,LNKUSD,0,1,14.11,25.914,-142.51,0.0,0.0,202408,[sl 25.914],372281972,372282109
1756114555,LNKUSD,1,0,8.88,25.84,0.0,0.0,0.0,202408,EmpireIA,372304224,372304224
1756115155,LNKUSD,1,0,8.33,25.555,0.0,0.0,0.0,202408,EmpireIA,372311627,372311627
1756115225,LNKUSD,0,1,8.33,25.747,-159.93,0.0,0.0,202408,[sl 25.747],372311627,372312876
1756115974,LNKUSD,0,1,8.88,25.596,216.67,0.0,0.0,202408,[tp 25.596],372304224,372324161
1756116056,LNKUSD,1,0,7.14,25.556,0.0,0.0,0.0,202408,EmpireIA,372326416,372326416
1756116955,LNKUSD,1,0,6.28,25.541,0.0,0.0,0.0,202408,EmpireIA,372336889,372336889
1756117907,LNKUSD,0,1,7.14,25.28,197.06,0.0,0.0,202408,[tp 25.280],372326416,372347527
1756117961,LNKUSD,0,1,6.28,25.233,193.43,0.0,0.0,202408,[tp 25.233],372336889,372348350
1756120560,LNKUSD,1,0,8.0,24.97,0.0,0.0,0.0,202408,EmpireIA,372388356,372388356
1756121400,LNKUSD,1,0,8.67,25.01,0.0,0.0,0.0,202408,EmpireIA,372397776,372397776
1756121783,LNKUSD,0,1,8.0,25.129,-127.2,0.0,0.0,202408,[sl 25.129],372388356,372401940
1756121854,LNKUSD,0,1,8.67,25.174,-142.19,0.0,0.0,202408,[sl 25.174],372397776,372402727
1756122596,LNKUSD,1,0,8.59,25.038,0.0,0.0,0.0,202408,EmpireIA,372409741,372409741
1756122861,LNKUSD,0,1,8.59,25.207,-145.17,0.0,0.0,202408,[sl 25.207],372409741,372412525
1756123256,LNKUSD,1,0,10.04,25.083,0.0,0.0,0.0,202408,EmpireIA,372417471,372417471
1756124155,LNKUSD,1,0,11.29,24.996,0.0,0.0,0.0,202408,EmpireIA,372430698,372430698
1756125055,LNKUSD,1,0,12.31,24.845,0.0,0.0,0.0,202408,EmpireIA,372440647,372440647
1756125087,LNKUSD,0,1,12.31,24.959,-140.33,0.0,0.0,202408,[sl 24.959],372440647,372440970
1756125900,LNKUSD,1,0,10.21,24.958,0.0,0.0,0.0,202408,EmpireIA,372452468,372452468
1756126856,LNKUSD,1,0,14.01,24.88,0.0,0.0,0.0,202408,EmpireIA,372466844,372466844
1756127088,LNKUSD,0,1,10.04,24.869,214.85,0.0,0.0,202408,[tp 24.869],372417471,372469691
1756127700,LNKUSD,1,0,12.31,24.76,0.0,0.0,0.0,202408,EmpireIA,372474849,372474849
1756127851,LNKUSD,0,1,11.29,24.791,231.44,0.0,0.0,202408,[tp 24.791],372430698,372476190
1756127923,LNKUSD,0,1,10.21,24.75,212.37,0.0,0.0,202408,[tp 24.750],372452468,372477486
1756127942,LNKUSD,0,1,14.01,24.705,245.17,0.0,0.0,202408,[tp 24.705],372466844,372477700
1756128444,LNKUSD,0,1,12.31,24.559,247.43,0.0,0.0,202408,[tp 24.559],372474849,372485962
1765197804,BTCUSD,0,0,0.01,92185.88,0.0,0.0,0.0,0,,574471723,574471723
1765197848,CL-OIL,0,0,0.09,59.55,0.0,0.0,0.0,0,,574472489,574472489
1765197858,BTCUSD,1,1,0.01,92186.38,0.0,0.0,0.0,0,[tp 92186.38],574471723,574472614
1765197858,XAUUSD,1,0,0.05,4206.84,0.0,0.0,0.0,0,,574472617,574472617
1765197868,AUDUSD,0,0,3.33,0.66375,0.0,0.0,0.0,0,,574472757,574472757
1765197878,USDJPY,0,0,2.69,155.458,0.0,0.0,0.0,0,,574472908,574472908
1765197919,EURUSD,0,0,0.73,1.165,0.0,0.0,0.0,0,,574474079,574474079
1765197929,GER40,0,0,0.1,24084.25,0.0,0.0,0.0,0,,574474207,574474207
1765197945,SOLUSD,0,0,0.85,139.3,0.0,0.0,0.0,0,,574474395,574474395
1765197958,LTCUSD,0,0,0.21,84.4,0.0,0.0,0.0,0,,574474788,574474788
1765198098,GER40,1,1,0.1,24084.75,0.06,0.0,0.0,0,[tp 24084.75],574474207,574480004
1765203235,SOLUSD,1,1,0.85,137.73,-13.34,0.0,0.0,0,[sl 137.73],574474395,574644473
1765203243,BTCUSD,0,0,0.01,91808.23,0.0,0.0,0.0,0,,574644716,574644716
1765203309,BTCUSD,1,1,0.01,91808.73,0.01,0.0,0.0,0,[tp 91808.73],574644716,574646472
1765203319,GER40,0,0,0.1,24086.25,0.0,0.0,0.0,0,,574646660,574646660
1765203331,NAS100,0,0,0.1,25783.95,0.0,0.0,0.0,0,,574646754,574646754
1765203347,GER40,1,1,0.1,24086.75,0.06,0.0,0.0,0,[tp 24086.75],574646660,574646989
1765203348,ADAUSD,0,0,0.78,0.4341,0.0,0.0,0.0,0,,574646991,574646991
1765205217,LTCUSD,1,1,0.21,82.75,-34.65,0.0,0.0,0,[sl 82.75],574474788,574696948
1765205231,GER40,0,0,0.1,24088.25,0.0,0.0,0.0,0,,574697368,574697368
1765205233,GER40,1,1,0.1,24088.75,0.06,0.0,0.0,0,[tp 24088.75],574697368,574697382
1765205240,CL-OIL,0,0,0.1,59.39,0.0,0.0,0.0,0,,574697732,574697732
1765205250,NAS100,0,0,0.1,25806.7,0.0,0.0,0.0,0,,574698110,574698110
1765205261,BTCUSD,0,0,0.01,91822.39,0.0,0.0,0.0,0,,574698389,574698389
1765205280,NAS100,1,1,0.1,25806.95,0.03,0.0,0.0,0,[tp 25806.95],574698110,574699216
1765207377,NAS100,1,1,0.1,25813.11,2.92,0.0,0.0,0,[sl 25813.11],574646754,574806289
1765211808,BTCUSD,1,1,0.01,91018.36,-8.04,0.0,0.0,0,[sl 91018.36],574698389,575057496
1765211820,NAS100,0,0,0.1,25816.35,0.0,0.0,0.0,0,,575059448,575059448
1765211829,NAS100,1,1,0.1,25818.6,0.23,0.0,0.0,0,[tp 25818.60],575059448,575061374
1765211830,GER40,0,0,0.1,24128.25,0.0,0.0,0.0,0,,575061412,575061412
1765211839,AUDUSD,0,0,6.13,0.66367,0.0,0.0,0.0,0,,575062355,575062355
1765211870,LTCUSD,0,0,0.38,83.72,0.0,0.0,0.0,0,,575064741,575064741
1765212216,USDJPY,1,1,2.69,155.705,426.72,0.0,0.0,0,,574472908,575097012
1765213366,AUDUSD,1,1,6.13,0.66255,-686.56,0.0,0.0,0,[sl 0.66255],575062355,575220321
1765213506,XAUUSD,0,1,0.05,4186.25,102.95,0.0,0.0,0,[tp 4186.25],574472617,575241238
1765215625,EURUSD,1,1,0.73,1.16199,-219.73,0.0,0.0,0,[sl 1.16199],574474079,575501325
1765216059,AUDUSD,1,1,3.33,0.66155,-732.6,0.0,0.0,0,[sl 0.66155],574472757,575523781
1765221639,CL-OIL,1,1,0.09,59.03,-46.8,0.0,0.0,0,[sl 59.030],574472489,575782077
1765225324,CL-OIL,1,1,0.1,58.86,-53.0,0.0,0.0,0,[sl 58.860],574697732,575898748
1765233020,GER40,1,1,0.1,24025.75,-11.93,0.0,0.0,0,close_before_mar,575061412,576088535
1765264230,LTCUSD,1,1,0.38,82.18,-58.52,0.0,-2.74,0,[sl 82.18],575064741,576749556
1765264519,ADAUSD,1,0,0.28,0.4224,0.0,0.0,0.0,0,,576756696,576756696
1765265453,ADAUSD,0,1,0.28,0.4304,-22.4,0.0,0.0,0,[sl 0.4304],576756696,576782004
1765265474,BTCUSD,1,0,0.01,89965.4,0.0,0.0,0.0,0,,576783716,576783716
1765288582,ADAUSD,1,1,0.78,0.4396,42.9,0.0,-2.91,0,[tp 0.4396],574646991,577624280
1765288596,GER40,0,0,0.1,24129.38,0.0,0.0,0.0,0,,577624594,577624594
1765288669,USDJPY,0,0,0.91,156.189,0.0,0.0,0.0,0,,577626996,577626996
1765288678,XAUUSD,0,0,0.02,4203.6,0.0,0.0,0.0,0,,577627114,577627114
1765288688,CL-OIL,0,0,0.08,59.14,0.0,0.0,0.0,0,,577627356,577627356
1765288698,AUDUSD,0,0,1.12,0.66396,0.0,0.0,0.0,0,,577627608,577627608
1765288835,DJ30,0,0,0.1,47833.08,0.0,0.0,0.0,0,,577632148,577632148
1765288846,GER40,0,0,0.1,24126.38,0.0,0.0,0.0,0,,577632335,577632335
1765288855,XAUUSD,1,1,0.02,4204.1,1.0,0.0,0.0,0,[tp 4204.10],577627114,577632466
1765288873,CL-OIL,0,0,0.08,59.14,0.0,0.0,0.0,0,,577633111,577633111
1765288951,XAUUSD,0,0,0.09,4203.92,0.0,0.0,0.0,0,,577636493,577636493
1765288973,AUDUSD,0,0,1.15,0.66384,0.0,0.0,0.0,0,,577636919,577636919
1765288984,USDJPY,0,0,1.27,156.234,0.0,0.0,0.0,0,,577637110,577637110
1765289014,GER40,0,0,0.1,24117.38,0.0,0.0,0.0,0,,577637697,577637697
1765289084,EURUSD,1,0,1.25,1.1639599999999999,0.0,0.0,0.0,0,,577638995,577638995
1765289105,CL-OIL,0,0,0.08,59.17,0.0,0.0,0.0,0,,577640218,577640218
1765289115,AUDUSD,0,0,1.1400000000000001,0.66386,0.0,0.0,0.0,0,,577640554,577640554
1765289136,DJ30,0,0,0.1,47840.58,0.0,0.0,0.0,0,,577641092,577641092
1765289179,USDJPY,0,0,1.01,156.246,0.0,0.0,0.0,0,,577641880,577641880
1765289239,GER40,0,0,0.1,24119.38,0.0,0.0,0.0,0,,577643205,577643205
1765289292,AUDUSD,0,0,1.1400000000000001,0.66386,0.0,0.0,0.0,0,,577644961,577644961
1765289322,CL-OIL,0,0,0.08,59.12,0.0,0.0,0.0,0,,577645757,577645757
1765289344,DJ30,0,0,0.1,47843.88,0.0,0.0,0.0,0,,577646953,577646953
1765289428,AUDUSD,0,0,1.13,0.66381,0.0,0.0,0.0,0,,577649892,577649892
1765289450,USDJPY,0,0,1.0,156.281,0.0,0.0,0.0,0,,577650461,577650461
1765289471,GER40,0,0,0.1,24124.38,0.0,0.0,0.0,0,,577650949,577650949
1765289555,DJ30,1,0,0.1,47828.58,0.0,0.0,0.0,0,,577653515,577653515
1765289566,CL-OIL,0,0,0.08,59.17,0.0,0.0,0.0,0,,577654254,577654254
1765289585,AUDUSD,0,0,0.13,0.66384,0.0,0.0,0.0,0,,577654661,577654661
1765289624,USDJPY,0,0,0.99,156.278,0.0,0.0,0.0,0,,577655407,577655407
1765289679,GER40,0,0,0.1,24137.38,0.0,0.0,0.0,0,,577656644,577656644
1765289729,AUDUSD,0,0,1.13,0.66367,0.0,0.0,0.0,0,,577657684,577657684
1765289765,DJ30,1,0,0.1,47825.28,0.0,0.0,0.0,0,,577658246,577658246
1765289784,CL-OIL,0,0,0.08,59.15,0.0,0.0,0.0,0,,577659020,577659020
1765289858,USDJPY,0,0,0.99,156.282,0.0,0.0,0.0,0,,577661446,577661446
1765289877,AUDUSD,0,0,1.12,0.66373,0.0,0.0,0.0,0,,577661666,577661666
1765289887,GER40,0,0,0.1,24135.38,0.0,0.0,0.0,0,,577662122,577662122
1765289961,DJ30,1,0,0.1,47827.58,0.0,0.0,0.0,0,,577666420,577666420
1765289971,CL-OIL,0,0,0.07,59.145,0.0,0.0,0.0,0,,577667651,577667651
1765290004,DJ30,0,1,0.1,47827.08,0.05,0.0,0.0,0,[tp 47827.08],577666420,577669705
1765290050,AUDUSD,0,0,0.13,0.66359,0.0,0.0,0.0,0,,577672223,577672223
1765290069,USDJPY,0,0,0.96,156.292,0.0,0.0,0.0,0,,577672988,577672988
1765290079,GER40,0,0,0.1,24123.38,0.0,0.0,0.0,0,,577673459,577673459
1765290098,DJ30,1,0,0.1,47828.58,0.0,0.0,0.0,0,,577674049,577674049
1765290107,CL-OIL,1,0,0.07,59.08,0.0,0.0,0.0,0,,577674229,577674229
1765290237,USDJPY,0,0,0.94,156.269,0.0,0.0,0.0,0,,577680343,577680343
1765290247,DJ30,1,0,0.1,47826.28,0.0,0.0,0.0,0,,577680627,577680627
1765290257,CL-OIL,0,0,0.07,59.08,0.0,0.0,0.0,0,,577681061,577681061
1765290285,AUDUSD,0,0,1.07,0.66368,0.0,0.0,0.0,0,,577681608,577681608
1765290306,GER40,0,0,0.1,24136.38,0.0,0.0,0.0,0,,577682122,577682122
1765290391,CL-OIL,0,0,0.07,59.04,0.0,0.0,0.0,0,,577684623,577684623
1765290401,DJ30,1,0,0.1,47825.28,0.0,0.0,0.0,0,,577684995,577684995
1765290419,GER40,1,1,0.1,24138.57,0.37,0.0,0.0,0,[tp 24138.57],577662122,577686308
1765290475,USDJPY,0,0,0.96,156.266,0.0,0.0,0.0,0,,577688550,577688550
1765290503,GER40,0,0,0.1,24140.38,0.0,0.0,0.0,0,,577689175,577689175
1765290574,GER40,1,1,0.1,24140.17,1.95,0.0,0.0,0,[tp 24140.17],577673459,577690983
1765290574,GER40,1,1,0.1,24140.17,0.44,0.0,0.0,0,[tp 24140.17],577682122,577690984
1765290574,GER40,1,1,0.1,24140.53,0.02,0.0,0.0,0,[tp 24140.53],577689175,577690985
1765290588,DJ30,1,0,0.1,47826.58,0.0,0.0,0.0,0,,577691513,577691513
1765290643,GER40,1,1,0.1,24141.92,1.8,0.0,0.0,0,[tp 24141.92],577632335,577693088
1765290703,USDJPY,0,0,0.97,156.284,0.0,0.0,0.0,0,,577694878,577694878
1765290730,GER40,1,1,0.1,24143.71,3.06,0.0,0.0,0,[tp 24143.71],577637697,577695587
1765290730,GER40,1,1,0.1,24143.71,2.83,0.0,0.0,0,[tp 24143.71],577643205,577695588
1765290730,GER40,1,1,0.1,24143.71,2.25,0.0,0.0,0,[tp 24143.71],577650949,577695589
1765290793,DJ30,0,1,0.1,47818.22,0.71,0.0,0.0,0,[tp 47818.22],577684995,577696506
1765290915,DJ30,0,1,0.1,47817.88,1.07,0.0,0.0,0,[tp 47817.88],577674049,577698617
1765291076,DJ30,0,1,0.1,47815.55,1.07,0.0,0.0,0,[tp 47815.55],577680627,577702349
1765291206,DJ30,0,1,0.1,47811.9,1.47,0.0,0.0,0,[tp 47811.90],577691513,577704654
1765291222,DJ30,0,1,0.1,47809.19,1.6099999999999999,0.0,0.0,0,[tp 47809.19],577658246,577704978
1765291248,USDJPY,1,1,0.91,156.289,58.23,0.0,0.0,0,[tp 156.289],577626996,577705467
1765291277,DJ30,0,1,0.1,47802.78,2.58,0.0,0.0,0,[tp 47802.78],577653515,577706281
1765292259,GER40,1,1,0.1,24144.78,0.86,0.0,0.0,0,[tp 24144.78],577656644,577741229
1765292260,GER40,1,1,0.1,24146.74,2.02,0.0,0.0,0,[tp 24146.74],577624594,577741257
1765294265,XAUUSD,1,1,0.09,4196.2,-69.48,0.0,0.0,0,[sl 4196.20],577636493,577843719
1765294282,XAGUSD,0,0,0.03,58.591,0.0,0.0,0.0,0,,577846709,577846709
1765294384,DJ30,1,1,0.1,47782.65,-6.12,0.0,0.0,0,[sl 47782.65],577646953,577854481
1765294390,DJ30,1,1,0.1,47778.79,-6.18,0.0,0.0,0,[sl 47778.79],577641092,577855062
1765294410,DJ30,1,1,0.1,47776.81,-5.63,0.0,0.0,0,[sl 47776.81],577632148,577856188
1765294419,XAGUSD,0,0,0.05,58.593,0.0,0.0,0.0,0,,577856564,577856564
1765294454,NAS100,1,0,0.1,25633.79,0.0,0.0,0.0,0,,577858182,577858182
1765294468,NAS100,0,1,0.1,25633.29,0.05,0.0,0.0,0,[tp 25633.29],577858182,577859041
1765294579,XAGUSD,0,0,0.01,58.636,0.0,0.0,0.0,0,,577867448,577867448
1765294641,USDJPY,1,1,1.27,156.432,160.75,0.0,0.0,0,[sl 156.432],577637110,577871760
1765294699,NAS100,1,0,0.1,25631.29,0.0,0.0,0.0,0,,577873910,577873910
1765294703,NAS100,0,1,0.1,25630.79,0.05,0.0,0.0,0,[tp 25630.79],577873910,577874216
1765294793,XAGUSD,0,0,0.02,58.684,0.0,0.0,0.0,0,,577879518,577879518
1765294918,XAGUSD,1,1,0.01,58.686,2.5,0.0,0.0,0,[tp 58.686],577867448,577888388
1765294939,NAS100,1,0,0.1,25632.79,0.0,0.0,0.0,0,,577889997,577889997
1765295023,XAGUSD,0,0,0.01,58.755,0.0,0.0,0.0,0,,577894185,577894185
1765295130,NAS100,0,1,0.1,25642.8,-1.0,0.0,0.0,0,[sl 25642.80],577889997,577902341
1765295160,NAS100,1,0,0.1,25634.54,0.0,0.0,0.0,0,,577903881,577903881
1765295189,XAGUSD,0,0,0.01,58.799,0.0,0.0,0.0,0,,577904982,577904982
1765295308,NAS100,1,0,0.1,25630.54,0.0,0.0,0.0,0,,577911321,577911321
1765295399,XAGUSD,0,0,0.11,58.774,0.0,0.0,0.0,0,,577916805,577916805
1765295547,NAS100,1,0,0.1,25627.04,0.0,0.0,0.0,0,,577923985,577923985
1765295563,XAGUSD,1,1,0.01,58.805,2.5,0.0,0.0,0,[tp 58.805],577894185,577924867
1765295571,NAS100,0,1,0.1,25626.04,0.1,0.0,0.0,0,[tp 25626.04],577923985,577925253
1765295633,XAGUSD,1,1,0.01,58.849,2.5,0.0,0.0,0,[tp 58.849],577904982,577928348
1765295665,XAGUSD,0,0,0.12,58.821,0.0,0.0,0.0,0,,577929921,577929921
1765295697,NAS100,0,1,0.1,25618.36,1.22,0.0,0.0,0,[tp 25618.36],577911321,577931064
1765295697,NAS100,0,1,0.1,25618.0,1.65,0.0,0.0,0,[tp 25618.00],577903881,577931070
1765295740,NAS100,1,0,0.1,25624.29,0.0,0.0,0.0,0,,577932746,577932746
1765295742,NAS100,0,1,0.1,25623.79,0.05,0.0,0.0,0,[tp 25623.79],577932746,577932778
1765295795,XAGUSD,1,1,0.11,58.858,46.2,0.0,0.0,0,[tp 58.858],577916805,577934023
1765295851,XAGUSD,0,0,0.01,58.892,0.0,0.0,0.0,0,,577935512,577935512
1765295886,XAGUSD,1,1,0.05,58.87,69.25,0.0,0.0,0,[tp 58.870],577856564,577936321
1765295998,NAS100,1,0,0.1,25622.29,0.0,0.0,0.0,0,,577939397,577939397
1765296021,XAGUSD,0,0,0.13,58.866,0.0,0.0,0.0,0,,577941238,577941238
1765296206,XAGUSD,1,1,0.13,58.765,-65.65,0.0,0.0,0,[sl 58.765],577941238,577951046
1765296243,XAGUSD,1,1,0.12,58.721,-60.0,0.0,0.0,0,[sl 58.721],577929921,577954389
1765296283,NAS100,1,0,0.1,25620.54,0.0,0.0,0.0,0,,577957116,577957116
1765296456,CL-OIL,1,1,0.08,58.64,-42.4,0.0,0.0,0,[sl 58.640],577654254,577969515
1765296521,NAS100,1,0,0.1,25615.79,0.0,0.0,0.0,0,,577972549,577972549
1765296624,NAS100,0,1,0.1,25607.21,1.33,0.0,0.0,0,[tp 25607.21],577957116,577976790
1765296765,NAS100,0,1,0.1,25622.29,0.0,0.0,0.0,0,[sl 25622.29],577939397,577996373
1765297469,NAS100,0,1,0.1,25604.73,1.11,0.0,0.0,0,[tp 25604.73],577972549,578037085
1765297873,XAGUSD,1,1,0.01,58.942,2.5,0.0,0.0,0,[tp 58.942],577935512,578066063
1765297945,XAGUSD,1,1,0.03,59.004,61.95,0.0,0.0,0,[tp 59.004],577846709,578075627
1765298386,CL-OIL,1,1,0.08,58.61,-42.4,0.0,0.0,0,[sl 58.610],577633111,578124692
1765298881,CL-OIL,1,1,0.08,58.59,-42.4,0.0,0.0,0,[sl 58.590],577645757,578167018
1765299415,AUDUSD,1,1,0.13,0.66459,13.0,0.0,0.0,0,[tp 0.66459],577672223,578205388
1765299536,CL-OIL,1,1,0.07,58.555,-36.75,0.0,0.0,0,[sl 58.555],577681061,578213642
1765299536,CL-OIL,0,1,0.07,58.58,35.0,0.0,0.0,0,[tp 58.580],577674229,578213643
1765299537,CL-OIL,1,1,0.08,58.547,-49.84,0.0,0.0,0,[sl 58.547],577640218,578213653
1765299537,CL-OIL,1,1,0.08,58.547,-48.24,0.0,0.0,0,[sl 58.547],577659020,578213654
1765299537,CL-OIL,1,1,0.07,58.547,-41.86,0.0,0.0,0,[sl 58.547],577667651,578213655
1765299605,USDJPY,1,1,1.01,156.601,228.96,0.0,0.0,0,[tp 156.601],577641880,578217614
1765299605,USDJPY,1,1,1.0,156.604,206.25,0.0,0.0,0,[tp 156.604],577650461,578217615
1765299605,USDJPY,1,1,0.99,156.609,209.24,0.0,0.0,0,[tp 156.609],577655407,578217805
1765299732,BTCUSD,0,1,0.01,90923.02,-9.58,0.0,0.0,0,[sl 90923.02],576783716,578233956
1765299753,BTCUSD,0,0,0.01,91145.34,0.0,0.0,0.0,0,,578237266,578237266
1765299965,USDJPY,1,1,0.94,156.738,281.27,0.0,0.0,0,[tp 156.738],577680343,578253844
1765299979,USDJPY,1,1,0.96,156.749,295.81,0.0,0.0,0,[tp 156.749],577688550,578255487
1765300002,USDJPY,1,1,0.97,156.757,292.69,0.0,0.0,0,[tp 156.757],577694878,578257090
1765300002,USDJPY,1,1,0.99,156.758,300.62,0.0,0.0,0,[tp 156.758],577661446,578257126
1765300003,USDJPY,1,1,0.96,156.762,287.82,0.0,0.0,0,[tp 156.762],577672988,578257151
1765300010,EURUSD,0,1,1.25,1.16195,251.25,0.0,0.0,0,[tp 1.16195],577638995,578258101
1765300123,BTCUSD,1,1,0.01,90781.94,-3.63,0.0,0.0,0,[sl 90781.94],578237266,578265571
1765300130,ETHUSD,0,0,0.01,3138.57,0.0,0.0,0.0,0,,578266021,578266021
1765300138,LTCUSD,0,0,0.23,84.62,0.0,0.0,0.0,0,,578266864,578266864
1765300953,XAGUSD,1,1,0.02,59.412,72.8,0.0,0.0,0,[tp 59.412],577879518,578333975
1765300980,CL-OIL,1,1,0.08,58.303,-66.96,0.0,0.0,0,[sl 58.303],577627356,578336236
1765300980,CL-OIL,1,1,0.07,58.303,-51.59,0.0,0.0,0,[sl 58.303],577684623,578336237
1765301340,AUDUSD,1,1,0.13,0.66484,13.0,0.0,0.0,0,[tp 0.66484],577654661,578358241
1765301345,AUDUSD,1,1,1.1400000000000001,0.66486,114.0,0.0,0.0,0,[tp 0.66486],577640554,578358798
1765302075,ETHUSD,1,1,0.01,3185.82,0.47,0.0,0.0,0,[tp 3185.82],578266021,578410066
1765302088,ADAUSD,0,0,0.8,0.4686,0.0,0.0,0.0,0,,578411721,578411721
1765302188,AUDUSD,1,1,1.15,0.66459,86.25,0.0,0.0,0,[sl 0.66459],577636919,578417266
1765302188,AUDUSD,1,1,1.13,0.66459,103.96,0.0,0.0,0,[sl 0.66459],577657684,578417267
1765302188,AUDUSD,1,1,1.12,0.66459,96.32,0.0,0.0,0,[sl 0.66459],577661666,578417268
1765302188,AUDUSD,1,1,1.07,0.66459,97.37,0.0,0.0,0,[sl 0.66459],577681608,578417269
1765302618,LTCUSD,1,1,0.23,85.21,13.57,0.0,0.0,0,[tp 85.21],578266864,578456556
1765302676,EURUSD,1,0,2.14,1.16258,0.0,0.0,0.0,0,,578462594,578462594
1765302724,XAUUSD,0,0,0.1,4201.83,0.0,0.0,0.0,0,,578465899,578465899
1765303147,XAUUSD,1,1,0.1,4215.58,137.5,0.0,0.0,0,[tp 4215.58],578465899,578501387
1765303615,XAUUSD,0,0,0.06,4215.23,0.0,0.0,0.0,0,,578547502,578547502
1765303839,XAUUSD,1,1,0.06,4215.8,3.42,0.0,0.0,0,[tp 4215.80],578547502,578560067
1765303860,EURUSD,0,1,2.14,1.16364,-226.84,0.0,0.0,0,[sl 1.16364],578462594,578561692
1765304125,ADAUSD,1,1,0.8,0.4736,40.0,0.0,0.0,0,[tp 0.4736],578411721,578584477
1765304196,BTCUSD,0,0,0.01,93656.61,0.0,0.0,0.0,0,,578589958,578589958
1765304198,BTCUSD,1,1,0.01,93657.11,0.0,0.0,0.0,0,[tp 93657.11],578589958,578590058
1765304213,SOLUSD,0,0,0.29,141.8,0.0,0.0,0.0,0,,578591191,578591191
1765304269,EURUSD,1,0,2.17,1.16355,0.0,0.0,0.0,0,,578595258,578595258
1765304481,XAUUSD,0,0,0.27,4213.79,0.0,0.0,0.0,0,,578611054,578611054
1765304542,XAUUSD,1,1,0.27,4210.59,-86.4,0.0,0.0,0,[sl 4210.59],578611054,578615163
1765304726,XAUUSD,0,0,0.29,4213.82,0.0,0.0,0.0,0,,578624350,578624350
1765305134,SOLUSD,1,1,0.29,142.3,1.45,0.0,0.0,0,[tp 142.30],578591191,578645364
1765305144,ADAUSD,0,0,0.66,0.4787,0.0,0.0,0.0,0,,578646262,578646262
1765305226,SOLUSD,0,0,0.22,143.18,0.0,0.0,0.0,0,,578650475,578650475
1765305840,XAUUSD,1,1,0.29,4218.83,145.29,0.0,0.0,0,[tp 4218.83],578624350,578686872
1765306118,SOLUSD,1,1,0.22,143.67,1.07,0.0,0.0,0,[tp 143.67],578650475,578714148
1765306159,BTCUSD,0,0,0.01,94238.71,0.0,0.0,0.0,0,,578716843,578716843
1765306159,BTCUSD,1,1,0.01,94239.3,0.0,0.0,0.0,0,[tp 94239.30],578716843,578716875
1765306169,SOLUSD,0,0,0.23,144.19,0.0,0.0,0.0,0,,578717229,578717229
1765311124,EURUSD,0,1,2.17,1.16205,325.5,0.0,0.0,0,[tp 1.16205],578595258,578956424
1765335593,ADAUSD,1,1,0.66,0.4609,-117.48,0.0,-2.66,0,[sl 0.4609],578646262,579584410
1765354018,GER40,0,0,0.1,24130.63,0.0,0.0,0.0,0,,580154245,580154245
1765354244,GER40,0,0,0.1,24133.23,0.0,0.0,0.0,0,,580159877,580159877
1765354324,GER40,1,1,0.1,24131.13,0.06,0.0,0.0,0,[tp 24131.13],580154245,580162606
1765354324,GER40,1,1,0.1,24133.73,0.06,0.0,0.0,0,[tp 24133.73],580159877,580162607
1765354376,GER40,0,0,0.1,24140.83,0.0,0.0,0.0,0,,580163892,580163892
1765354616,GER40,0,0,0.1,24141.43,0.0,0.0,0.0,0,,580170732,580170732
1765354767,GER40,0,0,0.1,24137.43,0.0,0.0,0.0,0,,580175944,580175944
1765355010,GER40,0,0,0.1,24138.23,0.0,0.0,0.0,0,,580186873,580186873
1765355200,GER40,1,1,0.1,24137.93,0.06,0.0,0.0,0,[tp 24137.93],580175944,580192256
1765355274,GER40,0,0,0.1,24138.83,0.0,0.0,0.0,0,,580194172,580194172
1765355324,GER40,1,1,0.1,24138.73,0.06,0.0,0.0,0,[tp 24138.73],580186873,580195971
1765355414,GER40,1,1,0.1,24139.33,0.06,0.0,0.0,0,[tp 24139.33],580194172,580198686
1765355534,GER40,0,0,0.1,24139.83,0.0,0.0,0.0,0,,580201262,580201262
1765355611,GER40,1,1,0.1,24140.33,0.06,0.0,0.0,0,[tp 24140.33],580201262,580204250
1765355624,GER40,1,1,0.1,24141.33,0.06,0.0,0.0,0,[tp 24141.33],580163892,580204380
1765355624,GER40,1,1,0.1,24141.93,0.06,0.0,0.0,0,[tp 24141.93],580170732,580204381
1765355741,GER40,0,0,0.1,24143.63,0.0,0.0,0.0,0,,580209494,580209494
1765355930,GER40,0,0,0.1,24146.23,0.0,0.0,0.0,0,,580213311,580213311
1765357218,AUDUSD,0,0,2.22,0.66486,0.0,0.0,0.0,0,,580248232,580248232
1765357358,EURUSD,1,0,2.25,1.16348,0.0,0.0,0.0,0,,580252602,580252602
1765357404,USDJPY,0,0,2.49,156.706,0.0,0.0,0.0,0,,580254312,580254312
1765357432,AUDUSD,0,0,2.24,0.66491,0.0,0.0,0.0,0,,580254920,580254920
1765357444,XAGUSD,0,0,0.07,61.337,0.0,0.0,0.0,0,,580255294,580255294
1765357579,AUDUSD,0,0,2.23,0.66492,0.0,0.0,0.0,0,,580259495,580259495
1765357604,XAGUSD,1,1,0.07,61.391,18.9,0.0,0.0,0,[tp 61.391],580255294,580260099
1765357615,USDJPY,1,0,2.9,156.665,0.0,0.0,0.0,0,,580260772,580260772
1765357624,GER40,1,1,0.1,24144.13,0.06,0.0,0.0,0,[tp 24144.13],580209494,580261238
1765357658,XAGUSD,0,0,0.07,61.497,0.0,0.0,0.0,0,,580263105,580263105
1765357693,GER40,1,1,0.1,24146.73,0.06,0.0,0.0,0,[tp 24146.73],580213311,580264054
1765357724,AUDUSD,1,0,2.22,0.66484,0.0,0.0,0.0,0,,580265196,580265196
1765357860,AUDUSD,1,0,2.22,0.6649,0.0,0.0,0.0,0,,580270117,580270117
1765357870,XAGUSD,0,0,0.09,61.413,0.0,0.0,0.0,0,,580270893,580270893
1765358028,AUDUSD,1,0,2.21,0.66493,0.0,0.0,0.0,0,,580276277,580276277
1765358039,USDJPY,1,0,2.44,156.663,0.0,0.0,0.0,0,,580276530,580276530
1765358058,XAGUSD,0,0,0.01,61.372,0.0,0.0,0.0,0,,580276958,580276958
1765358202,USDJPY,1,0,2.45,156.656,0.0,0.0,0.0,0,,580280089,580280089
1765358229,AUDUSD,1,0,2.2,0.665,0.0,0.0,0.0,0,,580280873,580280873
1765358266,XAGUSD,0,0,0.17,61.443,0.0,0.0,0.0,0,,580281949,580281949
1765358306,XAGUSD,1,1,0.01,61.422,2.5,0.0,0.0,0,[tp 61.422],580276958,580283924
1765358384,AUDUSD,1,0,2.22,0.66505,0.0,0.0,0.0,0,,580288241,580288241
1765358419,USDJPY,1,0,2.44,156.656,0.0,0.0,0.0,0,,580289564,580289564
1765358465,XAGUSD,0,0,0.08,61.511,0.0,0.0,0.0,0,,580290247,580290247
1765358473,XAGUSD,1,1,0.17,61.493,42.5,0.0,0.0,0,[tp 61.493],580281949,580290496
1765358534,AUDUSD,1,0,2.19,0.66501,0.0,0.0,0.0,0,,580292268,580292268
1765358600,XAGUSD,0,0,0.01,61.502,0.0,0.0,0.0,0,,580294445,580294445
1765358675,USDJPY,1,0,2.43,156.666,0.0,0.0,0.0,0,,580297089,580297089
1765358759,XAGUSD,0,0,0.09,61.517,0.0,0.0,0.0,0,,580298925,580298925
1765358807,AUDUSD,0,0,2.17,0.66508,0.0,0.0,0.0,0,,580300001,580300001
1765358860,USDJPY,0,0,0.31,156.697,0.0,0.0,0.0,0,,580300620,580300620
1765358949,XAGUSD,0,0,0.03,61.498,0.0,0.0,0.0,0,,580301985,580301985
1765358968,AUDUSD,0,0,2.15,0.66503,0.0,0.0,0.0,0,,580302179,580302179
1765359103,USDJPY,0,0,2.35,156.703,0.0,0.0,0.0,0,,580307203,580307203
1765359156,XAGUSD,0,0,0.03,61.495,0.0,0.0,0.0,0,,580308442,580308442
1765359277,USDJPY,0,0,2.32,156.73,0.0,0.0,0.0,0,,580310807,580310807
1765359468,USDJPY,0,0,0.3,156.741,0.0,0.0,0.0,0,,580313739,580313739
1765359497,USDJPY,0,1,2.44,156.756,-155.66,0.0,0.0,0,[sl 156.756],580289564,580314347
1765360479,EURUSD,0,1,2.25,1.16444,-216.0,0.0,0.0,0,[sl 1.16444],580252602,580340467
1765360925,XAGUSD,1,1,0.07,61.539,14.7,0.0,0.0,0,[tp 61.539],580263105,580357762
1765360925,XAGUSD,1,1,0.03,61.545,7.05,0.0,0.0,0,[tp 61.545],580301985,580357764
1765363576,XAGUSD,1,1,0.09,61.301,-97.2,0.0,0.0,0,[sl 61.301],580298925,580448975
1765363870,XAGUSD,1,1,0.08,61.298,-85.2,0.0,0.0,0,[sl 61.298],580290247,580458647
1765363971,XAGUSD,1,1,0.09,61.208,-92.25,0.0,0.0,0,[sl 61.208],580270893,580461996
1765364423,XAGUSD,1,1,0.03,60.913,-87.3,0.0,0.0,0,[sl 60.913],580308442,580481280
1765365778,USDJPY,0,1,2.9,156.802,-253.38,0.0,0.0,0,[sl 156.802],580260772,580541299
1765365801,USDJPY,1,1,0.31,156.798,19.97,0.0,0.0,0,[tp 156.798],580300620,580541763
1765365829,USDJPY,0,1,2.45,156.82,-256.22,0.0,0.0,0,[sl 156.820],580280089,580543365
1765365865,USDJPY,1,1,2.32,156.807,113.92,0.0,0.0,0,[tp 156.807],580310807,580544568
1765365865,USDJPY,0,1,2.44,156.827,-255.16,0.0,0.0,0,[sl 156.827],580276530,580544582
1765366478,USDJPY,0,1,2.43,156.831,-255.66,0.0,0.0,0,[sl 156.831],580297089,580558177
1765366652,USDJPY,1,1,0.3,156.841,19.13,0.0,0.0,0,[tp 156.841],580313739,580563180
1765375291,NAS100,1,0,0.1,25670.89,0.0,0.0,0.0,0,,580862829,580862829
1765375475,NAS100,1,0,0.1,25658.89,0.0,0.0,0.0,0,,580869484,580869484
1765375643,NAS100,1,0,0.1,25654.39,0.0,0.0,0.0,0,,580875237,580875237
1765375774,NAS100,1,0,0.1,25655.64,0.0,0.0,0.0,0,,580880340,580880340
1765375966,NAS100,1,0,0.1,25652.14,0.0,0.0,0.0,0,,580887619,580887619
1765376152,NAS100,1,0,0.1,25649.64,0.0,0.0,0.0,0,,580894522,580894522
1765376364,NAS100,1,0,0.1,25648.64,0.0,0.0,0.0,0,,580901921,580901921
1765376559,NAS100,1,0,0.1,25647.39,0.0,0.0,0.0,0,,580911381,580911381
1765376726,NAS100,1,0,0.1,25650.39,0.0,0.0,0.0,0,,580915393,580915393
1765376841,NAS100,0,1,0.1,25656.76,-0.81,0.0,0.0,0,[sl 25656.76],580901921,580917762
1765376937,NAS100,1,0,0.1,25652.14,0.0,0.0,0.0,0,,580919999,580919999
1765376973,NAS100,0,1,0.1,25656.99,-0.66,0.0,0.0,0,[sl 25656.99],580915393,580920894
1765376973,NAS100,0,1,0.1,25657.11,-0.97,0.0,0.0,0,[sl 25657.11],580911381,580920907
1765379792,NAS100,0,1,0.1,25676.43,-2.43,0.0,0.0,0,[sl 25676.43],580887619,581033409
1765379953,AUDUSD,1,1,2.23,0.66375,-260.91,0.0,0.0,0,[sl 0.66375],580259495,581041546
1765380300,NAS100,0,1,0.1,25714.2,-6.46,0.0,0.0,0,[sl 25714.20],580894522,581064247
1765380301,NAS100,0,1,0.1,25715.7,-6.36,0.0,0.0,0,[sl 25715.70],580919999,581064396
1765380301,NAS100,0,1,0.1,25716.03,-5.71,0.0,0.0,0,[sl 25716.03],580869484,581064429
1765380309,NAS100,0,1,0.1,25718.95,-6.46,0.0,0.0,0,[sl 25718.95],580875237,581064602
1765380309,NAS100,0,1,0.1,25720.7,-6.51,0.0,0.0,0,[sl 25720.70],580880340,581064624
1765380317,AUDUSD,0,1,2.22,0.66406,173.16,0.0,0.0,0,[sl 0.66406],580265196,581065053
1765380317,AUDUSD,0,1,2.22,0.66406,186.48,0.0,0.0,0,[sl 0.66406],580270117,581065054
1765380317,AUDUSD,0,1,2.21,0.66406,192.27,0.0,0.0,0,[sl 0.66406],580276277,581065055
1765380317,AUDUSD,0,1,2.2,0.66406,206.8,0.0,0.0,0,[sl 0.66406],580280873,581065056
1765380317,AUDUSD,0,1,2.22,0.66406,219.78,0.0,0.0,0,[sl 0.66406],580288241,581065057
1765380317,AUDUSD,0,1,2.19,0.66406,208.05,0.0,0.0,0,[sl 0.66406],580292268,581065058
1765380605,NAS100,0,1,0.1,25725.21,-5.43,0.0,0.0,0,[sl 25725.21],580862829,581075368
1765383047,USDJPY,1,1,2.49,156.527,-284.75,0.0,0.0,0,[sl 156.527],580254312,581198090
1765383054,USDJPY,1,1,2.35,156.524,-268.74,0.0,0.0,0,[sl 156.524],580307203,581198383
1765400466,AUDUSD,1,1,1.12,0.66528,147.84,0.0,-0.45,0,[sl 0.66528],577627608,582010090
1765400466,AUDUSD,1,1,1.1400000000000001,0.66528,161.88,0.0,-0.46,0,[sl 0.66528],577644961,582010094
1765400466,AUDUSD,1,1,1.13,0.66528,166.11,0.0,-0.45,0,[sl 0.66528],577649892,582010095
1765400867,AUDUSD,1,1,2.24,0.66591,224.0,0.0,0.0,0,[tp 0.66591],580254920,582080828
1765400877,AUDUSD,1,1,2.22,0.66584,217.56,0.0,0.0,0,,580248232,582082334
1765400881,AUDUSD,1,1,2.15,0.66585,176.3,0.0,0.0,0,,580302179,582083009
1765400885,AUDUSD,1,1,2.17,0.66586,169.26,0.0,0.0,0,,580300001,582083115
1765404774,XAGUSD,1,1,0.01,61.552,2.5,0.0,0.0,0,[tp 61.552],580294445,582537516
1765427414,SOLUSD,1,1,0.23,130.72,-30.98,0.0,-0.54,0,[sl 130.72],578717229,583295616
1765478645,SOLUSD,1,0,0.45,131.29,0.0,0.0,0.0,0,,585591611,585591611
1765478668,ETHUSD,1,0,0.01,3186.76,0.0,0.0,0.0,0,,585592730,585592730
1765483491,SOLUSD,0,1,0.45,133.1,-8.14,0.0,0.0,0,[sl 133.10],585591611,585855220
1765483508,SOLUSD,0,0,0.66,133.1,0.0,0.0,0.0,0,,585856920,585856920
1765484401,SOLUSD,1,1,0.66,133.6,3.3,0.0,0.0,0,[tp 133.60],585856920,585891109
1765485898,XAGUSD,0,0,0.05,64.321,0.0,0.0,0.0,0,,585955201,585955201
1765485924,SOLUSD,0,0,0.61,135.72,0.0,0.0,0.0,0,,585956923,585956923
1765486650,XAGUSD,1,1,0.05,63.732,-147.25,0.0,0.0,0,[sl 63.732],585955201,585990318
1765493893,SOLUSD,1,1,0.61,136.22,3.05,0.0,0.0,0,[tp 136.22],585956923,586262393
1765493903,AUDUSD,0,0,0.19,0.66639,0.0,0.0,0.0,0,,586262738,586262738
1765493930,USDJPY,1,0,1.25,155.577,0.0,0.0,0.0,0,,586263152,586263152
1765494022,GER40,0,0,0.1,24383.33,0.0,0.0,0.0,0,,586266319,586266319
1765494049,ADAUSD,1,0,0.47,0.4186,0.0,0.0,0.0,0,,586267339,586267339
1765494724,ETHUSD,0,1,0.01,3241.16,-0.54,0.0,0.0,0,[sl 3241.16],585592730,586288538
1765494787,AUDUSD,0,0,0.19,0.66659,0.0,0.0,0.0,0,,586290414,586290414
1765494813,USDJPY,0,0,1.29,155.58,0.0,0.0,0.0,0,,586290802,586290802
1765495010,AUDUSD,0,0,0.19,0.66664,0.0,0.0,0.0,0,,586298254,586298254
1765495027,USDJPY,0,0,1.29,155.597,0.0,0.0,0.0,0,,586298980,586298980
1765495163,AUDUSD,0,0,1.63,0.66664,0.0,0.0,0.0,0,,586305303,586305303
1765495173,USDJPY,1,0,1.28,155.573,0.0,0.0,0.0,0,,586305631,586305631
1765495311,AUDUSD,0,0,0.19,0.66654,0.0,0.0,0.0,0,,586310009,586310009
1765495338,USDJPY,0,0,1.28,155.589,0.0,0.0,0.0,0,,586311196,586311196
1765495476,USDJPY,1,0,1.28,155.564,0.0,0.0,0.0,0,,586316038,586316038
1765495511,AUDUSD,0,0,0.18,0.6666,0.0,0.0,0.0,0,,586316511,586316511
1765495688,AUDUSD,0,0,0.19,0.66662,0.0,0.0,0.0,0,,586317955,586317955
1765495697,USDJPY,1,0,1.28,155.565,0.0,0.0,0.0,0,,586317993,586317993
1765495884,AUDUSD,0,0,0.18,0.66663,0.0,0.0,0.0,0,,586328726,586328726
1765495911,USDJPY,0,0,1.27,155.588,0.0,0.0,0.0,0,,586329364,586329364
1765496024,AUDUSD,0,0,0.18,0.66664,0.0,0.0,0.0,0,,586335891,586335891
1765496066,USDJPY,0,0,1.27,155.608,0.0,0.0,0.0,0,,586337288,586337288
1765496200,AUDUSD,0,0,0.18,0.66671,0.0,0.0,0.0,0,,586339105,586339105
1765496276,USDJPY,1,0,1.27,155.583,0.0,0.0,0.0,0,,586340508,586340508
1765496489,USDJPY,1,0,1.27,155.554,0.0,0.0,0.0,0,,586344675,586344675
1765524769,USDJPY,1,1,1.27,155.743,110.09,0.0,7.36,0,,586337288,587058088
1765524772,USDJPY,1,1,1.28,155.743,126.57,0.0,7.42,0,,586311196,587058167
1765524775,USDJPY,1,1,1.29,155.746,123.41,0.0,7.48,0,,586298980,587058305
1765524776,USDJPY,1,1,1.29,155.746,137.49,0.0,7.48,0,,586290802,587058467
1765526421,GER40,0,0,0.1,24441.73,0.0,0.0,0.0,0,,587098468,587098468
1765526531,GER40,1,1,0.1,24439.83,-0.22,0.0,0.0,0,[tp 24439.83],587098468,587100719
1765526636,GER40,0,0,0.1,24443.33,0.0,0.0,0.0,0,,587102774,587102774
1765526861,GER40,0,0,0.1,24435.93,0.0,0.0,0.0,0,,587108099,587108099
1765526981,GER40,1,1,0.1,24436.43,0.06,0.0,0.0,0,[tp 24436.43],587108099,587110464
1765527060,GER40,0,0,0.1,24429.13,0.0,0.0,0.0,0,,587111968,587111968
1765527215,GER40,1,1,0.1,24429.63,0.06,0.0,0.0,0,[tp 24429.63],587111968,587114125
1765527259,GER40,0,0,0.1,24431.73,0.0,0.0,0.0,0,,587116386,587116386
1765527454,GER40,0,0,0.1,24431.33,0.0,0.0,0.0,0,,587120736,587120736
1765527665,GER40,0,0,0.1,24432.53,0.0,0.0,0.0,0,,587124330,587124330
1765527864,GER40,0,0,0.1,24427.13,0.0,0.0,0.0,0,,587130095,587130095
1765528060,GER40,0,0,0.1,24427.13,0.0,0.0,0.0,0,,587134002,587134002
1765528272,GER40,0,0,0.1,24420.53,0.0,0.0,0.0,0,,587141334,587141334
1765528665,GER40,1,1,0.1,24425.23,0.55,0.0,0.0,0,[tp 24425.23],587141334,587151036
1765530030,AUDUSD,0,0,0.19,0.66653,0.0,0.0,0.0,0,,587180744,587180744
1765530047,EURUSD,0,0,2.07,1.174,0.0,0.0,0.0,0,,587181052,587181052
1765530117,USDJPY,0,0,1.83,155.696,0.0,0.0,0.0,0,,587182073,587182073
1765530135,XAGUSD,0,0,0.03,63.6,0.0,0.0,0.0,0,,587182477,587182477
1765530191,AUDUSD,1,0,2.08,0.6662,0.0,0.0,0.0,0,,587183697,587183697
1765530295,XAGUSD,0,0,0.06,63.646,0.0,0.0,0.0,0,,587185465,587185465
1765530306,USDJPY,1,0,1.8199999999999998,155.655,0.0,0.0,0.0,0,,587185698,587185698
1765530337,AUDUSD,0,0,2.11,0.66662,0.0,0.0,0.0,0,,587186335,587186335
1765530478,USDJPY,1,0,1.8399999999999999,155.616,0.0,0.0,0.0,0,,587196771,587196771
1765530517,XAGUSD,0,0,0.02,63.696,0.0,0.0,0.0,0,,587199189,587199189
1765530533,AUDUSD,0,0,0.18,0.66667,0.0,0.0,0.0,0,,587199486,587199486
1765530633,USDJPY,1,0,1.8199999999999998,155.635,0.0,0.0,0.0,0,,587204375,587204375
1765530701,AUDUSD,0,0,0.18,0.66677,0.0,0.0,0.0,0,,587206654,587206654
1765530713,XAGUSD,0,0,0.02,63.734,0.0,0.0,0.0,0,,587206869,587206869
1765530786,USDJPY,1,0,2.7199999999999998,155.632,0.0,0.0,0.0,0,,587208911,587208911
1765530871,AUDUSD,0,0,2.08,0.66663,0.0,0.0,0.0,0,,587210427,587210427
1765530886,XAGUSD,0,0,0.02,63.722,0.0,0.0,0.0,0,,587210901,587210901
1765530940,USDJPY,1,0,2.74,155.562,0.0,0.0,0.0,0,,587213289,587213289
1765531046,AUDUSD,0,0,0.18,0.6664,0.0,0.0,0.0,0,,587216089,587216089
1765531056,XAGUSD,0,0,0.06,63.737,0.0,0.0,0.0,0,,587216446,587216446
1765531074,USDJPY,1,0,3.18,155.624,0.0,0.0,0.0,0,,587217258,587217258
1765531095,XAGUSD,1,1,0.02,63.772,5.0,0.0,0.0,0,[tp 63.772],587210901,587218452
1765531221,AUDUSD,0,0,0.17,0.66621,0.0,0.0,0.0,0,,587224691,587224691
1765531239,XAGUSD,0,0,0.02,63.687,0.0,0.0,0.0,0,,587224924,587224924
1765531285,USDJPY,1,0,1.6,155.656,0.0,0.0,0.0,0,,587226436,587226436
1765531409,AUDUSD,0,0,0.16,0.66621,0.0,0.0,0.0,0,,587229053,587229053
1765531431,USDJPY,0,0,1.48,155.726,0.0,0.0,0.0,0,,587229482,587229482
1765531454,XAGUSD,0,0,0.02,63.673,0.0,0.0,0.0,0,,587229808,587229808
1765531593,AUDUSD,0,0,1.72,0.66626,0.0,0.0,0.0,0,,587232936,587232936
1765531618,USDJPY,0,0,1.46,155.704,0.0,0.0,0.0,0,,587233596,587233596
1765531636,XAGUSD,0,0,0.02,63.684,0.0,0.0,0.0,0,,587233885,587233885
1765531793,XAGUSD,1,1,0.02,63.723,5.0,0.0,0.0,0,[tp 63.723],587229808,587236911
1765531814,XAGUSD,0,0,0.06,63.752,0.0,0.0,0.0,0,,587237420,587237420
1765531930,XAGUSD,1,1,0.02,63.784,5.0,0.0,0.0,0,[tp 63.784],587206869,587241122
1765533611,GER40,1,1,0.1,24392.01,-4.12,0.0,0.0,0,[sl 24392.01],587130095,587294148
1765533611,GER40,1,1,0.1,24392.8,-4.03,0.0,0.0,0,[sl 24392.80],587134002,587294149
1765533612,GER40,1,1,0.1,24388.93,-6.39,0.0,0.0,0,[sl 24388.93],587102774,587294206
1765533612,GER40,1,1,0.1,24388.78,-5.0,0.0,0.0,0,[sl 24388.78],587120736,587294207
1765533612,GER40,1,1,0.1,24389.66,-5.04,0.0,0.0,0,[sl 24389.66],587124330,587294208
1765533619,GER40,1,1,0.1,24387.57,-5.19,0.0,0.0,0,[sl 24387.57],587116386,587294808
1765533910,AUDUSD,0,1,2.08,0.6672,-208.0,0.0,0.0,0,[sl 0.66720],587183697,587308485
1765534102,AUDUSD,1,1,0.17,0.66721,17.0,0.0,0.0,0,[tp 0.66721],587224691,587318913
1765534102,AUDUSD,1,1,0.16,0.66722,16.16,0.0,0.0,0,[tp 0.66722],587229053,587318926
1765534449,USDJPY,0,1,3.18,155.741,-238.9,0.0,0.0,0,[sl 155.741],587217258,587339642
1765535344,AUDUSD,1,1,0.19,0.66739,19.0,0.0,-0.08,0,[tp 0.66739],586262738,587374745
1765535400,AUDUSD,1,1,0.18,0.6674,18.0,0.0,0.0,0,[tp 0.66740],587216089,587376513
1765536372,AUDUSD,1,1,0.19,0.66754,19.0,0.0,-0.08,0,[tp 0.66754],586310009,587421401
1765536372,AUDUSD,1,1,0.19,0.66754,19.19,0.0,0.0,0,[tp 0.66754],587180744,587421402
1765536574,AUDUSD,1,1,0.19,0.66759,19.0,0.0,-0.08,0,[tp 0.66759],586290414,587430123
1765536660,AUDUSD,1,1,0.18,0.6676,18.0,0.0,-0.07,0,[tp 0.66760],586316511,587434914
1765536669,AUDUSD,1,1,0.19,0.66762,19.0,0.0,-0.08,0,[tp 0.66762],586317955,587436597
1765536669,AUDUSD,1,1,0.18,0.66763,18.0,0.0,-0.07,0,[tp 0.66763],586328726,587436599
1765536669,AUDUSD,1,1,0.19,0.66764,19.0,0.0,-0.08,0,[tp 0.66764],586298254,587436610
1765536669,AUDUSD,1,1,0.18,0.66764,18.0,0.0,-0.07,0,[tp 0.66764],586335891,587436611
1765537001,GER40,1,1,0.1,24444.64,7.19,0.0,-0.38,0,[sl 24444.64],586266319,587449750
1765537036,XAGUSD,1,1,0.06,63.914,80.4,0.0,0.0,0,[tp 63.914],587185465,587451067
1765537173,USDJPY,0,1,1.8399999999999999,155.839,-263.3,0.0,0.0,0,[sl 155.839],587196771,587455005
1765537176,XAGUSD,1,1,0.06,63.993,76.8,0.0,0.0,0,[tp 63.993],587216446,587455104
1765537182,EURUSD,1,1,2.07,1.17276,-256.68,0.0,0.0,0,[sl 1.17276],587181052,587455460
1765537200,USDJPY,0,1,2.7199999999999998,155.856,-390.92,0.0,0.0,0,[sl 155.856],587208911,587456297
1765537200,USDJPY,0,1,2.74,155.857,-518.62,0.0,0.0,0,[sl 155.857],587213289,587456298
1765537200,USDJPY,0,1,1.8199999999999998,155.858,-260.4,0.0,0.0,0,[sl 155.858],587204375,587456324
1765537299,XAGUSD,1,1,0.06,64.032,84.0,0.0,0.0,0,[tp 64.032],587237420,587459767
1765537342,XAGUSD,1,1,0.03,64.168,85.2,0.0,0.0,0,[tp 64.168],587182477,587463895
1765537644,AUDUSD,1,1,1.72,0.66716,154.8,0.0,0.0,0,[sl 0.66716],587232936,587477235
1765538477,USDJPY,0,1,1.8199999999999998,155.873,-254.54,0.0,0.0,0,[sl 155.873],587185698,587515410
1765538829,USDJPY,0,1,1.6,155.883,-233.0,0.0,0.0,0,[sl 155.883],587226436,587526674
1765538845,USDJPY,0,1,1.27,155.885,-269.67,0.0,-15.43,0,[sl 155.885],586344675,587527555
1765539005,USDJPY,0,1,1.28,155.894,-270.95,0.0,-15.55,0,[sl 155.894],586316038,587533271
1765539005,USDJPY,0,1,1.28,155.894,-270.13,0.0,-15.55,0,[sl 155.894],586317993,587533272
1765539071,USDJPY,0,1,1.28,155.905,-272.58,0.0,-15.55,0,[sl 155.905],586305631,587535516
1765540321,USDJPY,0,1,1.27,155.915,-270.43,0.0,-15.43,0,[sl 155.915],586340508,587587238
1765541398,USDJPY,0,1,1.25,155.926,-279.78,0.0,-15.18,0,[sl 155.926],586263152,587628399
1765543841,USDJPY,1,1,1.27,155.897,251.72,0.0,7.36,0,[sl 155.897],586329364,587728702
1765543841,USDJPY,1,1,1.83,155.897,235.94,0.0,0.0,0,[sl 155.897],587182073,587728703
1765543841,USDJPY,1,1,1.46,155.897,180.75,0.0,0.0,0,[sl 155.897],587233596,587728704
1765545619,XAGUSD,1,1,0.02,64.353,65.7,0.0,0.0,0,[sl 64.353],587199189,587815024
1765545619,XAGUSD,1,1,0.02,64.353,66.6,0.0,0.0,0,[sl 64.353],587224924,587815025
1765545619,XAGUSD,1,1,0.02,64.353,66.9,0.0,0.0,0,[sl 64.353],587233885,587815026
1765545681,XAUUSD,0,0,0.22,4337.33,0.0,0.0,0.0,0,,587816673,587816673
1765547233,XAUUSD,1,1,0.22,4337.84,11.22,0.0,0.0,0,[tp 4337.84],587816673,587873796
1765547303,USDJPY,1,1,1.48,155.932,195.52,0.0,0.0,0,[sl 155.932],587229482,587877301
1765547874,XAUUSD,0,0,0.31,4336.78,0.0,0.0,0.0,0,,587895909,587895909
1765548168,XAUUSD,1,1,0.31,4336.78,0.0,0.0,0.0,0,[sl 4336.78],587895909,587906086
1765548749,XAUUSD,0,0,0.15,4332.8,0.0,0.0,0.0,0,,587931464,587931464
1765550893,XAUUSD,1,1,0.15,4327.27,-82.95,0.0,0.0,0,[sl 4327.27],587931464,588010625
1765551542,XAUUSD,0,0,0.07,4326.64,0.0,0.0,0.0,0,,588042608,588042608
1765553431,XAUUSD,1,1,0.07,4340.4,96.32,0.0,0.0,0,[tp 4340.40],588042608,588141564
1765553689,XAUUSD,0,0,0.05,4342.63,0.0,0.0,0.0,0,,588163617,588163617
1765553705,XAUUSD,1,1,0.05,4343.2,2.85,0.0,0.0,0,[tp 4343.20],588163617,588164748
1765553998,XAUUSD,0,0,0.05,4343.45,0.0,0.0,0.0,0,,588177945,588177945
1765554005,XAUUSD,1,1,0.05,4343.98,2.65,0.0,0.0,0,[tp 4343.98],588177945,588178350
1765554252,XAUUSD,0,0,0.23,4341.75,0.0,0.0,0.0,0,,588190737,588190737
1765554315,XAUUSD,1,1,0.23,4338.94,-64.63,0.0,0.0,0,[sl 4338.94],588190737,588195006
1765554495,XAUUSD,0,0,0.01,4337.46,0.0,0.0,0.0,0,,588209053,588209053
1765554505,XAUUSD,1,1,0.01,4337.97,0.51,0.0,0.0,0,[tp 4337.97],588209053,588209431
1765554748,XAUUSD,0,0,0.06,4334.25,0.0,0.0,0.0,0,,588224924,588224924
1765558440,XAUUSD,1,1,0.06,4349.48,91.38,0.0,0.0,0,[tp 4349.48],588224924,588455523
1765558755,XAUUSD,0,0,0.05,4350.22,0.0,0.0,0.0,0,,588479212,588479212
1765559246,AUDUSD,1,1,2.08,0.66549,-237.12,0.0,0.0,0,[sl 0.66549],587210427,588517099
1765559472,XAUUSD,1,1,0.05,4350.74,2.6,0.0,0.0,0,[tp 4350.74],588479212,588533249
1765559654,AUDUSD,1,1,2.11,0.66544,-248.98,0.0,0.0,0,[sl 0.66544],587186335,588544472
1765560253,AUDUSD,1,1,1.63,0.66495,-275.47,0.0,-0.65,0,[sl 0.66495],586305303,588626571
1765560305,XAUUSD,0,0,0.03,4309.61,0.0,0.0,0.0,0,,588638134,588638134
1765560823,XAUUSD,0,0,0.03,4302.85,0.0,0.0,0.0,0,,588726683,588726683
1765560836,XAUUSD,1,1,0.03,4302.85,0.0,0.0,0.0,0,[sl 4302.85],588726683,588728015
1765561125,XAUUSD,0,0,0.03,4314.34,0.0,0.0,0.0,0,,588762821,588762821
1765561160,XAUUSD,1,1,0.03,4314.34,0.0,0.0,0.0,0,[sl 4314.34],588762821,588766460
1765561367,XAUUSD,0,0,0.03,4312.79,0.0,0.0,0.0,0,,588787483,588787483
1765562286,XAUUSD,1,1,0.03,4288.57,-72.66,0.0,0.0,0,[sl 4288.57],588787483,588886495
1765562286,ADAUSD,0,1,0.47,0.4136,23.5,0.0,0.22,0,[tp 0.4136],586267339,588886661
1765562292,XAUUSD,1,1,0.03,4285.21,-73.2,0.0,0.0,0,[sl 4285.21],588638134,588889161
1765562312,ETHUSD,1,0,0.01,3062.87,0.0,0.0,0.0,0,,588894104,588894104
1765562328,BNBUSD,1,0,0.03,871.99,0.0,0.0,0.0,0,,588896839,588896839
1765563971,BNBUSD,0,1,0.03,879.39,-2.22,0.0,0.0,0,[sl 879.39],588896839,589067717
1765563991,SOLUSD,1,0,0.4,132.98,0.0,0.0,0.0,0,,589069324,589069324
1765564665,SOLUSD,0,1,0.4,132.48,2.0,0.0,0.0,0,[tp 132.48],589069324,589123066
1765564679,SOLUSD,1,0,0.43,131.75,0.0,0.0,0.0,0,,589126101,589126101
1765575885,SOLUSD,0,1,0.43,131.25,2.15,0.0,0.0,0,[tp 131.25],589126101,589640161
1765575889,SOLUSD,1,0,0.22,130.7,0.0,0.0,0.0,0,,589640194,589640194
1765578616,AUDUSD,1,1,0.18,0.66511,-28.8,0.0,-0.07,0,close_before_mar,586339105,589704968
1765578621,AUDUSD,1,1,0.18,0.66512,-27.9,0.0,0.0,0,close_before_mar,587199486,589705035
1765578625,EURUSD,1,1,0.01,1.17414,9.98,0.0,-0.56,0,close_before_mar,571232675,589705100
1765578625,AUDUSD,1,1,0.18,0.66509,-30.24,0.0,0.0,0,close_before_mar,587206654,589705109
1765620317,SOLUSD,0,1,0.22,133.45,-6.05,0.0,0.03,0,[sl 133.45],589640194,589969433
1765620321,BTCUSD,1,0,0.01,90341.49,0.0,0.0,0.0,0,,589969443,589969443
1765621256,ETHUSD,0,1,0.01,3119.5,-0.57,0.0,0.0,0,[sl 3119.50],588894104,589979127
1765709191,ETHUSD,1,0,5.53,3114.2,0.0,0.0,0.0,0,,590572121,590572121
1765714421,ETHUSD,0,1,5.53,3105.32,49.11,0.0,0.0,0,[tp 3105.32],590572121,590609940
1765714466,SOLUSD,1,0,65.94,130.98,0.0,0.0,0.0,0,,590614106,590614106
1765719911,SOLUSD,0,1,65.94,130.46,342.89,0.0,0.0,0,[tp 130.46],590614106,590715783
1765722725,ETHUSD,1,0,2.11,3099.16,0.0,0.0,0.0,0,,590763834,590763834
1765725088,ETHUSD,0,1,2.11,3093.47,12.01,0.0,0.0,0,[sl 3093.47],590763834,590796290
1765725166,SOLUSD,1,0,4.57,130.99,0.0,0.0,0.0,0,,590797265,590797265
1765751545,SOLUSD,0,1,4.57,130.44,25.13,0.0,0.0,0,,590797265,591135668
1765751581,ETHUSD,1,0,1.08,3089.21,0.0,0.0,0.0,0,,591136029,591136029
1765760325,BTCUSD,0,1,0.01,88379.23,19.62,0.0,0.0,0,[sl 88379.23],589969443,591221868
1765763510,ETHUSD,0,1,1.08,3069.17,21.65,0.0,0.0,0,[sl 3069.17],591136029,591324217
1765785664,BTCUSD,0,0,0.07,89640.47,0.0,0.0,0.0,0,,592075601,592075601
1765785686,SOLUSD,0,0,3.54,132.26,0.0,0.0,0.0,0,,592076913,592076913
1765815410,SOLUSD,1,1,3.54,134.51,79.65,0.0,0.0,0,[tp 134.51],592076913,593389765
1765815448,ADAUSD,0,0,0.84,0.4076,0.0,0.0,0.0,0,,593392071,593392071
1765816412,BTCUSD,1,1,0.07,89200.1,-30.82,0.0,0.0,0,[sl 89200.10],592075601,593467384
1765816419,XAGUSD,0,0,0.01,63.476,0.0,0.0,0.0,0,,593468477,593468477
1765816445,SP500,1,0,10.2,6865.32,0.0,0.0,0.0,0,,593471028,593471028
1765816455,UK100,0,0,10.4,9759.85,0.0,0.0,0.0,0,,593471676,593471676
1765816477,ETHUSD,1,0,1.67,3116.86,0.0,0.0,0.0,0,,593473929,593473929
1765816478,XAGUSD,1,1,0.01,63.522,2.3,0.0,0.0,0,[tp 63.522],593468477,593474152
1765816501,UK100,1,1,10.4,9760.85,13.93,0.0,0.0,0,[tp 9760.85],593471676,593476266
1765816613,ETHUSD,0,1,1.67,3142.41,-42.66,0.0,0.0,0,[sl 3142.41],593473929,593491518
1765816645,SOLUSD,0,0,4.4,133.83,0.0,0.0,0.0,0,,593497117,593497117
1765816736,SOLUSD,1,1,4.4,132.78,-46.2,0.0,0.0,0,[sl 132.78],593497117,593508958
1765816753,XAUUSD,0,0,0.04,4335.11,0.0,0.0,0.0,0,,593511056,593511056
1765816763,SP500,1,0,8.0,6860.08,0.0,0.0,0.0,0,,593511961,593511961
1765816781,ADAUSD,0,0,0.46,0.4063,0.0,0.0,0.0,0,,593513947,593513947
1765817160,SP500,0,1,10.2,6856.07,94.35,0.0,0.0,0,[tp 6856.07],593471028,593550852
1765817389,ADAUSD,1,1,0.84,0.396,-97.44,0.0,0.0,0,[sl 0.3960],593392071,593577275
1765817408,GBPUSD,0,0,0.41,1.33998,0.0,0.0,0.0,0,,593580237,593580237
1765817474,USDJPY,1,0,0.12,154.864,0.0,0.0,0.0,0,,593588778,593588778
1765817507,UK100,0,0,9.5,9765.35,0.0,0.0,0.0,0,,593591765,593591765
1765817562,ADAUSD,0,0,0.78,0.4014,0.0,0.0,0.0,0,,593599371,593599371
1765817707,ADAUSD,1,1,0.46,0.3934,-59.34,0.0,0.0,0,[sl 0.3934],593513947,593618620
1765817731,UK100,1,1,9.5,9766.35,12.73,0.0,0.0,0,[tp 9766.35],593591765,593621147
1765817777,ADAUSD,1,1,0.78,0.3922,-71.76,0.0,0.0,0,[sl 0.3922],593599371,593625464
1765817838,GBPUSD,0,0,0.3,1.3397700000000001,0.0,0.0,0.0,0,,593631879,593631879
1765817864,SP500,0,1,8.0,6845.8,114.24,0.0,0.0,0,[tp 6845.80],593511961,593633671
1765817926,XAUUSD,0,0,0.04,4323.35,0.0,0.0,0.0,0,,593639863,593639863
1765817954,XAUUSD,1,1,0.04,4321.99,-5.44,0.0,0.0,0,[sl 4321.99],593639863,593641710
1765817979,UK100,0,0,9.0,9764.85,0.0,0.0,0.0,0,,593643268,593643268
1765818012,ETHUSD,1,0,0.57,3035.0,0.0,0.0,0.0,0,,593646947,593646947
1765818066,XAUUSD,1,1,0.04,4317.3,-71.24,0.0,0.0,0,[sl 4317.30],593511056,593655754
1765818094,UK100,1,1,9.0,9765.85,12.06,0.0,0.0,0,[tp 9765.85],593643268,593661989
1765818104,XAGUSD,0,0,0.02,63.314,0.0,0.0,0.0,0,,593664350,593664350
1765818252,GBPUSD,0,0,0.32,1.33945,0.0,0.0,0.0,0,,593687722,593687722
1765818343,UK100,0,0,8.5,9772.35,0.0,0.0,0.0,0,,593698519,593698519
1765818442,UK100,1,1,8.5,9773.35,11.38,0.0,0.0,0,[tp 9773.35],593698519,593706400
1765818580,GBPUSD,0,0,0.32,1.33932,0.0,0.0,0.0,0,,593714691,593714691
1765818685,ADAUSD,0,0,0.69,0.3954,0.0,0.0,0.0,0,,593721966,593721966
1765819109,ADAUSD,1,1,0.69,0.3829,-86.25,0.0,0.0,0,[sl 0.3829],593721966,593760113
1765819120,GBPUSD,0,0,0.31,1.33932,0.0,0.0,0.0,0,,593760694,593760694
1765819131,XAGUSD,0,0,0.01,63.698,0.0,0.0,0.0,0,,593761327,593761327
1765819188,USDJPY,1,0,0.12,154.903,0.0,0.0,0.0,0,,593767785,593767785
1765819507,XAGUSD,0,0,0.01,63.555,0.0,0.0,0.0,0,,593811915,593811915
1765819517,UK100,0,0,3.3,9776.35,0.0,0.0,0.0,0,,593812970,593812970
1765819697,XAGUSD,1,1,0.02,63.314,0.0,0.0,0.0,0,[sl 63.314],593664350,593831915
1765819776,ADAUSD,0,0,0.63,0.3887,0.0,0.0,0.0,0,,593837945,593837945
1765819904,XAGUSD,1,1,0.01,63.605,2.5,0.0,0.0,0,[tp 63.605],593811915,593852461
1765820700,XAGUSD,1,1,0.01,63.748,2.5,0.0,0.0,0,[tp 63.748],593761327,593903000
1765823015,USDJPY,0,1,0.12,155.263,-27.82,0.0,0.0,0,[sl 155.263],593767785,594078465
1765823044,USDJPY,0,1,0.12,155.277,-31.92,0.0,0.0,0,[sl 155.277],593588778,594081790
1765823655,GBPUSD,1,1,0.41,1.33784,-87.74,0.0,0.0,0,[sl 1.33784],593580237,594113336
1765823657,GBPUSD,1,1,0.3,1.3378,-59.1,0.0,0.0,0,[sl 1.33780],593631879,594113529
1765823794,GBPUSD,1,1,0.32,1.33746,-63.68,0.0,0.0,0,[sl 1.33746],593687722,594126927
1765823818,GBPUSD,1,1,0.32,1.33742,-60.8,0.0,0.0,0,[sl 1.33742],593714691,594130319
1765823859,GBPUSD,1,1,0.31,1.3373300000000001,-61.69,0.0,0.0,0,[sl 1.33733],593760694,594135081
1765827060,UK100,1,1,3.3,9753.96,-98.83,0.0,0.0,0,[sl 9753.96],593812970,594295549
1765830929,ADAUSD,1,1,0.63,0.3748,-87.57,0.0,0.0,0,[sl 0.3748],593837945,594490960
1765830934,ETHUSD,0,1,0.57,2898.8,77.63,0.0,0.0,0,[tp 2898.80],593646947,594492003
1765831045,UK100,0,0,2.4,9752.35,0.0,0.0,0.0,0,,594498222,594498222
1765831072,ADAUSD,0,0,0.55,0.3831,0.0,0.0,0.0,0,,594499089,594499089
1765831103,XAGUSD,0,0,0.01,63.563,0.0,0.0,0.0,0,,594500314,594500314
1765831275,SP500,1,0,2.7,6822.4,0.0,0.0,0.0,0,,594507435,594507435
1765831384,UK100,0,0,2.4,9754.35,0.0,0.0,0.0,0,,594513307,594513307
1765831395,ADAUSD,0,0,0.37,0.3842,0.0,0.0,0.0,0,,594513514,594513514
1765832098,XAGUSD,1,1,0.01,63.613,2.5,0.0,0.0,0,[tp 63.613],594500314,594539026
1765840482,UK100,1,1,2.4,9767.36,48.18,0.0,0.0,0,[sl 9767.36],594498222,594880528
1765857225,SP500,0,1,2.7,6799.25,62.51,0.0,0.8,0,[sl 6799.25],594507435,595249911
1765890047,UK100,1,1,2.4,9728.29,-83.95,0.0,-6.5600000000000005,0,[sl 9728.29],594513307,596618725
1765990584,ADAUSD,1,1,0.55,0.3902,39.05,0.0,-3.62,0,[tp 0.3902],594499089,601373736
1765990662,ETHUSD,0,0,1.04,2975.46,0.0,0.0,0.0,0,,601380177,601380177
1765990749,ADAUSD,1,1,0.37,0.3916,27.38,0.0,-2.43,0,[tp 0.3916],594513514,601387365
1765990925,EURUSD,0,0,0.08,1.17449,0.0,0.0,0.0,0,,601410907,601410907
1765991014,XAUUSD,0,0,0.03,4339.78,0.0,0.0,0.0,0,,601418021,601418021
1765991130,SP500,1,0,3.5,6808.06,0.0,0.0,0.0,0,,601428071,601428071
1765991448,ADAUSD,0,0,0.65,0.4006,0.0,0.0,0.0,0,,601456405,601456405
1765992953,ETHUSD,1,1,1.04,2989.43,14.53,0.0,0.0,0,[sl 2989.43],601380177,601581913
1765992979,ADAUSD,1,1,0.65,0.3871,-87.75,0.0,0.0,0,[sl 0.3871],601456405,601587168
1765993070,UK100,0,0,1.5,9837.43,0.0,0.0,0.0,0,,601601505,601601505
1765993348,XAUUSD,0,0,0.03,4333.38,0.0,0.0,0.0,0,,601633627,601633627
1765993433,SP500,0,1,3.5,6776.54,110.32,0.0,0.0,0,[tp 6776.54],601428071,601643118
1765993435,UK100,0,0,1.5,9825.43,0.0,0.0,0.0,0,,601643563,601643563
1765993530,SOLUSD,1,0,2.8,128.23,0.0,0.0,0.0,0,,601656686,601656686
1765993692,EURUSD,1,1,0.08,1.17502,4.24,0.0,0.0,0,[sl 1.17502],601410907,601671568
1765993714,ETHUSD,1,0,0.56,2942.62,0.0,0.0,0.0,0,,601673874,601673874
1765993941,UK100,1,1,1.5,9813.41,-24.14,0.0,0.0,0,[sl 9813.41],601643563,601695737
1765995244,UK100,1,1,1.5,9797.54,-80.18,0.0,0.0,0,[sl 9797.54],601601505,601809818
1765996861,SOLUSD,0,1,2.8,124.38,107.8,0.0,0.0,0,[tp 124.38],601656686,601940578
1765996992,ADAUSD,1,0,0.51,0.3688,0.0,0.0,0.0,0,,601948576,601948576
1765997905,ADAUSD,0,1,0.51,0.3781,-47.43,0.0,0.0,0,[sl 0.3781],601948576,602016963
1765997913,USDJPY,0,0,0.15,155.592,0.0,0.0,0.0,0,,602017445,602017445
1765998028,EURUSD,0,0,0.13,1.17475,0.0,0.0,0.0,0,,602024155,602024155
1765998113,UK100,0,0,1.4,9802.93,0.0,0.0,0.0,0,,602029043,602029043
1765998327,USDJPY,0,0,0.16,155.593,0.0,0.0,0.0,0,,602044204,602044204
1765998401,UK100,0,0,1.3,9800.43,0.0,0.0,0.0,0,,602049901,602049901
1765998905,UK100,0,0,1.3,9801.43,0.0,0.0,0.0,0,,602079213,602079213
1765999105,ADAUSD,1,0,0.5,0.3702,0.0,0.0,0.0,0,,602090892,602090892
1765999235,ETHUSD,0,1,0.56,2875.37,37.66,0.0,0.0,0,[sl 2875.37],601673874,602097240
1765999269,UK100,0,0,1.3,9806.43,0.0,0.0,0.0,0,,602098385,602098385
1765999668,UK100,0,0,1.3,9805.43,0.0,0.0,0.0,0,,602122376,602122376
1765999695,ADAUSD,1,0,0.49,0.3708,0.0,0.0,0.0,0,,602124382,602124382
1766016120,EURUSD,1,1,0.13,1.17359,-15.08,0.0,-2.85,0,[sl 1.17359],602024155,602835663
1766033385,USDJPY,1,1,0.15,155.739,14.16,0.0,2.49,0,[sl 155.739],602017445,603292735
1766033385,USDJPY,1,1,0.16,155.739,15.0,0.0,2.65,0,[sl 155.739],602044204,603292736
1766068136,XAUUSD,1,1,0.03,4318.04,-65.22,0.0,-6.02,0,[sl 4318.04],601418021,604328763
1766072900,ADAUSD,0,1,0.5,0.3791,-44.5,0.0,0.21,0,[sl 0.3791],602090892,604659094
1766073319,BTCUSD,0,0,0.18,88860.8,0.0,0.0,0.0,0,,604690834,604690834
1766073361,BTCUSD,1,1,0.18,88861.3,0.09,0.0,0.0,0,[tp 88861.30],604690834,604694081
1766073547,UK100,1,0,1.9,9774.03,0.0,0.0,0.0,0,,604707221,604707221
1766073565,SOLUSD,0,0,3.2,126.71,0.0,0.0,0.0,0,,604707808,604707808
1766073684,ADAUSD,0,1,0.49,0.381,-49.98,0.0,0.2,0,[sl 0.3810],602124382,604719226
1766073785,ADAUSD,0,0,0.59,0.3812,0.0,0.0,0.0,0,,604729685,604729685
1766075470,UK100,0,1,1.9,9805.63,-80.57,0.0,0.0,0,[sl 9805.63],604707221,604837465
1766076247,XAUUSD,1,1,0.03,4312.39,-62.97,0.0,-6.02,0,[sl 4312.39],601633627,604943190
1766076253,SOLUSD,1,1,3.2,124.6,-67.52,0.0,0.0,0,[sl 124.60],604707808,604945327
1766076742,XAGUSD,0,0,0.01,65.139,0.0,0.0,0.0,0,,605009408,605009408
1766076845,SP500,0,0,4.9,6788.42,0.0,0.0,0.0,0,,605018606,605018606
1766076855,SP500,1,1,4.9,6789.17,3.68,0.0,0.0,0,[tp 6789.17],605018606,605019499
1766077250,SP500,0,0,4.7,6798.92,0.0,0.0,0.0,0,,605056553,605056553
1766078635,SP500,0,0,2.8,6794.42,0.0,0.0,0.0,0,,605179406,605179406
1766078709,SP500,1,1,4.7,6799.67,3.5300000000000002,0.0,0.0,0,[tp 6799.67],605056553,605183982
1766079065,XAGUSD,1,0,0.01,65.499,0.0,0.0,0.0,0,,605207574,605207574
1766081603,XAGUSD,0,1,0.01,66.216,-35.85,0.0,0.0,0,[sl 66.216],605207574,605396378
1766082183,XAGUSD,1,1,0.01,65.788,32.45,0.0,0.0,0,[sl 65.788],605009408,605461781
1766083780,UK100,1,1,1.4,9854.64,96.9,0.0,-3.83,0,[sl 9854.64],602029043,605566185
1766083780,UK100,1,1,1.3,9854.64,94.33,0.0,-3.55,0,[sl 9854.64],602049901,605566186
1766083780,UK100,1,1,1.3,9854.64,92.59,0.0,-3.55,0,[sl 9854.64],602079213,605566187
1766083780,UK100,1,1,1.3,9854.64,83.89,0.0,-3.55,0,[sl 9854.64],602098385,605566188
1766083780,UK100,1,1,1.3,9854.64,85.63,0.0,-3.55,0,[sl 9854.64],602122376,605566189
1766084051,UK100,0,0,1.7,9857.73,0.0,0.0,0.0,0,,605586637,605586637
1766084264,SP500,1,1,2.8,6809.58,42.45,0.0,0.0,0,[sl 6809.58],605179406,605601907
1766084505,XAGUSD,0,0,0.01,65.88,0.0,0.0,0.0,0,,605616524,605616524
1766084657,UK100,0,0,1.7,9856.23,0.0,0.0,0.0,0,,605627905,605627905
1766084942,XAGUSD,1,1,0.01,65.1,-39.0,0.0,0.0,0,[sl 65.100],605616524,605667320
1766085000,ADAUSD,1,1,0.59,0.3582,-135.7,0.0,0.0,0,[sl 0.3582],604729685,605679065
1766085245,XAGUSD,0,0,0.01,65.016,0.0,0.0,0.0,0,,605714602,605714602
1766085247,XAGUSD,1,1,0.01,64.941,-3.75,0.0,0.0,0,[sl 64.941],605714602,605714763
1766085263,SP500,1,0,2.3,6777.31,0.0,0.0,0.0,0,,605716390,605716390
1766085421,UK100,1,1,1.7,9820.81,-80.51,0.0,0.0,0,[sl 9820.81],605627905,605732024
1766085421,UK100,1,1,1.7,9820.32,-85.05,0.0,0.0,0,[sl 9820.32],605586637,605732045
1766085817,UK100,0,0,1.5,9824.73,0.0,0.0,0.0,0,,605769016,605769016
1766086145,UK100,0,0,1.5,9825.73,0.0,0.0,0.0,0,,605794934,605794934
1766086178,ADAUSD,1,0,0.53,0.3514,0.0,0.0,0.0,0,,605796838,605796838
1766086451,XAGUSD,1,0,0.01,65.2,0.0,0.0,0.0,0,,605815424,605815424
1766086454,XAGUSD,0,1,0.01,65.25,-2.5,0.0,0.0,0,[sl 65.250],605815424,605815510
1766086492,XAUUSD,0,0,0.03,4336.55,0.0,0.0,0.0,0,,605819599,605819599
1766086858,XAUUSD,0,0,0.03,4341.12,0.0,0.0,0.0,0,,605843688,605843688
1766086867,UK100,0,0,1.5,9838.23,0.0,0.0,0.0,0,,605844282,605844282
1766086872,ADAUSD,0,1,0.53,0.3603,-47.17,0.0,0.0,0,[sl 0.3603],605796838,605844991
1766086895,ETHUSD,1,0,0.63,2846.38,0.0,0.0,0.0,0,,605846589,605846589
1766087207,SP500,0,0,4.0,6801.67,0.0,0.0,0.0,0,,605864929,605864929
1766087325,SOLUSD,1,0,2.01,122.61,0.0,0.0,0.0,0,,605870336,605870336
1766088738,SP500,1,1,4.0,6802.67,4.0,0.0,0.0,0,[tp 6802.67],605864929,605949989
1766088739,SP500,0,1,2.3,6803.32,-59.82,0.0,0.0,0,[sl 6803.32],605716390,605950004
1766094057,SOLUSD,0,1,2.01,118.1,90.65,0.0,0.0,0,[tp 118.10],605870336,606187896
1766094082,ADAUSD,1,0,0.52,0.347,0.0,0.0,0.0,0,,606190564,606190564
1766095341,ETHUSD,0,1,0.63,2804.2,26.57,0.0,0.0,0,[sl 2804.20],605846589,606249581
1766095366,USDJPY,1,0,0.2,155.501,0.0,0.0,0.0,0,,606250370,606250370
1766095457,ETHUSD,1,0,0.47,2807.76,0.0,0.0,0.0,0,,606256736,606256736
1766111882,USDJPY,0,1,0.2,155.722,-28.38,0.0,-2.36,0,[sl 155.722],606250370,606550400
1766114644,XAUUSD,1,1,0.03,4317.42,-71.1,0.0,-2.01,0,[sl 4317.42],605843688,606652052
1766114920,XAUUSD,1,1,0.03,4313.06,-70.47,0.0,-2.01,0,[sl 4313.06],605819599,606670938
1766121922,ETHUSD,0,1,0.47,2884.5,-36.07,0.0,0.15,0,[sl 2884.50],606256736,606956994
1766121923,ADAUSD,0,1,0.52,0.3608,-71.76,0.0,0.21,0,[sl 0.3608],606190564,606957153
1766131375,ADAUSD,1,0,0.47,0.3578,0.0,0.0,0.0,0,,607225626,607225626
1766131437,SP500,1,0,2.4,6779.43,0.0,0.0,0.0,0,,607228465,607228465
1766131582,SOLUSD,1,0,1.5699999999999998,122.24,0.0,0.0,0.0,0,,607232813,607232813
1766134811,ADAUSD,0,1,0.47,0.3672,-44.18,0.0,0.0,0,[sl 0.3672],607225626,607348548
1766134967,EURUSD,1,0,0.13,1.17191,0.0,0.0,0.0,0,,607357056,607357056
1766135107,SP500,0,0,22.6,6787.04,0.0,0.0,0.0,0,,607362214,607362214
1766135218,SP500,1,1,22.6,6788.04,22.6,0.0,0.0,0,[tp 6788.04],607362214,607366309
1766135462,SOLUSD,0,1,1.5699999999999998,125.55,-51.97,0.0,0.0,0,[sl 125.55],607232813,607375058
1766135541,XAUUSD,0,0,0.3,4326.77,0.0,0.0,0.0,0,,607379669,607379669
1766137903,XAUUSD,1,1,0.3,4324.77,-60.0,0.0,0.0,0,[sl 4324.77],607379669,607382172
1766138314,ADAUSD,0,0,0.51,0.3695,0.0,0.0,0.0,0,,607395898,607395898
1766138326,SOLUSD,0,0,1.19,124.72,0.0,0.0,0.0,0,,607396154,607396154
1766138614,EURUSD,0,1,0.13,1.1710099999999999,11.7,0.0,0.0,0,[sl 1.17101],607357056,607404947
1766141252,SP500,0,1,2.4,6803.02,-56.62,0.0,0.0,0,[sl 6803.02],607228465,607492638
1766141329,UK100,1,1,1.5,9856.67,64.06,0.0,-4.1,0,[sl 9856.67],605769016,607495115
1766141329,UK100,1,1,1.5,9856.67,62.06,0.0,-4.1,0,[sl 9856.67],605794934,607495116
1766163714,UK100,1,1,1.5,9902.25,128.39,0.0,-4.1,0,[tp 9902.25],605844282,608478381
1766169204,ADAUSD,1,1,0.51,0.3765,35.7,0.0,0.0,0,[tp 0.3765],607395898,608870768
1766169287,BTCUSD,0,0,0.1,88703.47,0.0,0.0,0.0,0,,608874970,608874970
1766170226,BTCUSD,1,1,0.1,88215.56,-48.79,0.0,0.0,0,[sl 88215.56],608874970,608919004
1766170298,USDJPY,0,0,0.06,157.451,0.0,0.0,0.0,0,,608923605,608923605
1766170331,SP500,0,0,2.5,6833.17,0.0,0.0,0.0,0,,608925358,608925358
1766170546,XAUUSD,0,0,0.04,4346.15,0.0,0.0,0.0,0,,608940179,608940179
1766170969,SOLUSD,1,0,2.41,125.28,0.0,0.0,0.0,0,,608960293,608960293
1766183414,USDJPY,1,1,0.06,157.57,4.53,0.0,0.0,0,close_before_mar,608923605,609396653
1766183414,XAUUSD,1,1,0.04,4343.84,-9.24,0.0,0.0,0,close_before_mar,608940179,609396654
1766183747,SOLUSD,0,1,2.41,127.36,-50.13,0.0,0.0,0,[sl 127.36],608960293,609403980
1766183749,SP500,0,0,2.5,6839.92,0.0,0.0,0.0,0,,609404071,609404071
1766183833,UK100,0,0,1.9,9914.44,0.0,0.0,0.0,0,,609406225,609406225
1766184184,SOLUSD,0,0,2.16,127.25,0.0,0.0,0.0,0,,609418139,609418139
1766185020,UK100,1,1,1.9,9894.89,-49.69,0.0,0.0,0,[sl 9894.89],609406225,609438783
1766329492,SOLUSD,1,1,2.16,124.32,-63.29,0.0,-2.35,0,[sl 124.32],609418139,609739099
1766329694,SOLUSD,1,0,5.28,124.53,0.0,0.0,0.0,0,,609742827,609742827
1766344144,SOLUSD,0,1,5.28,126.08,-81.84,0.0,0.0,0,[sl 126.08],609742827,609910456
1766345228,BTCUSD,0,0,0.31,88334.01,0.0,0.0,0.0,0,,609920641,609920641
1766347567,BTCUSD,1,1,0.31,88144.29,-58.81,0.0,0.0,0,[sl 88144.29],609920641,609940272
1766347610,ADAUSD,1,0,0.65,0.3586,0.0,0.0,0.0,0,,609941215,609941215
1766349189,ADAUSD,0,1,0.65,0.3665,-51.35,0.0,0.0,0,[sl 0.3665],609941215,609956639
1766349237,SOLUSD,1,0,4.52,124.71,0.0,0.0,0.0,0,,609957081,609957081
1766365202,SOLUSD,0,1,4.52,126.19,-66.9,0.0,0.0,0,[sl 126.19],609957081,610041515
1766370251,SP500,1,1,2.5,6854.92,54.38,0.0,-10.91,0,[sl 6854.92],608925358,610210098
1766390429,BTCUSD,0,0,0.06,88836.28,0.0,0.0,0.0,0,,610988456,610988456
1766398382,SP500,1,1,2.5,6862.69,56.93,0.0,-10.91,0,[sl 6862.69],609404071,611295103
1766399712,BTCUSD,1,1,0.06,89597.32,45.66,0.0,0.0,0,[sl 89597.32],610988456,611355100
1766399827,SOLUSD,0,0,6.47,127.18,0.0,0.0,0.0,0,,611361811,611361811
1766401048,SOLUSD,1,1,6.47,125.53,-106.76,0.0,0.0,0,[sl 125.53],611361811,611413118
1766401090,ADAUSD,0,0,0.58,0.3714,0.0,0.0,0.0,0,,611414438,611414438
1766423277,ADAUSD,1,1,0.58,0.3765,29.58,0.0,0.0,0,[tp 0.3765],611414438,612352763
1766423297,SP500,0,0,6.0,6872.76,0.0,0.0,0.0,0,,612354208,612354208
1766423364,ADAUSD,0,0,0.65,0.3825,0.0,0.0,0.0,0,,612358636,612358636
1766423579,SOLUSD,1,1,1.19,127.48,32.84,0.0,-1.3,0,[sl 127.48],607396154,612374942
1766423748,XAGUSD,0,0,0.01,68.488,0.0,0.0,0.0,0,,612393159,612393159
1766423955,SP500,0,0,5.7,6870.01,0.0,0.0,0.0,0,,612410219,612410219
1766424164,XAGUSD,0,0,0.01,68.719,0.0,0.0,0.0,0,,612424938,612424938
1766424513,XAGUSD,0,0,0.01,68.683,0.0,0.0,0.0,0,,612450049,612450049
1766425114,XAGUSD,0,0,0.01,68.821,0.0,0.0,0.0,0,,612488974,612488974
1766426134,XAGUSD,0,0,0.01,68.894,0.0,0.0,0.0,0,,612539491,612539491
1766426794,XAGUSD,0,0,0.01,68.865,0.0,0.0,0.0,0,,612580710,612580710
1766427128,XAGUSD,0,0,0.01,68.831,0.0,0.0,0.0,0,,612605732,612605732
1766427383,USDJPY,0,0,0.08,156.88,0.0,0.0,0.0,0,,612618816,612618816
1766427390,XAGUSD,1,1,0.01,68.641,7.65,0.0,0.0,0,[sl 68.641],612393159,612619238
1766427412,SP500,1,1,5.7,6884.43,82.19,0.0,0.0,0,[tp 6884.43],612410219,612620349
1766427544,XAGUSD,0,0,0.01,68.808,0.0,0.0,0.0,0,,612629577,612629577
1766427709,USDJPY,0,0,0.08,156.946,0.0,0.0,0.0,0,,612636527,612636527
1766428289,XAGUSD,0,0,0.01,68.593,0.0,0.0,0.0,0,,612667621,612667621
1766428432,SP500,0,0,4.9,6882.01,0.0,0.0,0.0,0,,612680581,612680581
1766428822,SP500,0,0,5.0,6882.51,0.0,0.0,0.0,0,,612705601,612705601
1766429140,EURUSD,0,0,0.1,1.17535,0.0,0.0,0.0,0,,612718421,612718421
1766429314,USDJPY,1,1,0.08,156.909,1.48,0.0,0.0,0,[sl 156.909],612618816,612726569
1766429336,SP500,0,0,5.0,6881.01,0.0,0.0,0.0,0,,612727356,612727356
1766430001,SP500,1,1,6.0,6885.93,79.02,0.0,0.0,0,[tp 6885.93],612354208,612751507
1766430074,USDJPY,1,1,0.08,156.846,-5.1,0.0,0.0,0,[sl 156.846],612636527,612755189
1766430183,XAGUSD,0,0,0.01,68.79,0.0,0.0,0.0,0,,612758008,612758008
1766430945,UK100,0,0,2.2,9889.55,0.0,0.0,0.0,0,,612788638,612788638
1766431012,XAGUSD,0,0,0.01,68.672,0.0,0.0,0.0,0,,612791323,612791323
1766431363,XAGUSD,0,0,0.01,68.594,0.0,0.0,0.0,0,,612804748,612804748
1766431665,UK100,1,1,2.2,9880.87,-25.72,0.0,0.0,0,[sl 9880.87],612788638,612811918
1766431809,XAGUSD,0,0,0.01,68.486,0.0,0.0,0.0,0,,612819969,612819969
1766431867,USDJPY,0,0,0.08,156.839,0.0,0.0,0.0,0,,612822103,612822103
1766431988,SP500,0,0,4.9,6883.26,0.0,0.0,0.0,0,,612827889,612827889
1766432200,USDJPY,1,0,0.12,156.772,0.0,0.0,0.0,0,,612837478,612837478
1766432336,USDJPY,1,1,0.08,156.739,-5.1,0.0,0.0,0,[sl 156.739],612822103,612842432
1766432530,USDJPY,1,0,0.12,156.749,0.0,0.0,0.0,0,,612850738,612850738
1766432572,SP500,0,0,4.9,6883.26,0.0,0.0,0.0,0,,612851502,612851502
1766433390,XAGUSD,0,0,0.01,68.592,0.0,0.0,0.0,0,,612875636,612875636
1766433851,XAGUSD,0,0,0.01,68.606,0.0,0.0,0.0,0,,612888406,612888406
1766434340,UK100,0,0,2.2,9886.05,0.0,0.0,0.0,0,,612904707,612904707
1766434432,SP500,0,0,4.7,6884.51,0.0,0.0,0.0,0,,612906531,612906531
1766434935,SP500,0,0,4.6,6882.26,0.0,0.0,0.0,0,,612921406,612921406
1766435314,SP500,0,0,4.5,6883.26,0.0,0.0,0.0,0,,612935284,612935284
1766435486,UK100,0,0,2.2,9886.55,0.0,0.0,0.0,0,,612942042,612942042
1766435809,SP500,0,0,4.4,6882.76,0.0,0.0,0.0,0,,612954271,612954271
1766435893,UK100,0,0,2.1,9887.05,0.0,0.0,0.0,0,,612955838,612955838
1766436293,UK100,0,0,2.2,9888.05,0.0,0.0,0.0,0,,612965327,612965327
1766436812,UK100,1,1,2.2,9881.14,-14.54,0.0,0.0,0,[sl 9881.14],612904707,612985700
1766436812,UK100,1,1,2.2,9880.93,-16.64,0.0,0.0,0,[sl 9880.93],612942042,612985701
1766436893,UK100,1,1,2.1,9880.82,-17.61,0.0,0.0,0,[sl 9880.82],612955838,612987885
1766436893,UK100,1,1,2.2,9880.82,-21.43,0.0,0.0,0,[sl 9880.82],612965327,612987886
1766437025,SP500,0,0,4.3,6881.01,0.0,0.0,0.0,0,,612991749,612991749
1766437602,XAGUSD,1,1,0.01,68.152,-35.65,0.0,0.0,0,[sl 68.152],612580710,613010988
1766437651,XAGUSD,1,1,0.01,68.148,-34.15,0.0,0.0,0,[sl 68.148],612605732,613014136
1766437682,XAGUSD,1,1,0.01,68.117,-38.85,0.0,0.0,0,[sl 68.117],612539491,613015092
1766437682,XAGUSD,1,1,0.01,68.101,-35.35,0.0,0.0,0,[sl 68.101],612629577,613015164
1766438064,SP500,0,0,4.1,6879.01,0.0,0.0,0.0,0,,613024322,613024322
1766438777,SP500,0,0,4.2,6882.13,0.0,0.0,0.0,0,,613043006,613043006
1766440194,SP500,0,0,4.2,6883.51,0.0,0.0,0.0,0,,613070758,613070758
1766440219,ADAUSD,1,1,0.65,0.3655,-110.5,0.0,0.0,0,[sl 0.3655],612358636,613071169
1766440244,ADAUSD,1,0,0.56,0.3654,0.0,0.0,0.0,0,,613071565,613071565
1766440839,ADAUSD,1,0,0.19,0.365,0.0,0.0,0.0,0,,613083234,613083234
1766448102,USDJPY,0,1,0.12,157.064,-22.31,0.0,-1.27,0,[sl 157.064],612837478,613243225
1766448102,USDJPY,0,1,0.12,157.072,-24.68,0.0,-1.27,0,[sl 157.072],612850738,613243226
1766452992,XAGUSD,1,1,0.01,69.164,33.9,0.0,-0.5,0,[sl 69.164],612819969,613305182
1766452992,XAGUSD,1,1,0.01,69.164,28.6,0.0,-0.5,0,[sl 69.164],612875636,613305183
1766457964,EURUSD,1,1,0.1,1.17688,15.3,0.0,-0.69,0,[tp 1.17688],612718421,613463476
1766458884,XAGUSD,1,1,0.01,69.194,30.05,0.0,-0.5,0,[sl 69.194],612667621,613495329
1766458884,XAGUSD,1,1,0.01,69.194,30.0,0.0,-0.5,0,[sl 69.194],612804748,613495330
1766459339,XAGUSD,1,1,0.01,69.41,34.55,0.0,-0.5,0,[sl 69.410],612424938,613527447
1766459339,XAGUSD,1,1,0.01,69.41,36.35,0.0,-0.5,0,[sl 69.410],612450049,613527448
1766459339,XAGUSD,1,1,0.01,69.41,29.45,0.0,-0.5,0,[sl 69.410],612488974,613527449
1766459339,XAGUSD,1,1,0.01,69.41,31.0,0.0,-0.5,0,[sl 69.410],612758008,613527450
1766459339,XAGUSD,1,1,0.01,69.41,36.9,0.0,-0.5,0,[sl 69.410],612791323,613527451
1766459339,XAGUSD,1,1,0.01,69.41,40.2,0.0,-0.5,0,[sl 69.410],612888406,613527452
1766465156,SP500,1,1,4.1,6886.67,31.41,0.0,-6.02,0,[sl 6886.67],613024322,613819219
1766504356,SP500,1,1,4.7,6872.95,-54.33,0.0,-6.9,0,[sl 6872.95],612906531,615199977
1766504371,SP500,1,1,4.9,6871.94,-55.47,0.0,-7.19,0,[sl 6871.94],612827889,615200910
1766504371,SP500,1,1,4.9,6871.94,-55.47,0.0,-7.19,0,[sl 6871.94],612851502,615200911
1766504375,SP500,1,1,4.5,6871.19,-54.32,0.0,-6.61,0,[sl 6871.19],612935284,615201061
1766504375,SP500,1,1,4.2,6871.27,-51.41,0.0,-6.17,0,[sl 6871.27],613070758,615201062
1766504377,SP500,1,1,4.9,6870.74,-55.22,0.0,-7.19,0,[sl 6870.74],612680581,615201121
1766504377,SP500,1,1,4.6,6870.71,-53.13,0.0,-6.75,0,[sl 6870.71],612921406,615201122
1766504377,SP500,1,1,4.4,6870.69,-53.11,0.0,-6.46,0,[sl 6870.69],612954271,615201123
1766504378,SP500,1,1,5.0,6870.24,-61.35,0.0,-7.34,0,[sl 6870.24],612705601,615201208
1766505533,SP500,1,1,5.0,6869.87,-55.7,0.0,-7.34,0,[sl 6869.87],612727356,615287034
1766505533,SP500,1,1,4.3,6869.31,-50.31,0.0,-6.31,0,[sl 6869.31],612991749,615287037
1766505533,SP500,1,1,4.2,6869.67,-52.33,0.0,-6.17,0,[sl 6869.67],613043006,615287039
1766508919,ADAUSD,0,1,0.56,0.3604,28.0,0.0,0.23,0,[tp 0.3604],613071565,615620323
1766508919,ADAUSD,0,1,0.19,0.36,9.5,0.0,0.08,0,[tp 0.3600],613083234,615620471
1766508949,ADAUSD,1,0,0.59,0.3525,0.0,0.0,0.0,0,,615623697,615623697
1766509016,XAGUSD,0,0,0.01,69.584,0.0,0.0,0.0,0,,615629970,615629970
1766509290,ADAUSD,1,0,0.38,0.3548,0.0,0.0,0.0,0,,615665080,615665080
1766509524,ADAUSD,0,1,0.38,0.3635,-33.06,0.0,0.0,0,[sl 0.3635],615665080,615704955
1766509548,ADAUSD,0,1,0.59,0.3638,-66.67,0.0,0.0,0,[sl 0.3638],615623697,615706726
1766509599,SOLUSD,1,0,2.81,122.52,0.0,0.0,0.0,0,,615713820,615713820
1766509654,XAGUSD,0,0,0.01,69.343,0.0,0.0,0.0,0,,615719168,615719168
1766509794,EURUSD,0,0,0.08,1.17785,0.0,0.0,0.0,0,,615729574,615729574
1766509805,SP500,0,0,3.8,6885.51,0.0,0.0,0.0,0,,615730289,615730289
1766510051,XAGUSD,0,0,0.01,69.456,0.0,0.0,0.0,0,,615751686,615751686
1766510055,XAGUSD,1,1,0.01,69.407,-2.45,0.0,0.0,0,[sl 69.407],615751686,615751842
1766510124,SP500,0,0,3.8,6884.76,0.0,0.0,0.0,0,,615758176,615758176
1766510778,XAGUSD,0,0,0.01,69.456,0.0,0.0,0.0,0,,615804088,615804088
1766511124,XAGUSD,0,0,0.01,69.335,0.0,0.0,0.0,0,,615839360,615839360
1766511240,SOLUSD,1,0,2.75,122.85,0.0,0.0,0.0,0,,615847392,615847392
1766513029,SOLUSD,0,1,2.81,124.09,-44.12,0.0,0.0,0,[sl 124.09],615713820,615957137
1766513209,SOLUSD,1,0,2.89,123.38,0.0,0.0,0.0,0,,615966471,615966471
1766513782,SOLUSD,0,1,2.75,124.27,-39.05,0.0,0.0,0,[sl 124.27],615847392,615999194
1766514398,SOLUSD,1,0,2.86,123.78,0.0,0.0,0.0,0,,616028904,616028904
1766514504,SOLUSD,0,1,2.89,124.51,-32.66,0.0,0.0,0,[sl 124.51],615966471,616032670
1766514778,ETHUSD,1,0,0.83,2949.66,0.0,0.0,0.0,0,,616055008,616055008
1766515330,SP500,1,1,3.8,6903.85,69.69,0.0,0.0,0,[tp 6903.85],615730289,616080405
1766515330,SP500,1,1,3.8,6903.85,72.54,0.0,0.0,0,[tp 6903.85],615758176,616080408
1766516081,XAGUSD,1,1,0.01,70.491,57.8,0.0,0.0,0,[tp 70.491],615839360,616116593
1766516197,XAGUSD,1,1,0.01,70.517,58.7,0.0,0.0,0,[tp 70.517],615719168,616121921
1766516613,XAGUSD,1,1,0.01,70.607,57.55,0.0,0.0,0,[tp 70.607],615804088,616140465
1766516615,XAGUSD,1,1,0.01,70.719,56.75,0.0,0.0,0,[tp 70.719],615629970,616141048
1766520395,ETHUSD,0,1,0.83,2926.44,19.27,0.0,0.0,0,[sl 2926.44],616055008,616296165
1766520451,ADAUSD,1,0,0.58,0.3577,0.0,0.0,0.0,0,,616299039,616299039
1766521056,ADAUSD,0,1,0.58,0.3657,-46.4,0.0,0.0,0,[sl 0.3657],616299039,616325720
1766522778,SOLUSD,1,0,2.54,123.6,0.0,0.0,0.0,0,,616382655,616382655
1766529680,SOLUSD,0,1,2.86,125.27,-42.61,0.0,0.0,0,[sl 125.27],616028904,616592601
1766529680,SOLUSD,0,1,2.54,125.31,-43.43,0.0,0.0,0,[sl 125.31],616382655,616592611
1766529923,BTCUSD,0,0,0.18,88242.63,0.0,0.0,0.0,0,,616599877,616599877
1766530315,BTCUSD,1,1,0.18,87987.67,-45.89,0.0,0.0,0,[sl 87987.67],616599877,616610817
1766530457,USDJPY,0,0,0.07,156.294,0.0,0.0,0.0,0,,616613941,616613941
1766530626,ADAUSD,1,0,0.53,0.3603,0.0,0.0,0.0,0,,616616487,616616487
1766530627,ADAUSD,0,1,0.53,0.3667,-33.92,0.0,0.0,0,[sl 0.3667],616616487,616616514
1766530697,SOLUSD,0,0,3.76,124.98,0.0,0.0,0.0,0,,616618426,616618426
1766531348,SP500,0,0,3.3,6914.01,0.0,0.0,0.0,0,,616649581,616649581
1766531464,SOLUSD,1,0,0.56,123.77,0.0,0.0,0.0,0,,616651060,616651060
1766534262,EURUSD,1,1,0.08,1.17931,11.68,0.0,0.0,0,[sl 1.17931],615729574,616694882
1766546428,USDJPY,1,1,0.07,155.949,-15.49,0.0,0.33,0,[sl 155.949],616613941,617047439
1766547729,SOLUSD,1,1,3.76,122.95,-76.33,0.0,-4.02,0,[sl 122.95],616618426,617110224
1766563347,SOLUSD,1,0,2.42,121.24,0.0,0.0,0.0,0,,617666633,617666633
1766598357,SOLUSD,0,1,2.42,123.12,-45.49,0.0,0.0,0,[sl 123.12],617666633,619397969
1766598526,XAGUSD,0,0,0.01,70.459,0.0,0.0,0.0,0,,619417331,619417331
1766598964,SOLUSD,0,0,2.85,122.85,0.0,0.0,0.0,0,,619450923,619450923
1766601454,SP500,1,1,3.3,6938.7,81.48,0.0,-4.85,0,[tp 6938.70],616649581,619611962
1766604171,XAGUSD,1,1,0.01,71.611,57.6,0.0,0.0,0,[sl 71.611],619417331,619753644
1766602960,,2,0,0.0,0.0,100000.0,0.0,0.0,0,demo,0,0
1766665965,SOLUSD,1,0,89.42,121.42,0.0,0.0,0.0,0,,620154504,620154504
1766666364,SOLUSD,1,0,86.98,121.18,0.0,0.0,0.0,0,,620157318,620157318
1766677407,SOLUSD,0,1,89.42,122.49,-956.8,0.0,0.0,0,[sl 122.49],620154504,620209040
1766677407,SOLUSD,0,1,86.98,122.52,-1165.54,0.0,0.0,0,[sl 122.52],620157318,620209043
1766689132,BTCUSD,0,0,1.9300000000000002,88122.05,0.0,0.0,0.0,0,,620316697,620316697
1766701569,BTCUSD,1,1,1.9300000000000002,87841.04,-542.35,0.0,0.0,0,[sl 87841.04],620316697,620373436
1766736279,SP500,0,0,104.1,6936.64,0.0,0.0,0.0,0,,621323313,621323313
1766736573,SOLUSD,0,0,45.57,123.81,0.0,0.0,0.0,0,,621334078,621334078
1766736969,SP500,0,0,103.1,6936.89,0.0,0.0,0.0,0,,621353459,621353459
1766737073,SOLUSD,0,0,27.81,123.99,0.0,0.0,0.0,0,,621356559,621356559
1766767823,SP500,1,1,104.1,6944.04,770.34,0.0,0.0,0,[sl 6944.04],621323313,622650376
1766767823,SP500,1,1,103.1,6944.04,737.17,0.0,0.0,0,[sl 6944.04],621353459,622650377
1766768493,SOLUSD,1,1,45.57,120.86,-1344.32,0.0,0.0,0,[sl 120.86],621334078,622723458
1766768538,SOLUSD,1,1,27.81,120.84,-876.02,0.0,0.0,0,[sl 120.84],621356559,622727002
1766768558,AUDUSD,0,0,2.24,0.67181,0.0,0.0,0.0,0,,622728303,622728303
1766768691,XAUUSD,0,0,0.6,4525.17,0.0,0.0,0.0,0,,622740803,622740803
1766768708,XAUUSD,1,1,0.6,4525.69,31.2,0.0,0.0,0,[tp 4525.69],622740803,622742500
1766769020,XAUUSD,0,0,0.59,4529.7,0.0,0.0,0.0,0,,622770676,622770676
1766769162,AUDUSD,0,0,2.16,0.67215,0.0,0.0,0.0,0,,622783107,622783107
1766769191,XAUUSD,1,1,0.59,4530.21,30.09,0.0,0.0,0,[tp 4530.21],622770676,622785678
1766769391,GBPUSD,0,0,4.15,1.35219,0.0,0.0,0.0,0,,622800782,622800782
1766769918,SP500,0,0,121.5,6938.51,0.0,0.0,0.0,0,,622828297,622828297
1766770005,GBPUSD,0,0,4.15,1.35243,0.0,0.0,0.0,0,,622832725,622832725
1766770188,SP500,1,1,121.5,6939.51,121.5,0.0,0.0,0,[tp 6939.51],622828297,622843857
1766770467,SP500,0,0,118.5,6941.51,0.0,0.0,0.0,0,,622868766,622868766
1766770522,GBPUSD,0,0,4.14,1.35185,0.0,0.0,0.0,0,,622873114,622873114
1766771269,AUDUSD,0,0,2.08,0.67201,0.0,0.0,0.0,0,,622933731,622933731
1766771617,SP500,0,0,116.6,6939.51,0.0,0.0,0.0,0,,622956775,622956775
1766771706,GBPUSD,1,1,4.15,1.35027,-896.4,0.0,0.0,0,[sl 1.35027],622832725,622962683
1766771906,SP500,1,1,116.6,6940.51,116.6,0.0,0.0,0,[tp 6940.51],622956775,622973890
1766772341,GBPUSD,1,1,4.15,1.34996,-925.45,0.0,0.0,0,[sl 1.34996],622800782,622994907
1766772475,GBPUSD,1,1,4.14,1.34974,-873.54,0.0,0.0,0,[sl 1.34974],622873114,623000929
1766772674,AUDUSD,1,1,2.16,0.67097,-254.88,0.0,0.0,0,[sl 0.67097],622783107,623010977
1766772770,AUDUSD,1,1,2.08,0.67078,-255.84,0.0,0.0,0,[sl 0.67078],622933731,623020585
1766772770,AUDUSD,1,1,2.24,0.67077,-232.96,0.0,0.0,0,[sl 0.67077],622728303,623020658
1766773169,XAUUSD,0,0,0.52,4544.29,0.0,0.0,0.0,0,,623056126,623056126
1766773448,NAS100,0,0,20.3,25691.6,0.0,0.0,0.0,0,,623069483,623069483
1766775356,NAS100,0,0,20.2,25683.6,0.0,0.0,0.0,0,,623177312,623177312
1766776087,AUDUSD,0,0,2.07,0.67092,0.0,0.0,0.0,0,,623223992,623223992
1766776857,XAUUSD,1,1,0.52,4521.18,-1201.72,0.0,0.0,0,[sl 4521.18],623056126,623274810
1766777264,AUDUSD,0,0,2.03,0.67092,0.0,0.0,0.0,0,,623304945,623304945
1766778519,AUDUSD,0,0,2.01,0.67108,0.0,0.0,0.0,0,,623396518,623396518
1766779665,NAS100,0,0,19.4,25686.1,0.0,0.0,0.0,0,,623458331,623458331
1766779910,AUDUSD,0,0,2.06,0.67099,0.0,0.0,0.0,0,,623469174,623469174
1766783778,EURUSD,1,0,1.37,1.17697,0.0,0.0,0.0,0,,623634120,623634120
1766784842,SP500,0,0,85.2,6935.61,0.0,0.0,0.0,0,,623667007,623667007
1766785124,NAS100,0,0,18.1,25690.1,0.0,0.0,0.0,0,,623676716,623676716
1766785279,SP500,0,0,84.9,6935.86,0.0,0.0,0.0,0,,623680695,623680695
1766785603,AUDUSD,0,0,2.1,0.67114,0.0,0.0,0.0,0,,623692612,623692612
1766785751,SP500,0,0,85.2,6934.86,0.0,0.0,0.0,0,,623697083,623697083
1766785961,AUDUSD,0,0,2.12,0.67107,0.0,0.0,0.0,0,,623703770,623703770
1766786526,SP500,0,0,86.2,6935.11,0.0,0.0,0.0,0,,623720139,623720139
1766786547,SP500,1,1,86.2,6936.11,86.2,0.0,0.0,0,[tp 6936.11],623720139,623721448
1766787240,SP500,0,0,83.7,6934.86,0.0,0.0,0.0,0,,623740851,623740851
1766787418,NAS100,0,0,17.5,25681.6,0.0,0.0,0.0,0,,623749208,623749208
1766787987,SP500,0,0,83.9,6935.61,0.0,0.0,0.0,0,,623778533,623778533
1766788208,EURUSD,0,1,1.37,1.17781,-115.08,0.0,0.0,0,close_before_mar,623634120,623784653
1766788208,AUDUSD,1,1,2.07,0.67112,41.4,0.0,0.0,0,close_before_mar,623223992,623784655
1766788208,AUDUSD,1,1,2.03,0.67112,40.6,0.0,0.0,0,close_before_mar,623304945,623784658
1766788208,AUDUSD,1,1,2.01,0.67112,8.04,0.0,0.0,0,close_before_mar,623396518,623784661
1766788208,AUDUSD,1,1,2.06,0.67112,26.78,0.0,0.0,0,close_before_mar,623469174,623784665
1766788208,NAS100,1,1,20.3,25681.05,-214.17,0.0,0.0,0,close_before_mar,623069483,623784667
1766788208,AUDUSD,1,1,2.1,0.67112,-4.2,0.0,0.0,0,close_before_mar,623692612,623784670
1766788208,NAS100,1,1,20.2,25680.8,-56.56,0.0,0.0,0,close_before_mar,623177312,623784672
1766788209,AUDUSD,1,1,2.12,0.67112,10.6,0.0,0.0,0,close_before_mar,623703770,623784674
1766788209,NAS100,1,1,19.4,25680.8,-102.82,0.0,0.0,0,close_before_mar,623458331,623784679
1766788209,NAS100,1,1,18.1,25680.8,-168.33,0.0,0.0,0,close_before_mar,623676716,623784680
1766788209,NAS100,1,1,17.5,25680.8,-14.0,0.0,0.0,0,close_before_mar,623749208,623784682
1766788559,SP500,0,0,83.9,6936.11,0.0,0.0,0.0,0,,623794294,623794294
1766788572,SP500,1,1,83.7,6935.86,83.7,0.0,0.0,0,[tp 6935.86],623740851,623794536
1766788579,NAS100,0,0,17.4,25682.6,0.0,0.0,0.0,0,,623794725,623794725
1766788588,NAS100,1,1,17.4,25681.3,-22.62,0.0,0.0,0,close_before_mar,623794725,623794811
1766788720,SP500,1,1,85.2,6936.61,85.2,0.0,0.0,0,[tp 6936.61],623667007,623798464
1766788720,SP500,1,1,84.9,6936.86,84.9,0.0,0.0,0,[tp 6936.86],623680695,623798465
1766788720,SP500,1,1,83.9,6936.61,83.9,0.0,0.0,0,[tp 6936.61],623778533,623798466
1766788722,SP500,1,1,83.9,6937.11,83.9,0.0,0.0,0,[tp 6937.11],623794294,623798472
1766788899,NAS100,0,0,17.5,25687.1,0.0,0.0,0.0,0,,623805223,623805223
1766788908,NAS100,1,1,17.5,25685.8,-22.75,0.0,0.0,0,close_before_mar,623805223,623805326
1766789495,SP500,0,0,82.9,6935.11,0.0,0.0,0.0,0,,623823938,623823938
1766789832,SP500,1,1,82.9,6936.11,82.9,0.0,0.0,0,[tp 6936.11],623823938,623837001
1766853934,SOLUSD,0,0,83.52,123.45,0.0,0.0,0.0,0,,624145541,624145541
1766854264,SOLUSD,0,0,60.85,123.46,0.0,0.0,0.0,0,,624150179,624150179
1766879341,SOLUSD,1,1,60.85,124.09,383.36,0.0,0.0,0,[tp 124.09],624150179,624280476
1766879461,SOLUSD,1,1,83.52,124.2,626.4,0.0,0.0,0,[tp 124.20],624145541,624280781
1766908979,SOLUSD,1,0,76.77,123.51,0.0,0.0,0.0,0,,624403077,624403077
1766909320,SOLUSD,1,0,75.62,123.59,0.0,0.0,0.0,0,,624404037,624404037
1766910937,SOLUSD,0,1,76.77,124.41,-690.93,0.0,0.0,0,[sl 124.41],624403077,624408136
1766911723,SOLUSD,0,0,73.1,124.32,0.0,0.0,0.0,0,,624410806,624410806
1766912848,SOLUSD,0,1,75.62,124.5,-688.14,0.0,0.0,0,[sl 124.50],624404037,624415031
1766913288,SOLUSD,0,0,58.4,124.49,0.0,0.0,0.0,0,,624416735,624416735
1766955241,SOLUSD,1,1,58.4,123.01,-864.32,0.0,0.0,0,[sl 123.01],624416735,624643195
1766955718,SOLUSD,1,0,62.5,123.06,0.0,0.0,0.0,0,,624646157,624646157
1766955910,SOLUSD,1,1,73.1,122.83,-1089.19,0.0,0.0,0,[sl 122.83],624410806,624647570
1766956232,SOLUSD,0,1,62.5,123.85,-493.75,0.0,0.0,0,[sl 123.85],624646157,624649218
1766977116,SP500,1,1,118.5,6942.51,118.5,0.0,-525.39,0,[tp 6942.51],622868766,625169420
1766995283,SP500,1,0,90.2,6930.5,0.0,0.0,0.0,0,,625932781,625932781
1766995615,SP500,1,0,90.2,6930.5,0.0,0.0,0.0,0,,625956883,625956883
1766995780,SP500,0,1,90.2,6931.5,-90.2,0.0,0.0,0,[sl 6931.50],625956883,625963578
1766995884,SOLUSD,0,0,40.72,128.07,0.0,0.0,0.0,0,,625968686,625968686
1766996216,SOLUSD,0,0,40.26,128.23,0.0,0.0,0.0,0,,625986063,625986063
1767002487,SP500,1,1,85.2,6924.53,-880.12,0.0,-377.75,0,[sl 6924.53],623697083,626469596
1767006195,SP500,0,1,90.2,6922.16,752.27,0.0,0.0,0,[sl 6922.16],625932781,626734211
1767008216,SOLUSD,1,1,40.72,126.6,-598.58,0.0,0.0,0,[sl 126.60],625968686,626828610
1767008570,SOLUSD,1,1,40.26,125.82,-970.27,0.0,0.0,0,[sl 125.82],625986063,626849549
1767015418,SP500,1,0,91.1,6922.25,0.0,0.0,0.0,0,,627158391,627158391
1767017059,SP500,1,0,90.8,6923.5,0.0,0.0,0.0,0,,627294439,627294439
1767017274,NAS100,1,0,16.4,25580.05,0.0,0.0,0.0,0,,627312587,627312587
1767017405,SP500,1,0,89.3,6923.5,0.0,0.0,0.0,0,,627321737,627321737
1767017584,XAUUSD,1,0,0.27,4452.53,0.0,0.0,0.0,0,,627329355,627329355
1767017595,NAS100,1,0,16.4,25580.05,0.0,0.0,0.0,0,,627330619,627330619
1767017992,SP500,1,0,89.1,6923.0,0.0,0.0,0.0,0,,627347945,627347945
1767018336,SP500,1,0,88.7,6923.62,0.0,0.0,0.0,0,,627360027,627360027
1767018591,SOLUSD,1,0,33.49,123.48,0.0,0.0,0.0,0,,627371226,627371226
1767018835,AUDUSD,0,0,1.69,0.66852,0.0,0.0,0.0,0,,627381158,627381158
1767018882,NAS100,1,0,16.3,25582.8,0.0,0.0,0.0,0,,627382974,627382974
1767018945,SOLUSD,1,0,33.67,123.6,0.0,0.0,0.0,0,,627384545,627384545
1767020087,SP500,0,1,90.8,6919.8,335.96,0.0,0.0,0,[sl 6919.80],627294439,627432762
1767023371,SP500,0,1,88.7,6907.93,1391.7,0.0,0.0,0,[tp 6907.93],627360027,627705536
1767023391,SP500,0,1,89.3,6907.44,1434.16,0.0,0.0,0,[tp 6907.44],627321737,627707395
1767023391,SP500,0,1,89.1,6907.31,1397.98,0.0,0.0,0,[tp 6907.31],627347945,627707396
1767023401,SP500,0,1,91.1,6906.73,1413.87,0.0,0.0,0,[tp 6906.73],627158391,627708895
1767023406,NAS100,0,1,16.3,25494.56,1438.31,0.0,0.0,0,[tp 25494.56],627382974,627709707
1767023407,NAS100,0,1,16.4,25492.34,1438.44,0.0,0.0,0,[tp 25492.34],627330619,627709934
1767023409,NAS100,0,1,16.4,25492.09,1442.54,0.0,0.0,0,[tp 25492.09],627312587,627710323
1767024413,XAUUSD,0,1,0.27,4389.52,1701.27,0.0,0.0,0,[tp 4389.52],627329355,627840327
1767027167,AUDUSD,1,1,1.69,0.66961,184.21,0.0,0.0,0,[sl 0.66961],627381158,628163171
1767118744,SOLUSD,0,1,33.49,125.75,-760.23,0.0,4.61,0,[sl 125.75],627371226,632367985
1767118745,SOLUSD,0,1,33.67,125.9,-774.41,0.0,4.63,0,[sl 125.90],627384545,632368271
1767121288,AUDUSD,0,0,2.04,0.67034,0.0,0.0,0.0,0,,632486458,632486458
1767121395,SOLUSD,0,0,63.77,125.93,0.0,0.0,0.0,0,,632490325,632490325
1767122498,XAUUSD,1,0,0.38,4369.71,0.0,0.0,0.0,0,,632536841,632536841
1767122997,SOLUSD,0,0,52.06,125.78,0.0,0.0,0.0,0,,632557403,632557403
1767124043,SOLUSD,1,1,63.77,124.17,-1122.35,0.0,0.0,0,[sl 124.17],632490325,632603870
1767124218,BTCUSD,0,0,1.05,88323.79,0.0,0.0,0.0,0,,632610188,632610188
1767128735,SOLUSD,1,1,52.06,123.92,-968.32,0.0,0.0,0,[sl 123.92],632557403,632773770
1767128926,NAS100,0,0,14.3,25549.4,0.0,0.0,0.0,0,,632778685,632778685
1767130338,SP500,0,0,72.4,6913.08,0.0,0.0,0.0,0,,632811880,632811880
1767133683,SP500,1,0,70.6,6909.47,0.0,0.0,0.0,0,,632953329,632953329
1767133728,XAUUSD,0,1,0.38,4352.87,639.92,0.0,0.0,0,[sl 4352.87],632536841,632954253
1767133818,NAS100,1,1,14.3,25525.85,-336.77,0.0,0.0,0,close_before_mar,632778685,632957372
1767134641,NAS100,1,0,13.8,25528.6,0.0,0.0,0.0,0,,632978417,632978417
1767134658,NAS100,0,1,13.8,25528.15,6.21,0.0,0.0,0,close_before_mar,632978417,632979420
1767135294,BTCUSD,1,1,1.05,87888.76,-456.78,0.0,0.0,0,[sl 87888.76],632610188,633001473
1767139313,AUDUSD,1,1,2.04,0.66907,-259.08,0.0,-4.98,0,[sl 0.66907],632486458,633085466
1767145170,SP500,1,1,72.4,6899.31,-996.95,0.0,-106.42,0,[sl 6899.31],632811880,633176816
1767150404,SP500,0,1,70.6,6893.2,1148.66,0.0,20.03,0,[sl 6893.20],632953329,633358338
1767168851,SP500,1,0,88.2,6890.4,0.0,0.0,0.0,0,,634217254,634217254
1767170054,BTCUSD,0,0,4.7,88575.47,0.0,0.0,0.0,0,,634293172,634293172
1767171819,XAUUSD,1,0,0.29,4329.05,0.0,0.0,0.0,0,,634374546,634374546
1767172052,SP500,1,0,97.4,6889.14,0.0,0.0,0.0,0,,634381676,634381676
1767173848,SP500,1,0,92.6,6891.39,0.0,0.0,0.0,0,,634448819,634448819
1767174053,EURUSD,0,0,2.2,1.17362,0.0,0.0,0.0,0,,634455404,634455404
1767174288,SP500,1,0,92.8,6891.14,0.0,0.0,0.0,0,,634461435,634461435
1767177618,EURUSD,1,1,2.2,1.1724700000000001,-253.0,0.0,0.0,0,[sl 1.17247],634455404,634586499
1767179351,SP500,1,0,95.1,6886.02,0.0,0.0,0.0,0,,634677088,634677088
1767180973,AUDUSD,1,0,2.24,0.6684,0.0,0.0,0.0,0,,634741804,634741804
1767181331,SP500,1,0,95.2,6886.27,0.0,0.0,0.0,0,,634757389,634757389
1767181427,AUDUSD,1,0,2.24,0.66843,0.0,0.0,0.0,0,,634762963,634762963
1767183707,BTCUSD,1,1,4.7,88688.62,531.8,0.0,0.0,0,[sl 88688.62],634293172,634855407
1767186161,SP500,1,0,108.3,6887.02,0.0,0.0,0.0,0,,634973460,634973460
1767186398,AUDUSD,0,0,2.23,0.66827,0.0,0.0,0.0,0,,634979708,634979708
1767186770,SP500,1,0,105.2,6887.77,0.0,0.0,0.0,0,,634992922,634992922
1767187233,SP500,1,0,103.6,6888.15,0.0,0.0,0.0,0,,635007933,635007933
1767188313,AUDUSD,1,0,2.15,0.66868,0.0,0.0,0.0,0,,635038514,635038514
1767190246,AUDUSD,1,0,2.15,0.66871,0.0,0.0,0.0,0,,635110412,635110412
1767190949,SP500,0,1,108.3,6895.22,-888.06,0.0,0.0,0,[sl 6895.22],634973460,635132776
1767191465,SP500,0,1,95.1,6896.1,-958.61,0.0,0.0,0,[sl 6896.10],634677088,635153135
1767191468,SP500,0,1,95.2,6896.35,-959.62,0.0,0.0,0,[sl 6896.35],634757389,635153186
1767191498,SP500,0,1,105.2,6896.63,-932.07,0.0,0.0,0,[sl 6896.63],634992922,635154702
1767191508,SP500,0,1,103.6,6896.77,-893.03,0.0,0.0,0,[sl 6896.77],635007933,635155215
1767192335,BTCUSD,0,0,1.74,88867.35,0.0,0.0,0.0,0,,635187632,635187632
1767192355,AUDUSD,1,0,2.03,0.66843,0.0,0.0,0.0,0,,635187923,635187923
1767192694,AUDUSD,1,0,2.01,0.66858,0.0,0.0,0.0,0,,635198555,635198555
1767194560,SP500,0,1,97.4,6898.58,-919.46,0.0,0.0,0,[sl 6898.58],634381676,635273380
1767195589,SP500,0,1,88.2,6901.13,-946.39,0.0,0.0,0,[sl 6901.13],634217254,635319905
1767195627,SP500,0,1,92.6,6901.32,-919.52,0.0,0.0,0,[sl 6901.32],634448819,635322583
1767195627,SP500,0,1,92.8,6901.32,-944.7,0.0,0.0,0,[sl 6901.32],634461435,635322584
1767195912,AUDUSD,1,0,1.9300000000000002,0.66814,0.0,0.0,0.0,0,,635333585,635333585
1767196523,AUDUSD,1,0,1.9300000000000002,0.66822,0.0,0.0,0.0,0,,635366209,635366209
1767197667,AUDUSD,1,0,1.8900000000000001,0.66788,0.0,0.0,0.0,0,,635427441,635427441
1767198008,AUDUSD,1,0,1.88,0.66763,0.0,0.0,0.0,0,,635443357,635443357
1767198388,AUDUSD,1,0,1.88,0.66752,0.0,0.0,0.0,0,,635460241,635460241
1767198788,AUDUSD,1,0,1.8399999999999999,0.66768,0.0,0.0,0.0,0,,635486577,635486577
1767199401,AUDUSD,1,0,1.85,0.66752,0.0,0.0,0.0,0,,635525749,635525749
1767199522,BTCUSD,1,1,1.74,88532.3,-582.99,0.0,0.0,0,[sl 88532.30],635187632,635532454
1767200447,AUDUSD,1,1,2.23,0.66715,-249.76,0.0,0.0,0,[sl 0.66715],634979708,635589811
1767200597,AUDUSD,0,1,2.15,0.66699,369.8,0.0,0.0,0,[tp 0.66699],635110412,635599188
1767200597,AUDUSD,0,1,2.15,0.66695,371.95,0.0,0.0,0,[tp 0.66695],635038514,635599207
1767200771,AUDUSD,0,1,2.24,0.66688,340.48,0.0,0.0,0,[tp 0.66688],634741804,635607871
1767200771,AUDUSD,0,1,2.24,0.6669,342.72,0.0,0.0,0,[tp 0.66690],634762963,635607873
1767200771,AUDUSD,0,1,2.01,0.66687,343.71,0.0,0.0,0,[tp 0.66687],635198555,635607875
1767200980,AUDUSD,0,1,2.03,0.66667,357.28,0.0,0.0,0,[tp 0.66667],635187923,635618032
1767201389,AUDUSD,0,1,1.9300000000000002,0.6665,331.96,0.0,0.0,0,[tp 0.66650],635366209,635644441
1767201417,AUDUSD,0,1,1.9300000000000002,0.66641,333.89,0.0,0.0,0,[tp 0.66641],635333585,635645358
1767202343,AUDUSD,0,1,1.8900000000000001,0.66693,179.55,0.0,0.0,0,[sl 0.66693],635427441,635692296
1767202343,AUDUSD,0,1,1.88,0.66693,131.6,0.0,0.0,0,[sl 0.66693],635443357,635692297
1767202343,AUDUSD,0,1,1.8399999999999999,0.66693,138.0,0.0,0.0,0,[sl 0.66693],635486577,635692298
1767203189,AUDUSD,0,0,1.8599999999999999,0.66659,0.0,0.0,0.0,0,,635735963,635735963
1767203526,AUDUSD,0,1,1.88,0.66661,171.08,0.0,0.0,0,[sl 0.66661],635460241,635751766
1767203526,AUDUSD,0,1,1.85,0.66661,168.35,0.0,0.0,0,[sl 0.66661],635525749,635751768
1767205124,NAS100,1,0,13.3,25389.87,0.0,0.0,0.0,0,,635834657,635834657
1767205977,NAS100,1,0,12.8,25401.37,0.0,0.0,0.0,0,,635868699,635868699
1767207330,NAS100,1,0,12.8,25418.62,0.0,0.0,0.0,0,,635928059,635928059
1767207511,NAS100,1,0,12.8,25423.37,0.0,0.0,0.0,0,,635932336,635932336
1767209234,NAS100,1,0,12.4,25413.12,0.0,0.0,0.0,0,,635992324,635992324
1767209584,NAS100,1,0,12.4,25415.87,0.0,0.0,0.0,0,,636005955,636005955
1767209901,NAS100,1,0,12.3,25420.87,0.0,0.0,0.0,0,,636017003,636017003
1767210295,NAS100,1,0,12.3,25416.87,0.0,0.0,0.0,0,,636028754,636028754
1767211878,NAS100,1,0,12.4,25415.12,0.0,0.0,0.0,0,,636084900,636084900
1767215005,NAS100,0,1,13.3,25456.37,-884.45,0.0,0.0,0,[sl 25456.37],635834657,636213545
1767215846,NAS100,1,0,11.6,25433.62,0.0,0.0,0.0,0,,636236254,636236254
1767219711,NAS100,0,1,11.6,25305.69,1483.99,0.0,0.0,0,[tp 25305.69],636236254,636352727
1767220139,NAS100,0,1,12.3,25302.36,1457.67,0.0,0.0,0,[tp 25302.36],636017003,636363312
1767220144,NAS100,0,1,12.8,25298.89,1532.54,0.0,0.0,0,[tp 25298.89],635928059,636363504
1767220144,NAS100,0,1,12.8,25298.89,1593.34,0.0,0.0,0,[tp 25298.89],635932336,636363505
1767220211,NAS100,0,1,12.3,25296.61,1479.2,0.0,0.0,0,[tp 25296.61],636028754,636365093
1767220211,NAS100,0,1,12.4,25296.11,1485.02,0.0,0.0,0,[tp 25296.11],636005955,636365095
1767220218,NAS100,0,1,12.8,25299.67,1301.76,0.0,0.0,0,close_before_mar,635868699,636365181
1767220223,NAS100,0,1,12.4,25297.92,1428.48,0.0,0.0,0,close_before_mar,635992324,636365299
1767220225,NAS100,0,1,12.4,25297.42,1459.48,0.0,0.0,0,close_before_mar,636084900,636365336
1767220458,NAS100,1,0,11.6,25319.37,0.0,0.0,0.0,0,,636374549,636374549
1767220479,NAS100,0,1,11.6,25323.67,-49.88,0.0,0.0,0,close_before_mar,636374549,636374795
1767221071,NAS100,1,0,11.6,25327.87,0.0,0.0,0.0,0,,636395341,636395341
1767221098,NAS100,0,1,11.6,25329.17,-15.08,0.0,0.0,0,close_before_mar,636395341,636395646
1767322295,AUDUSD,1,1,1.8599999999999999,0.66839,334.8,0.0,-18.16,0,[tp 0.66839],635735963,637096217
1767330209,XAUUSD,0,1,0.29,4364.49,-1027.76,0.0,138.57,0,[sl 4364.49],634374546,637293732
1767344626,AUDUSD,0,0,2.35,0.66951,0.0,0.0,0.0,0,,637677220,637677220
1767347780,AUDUSD,0,0,2.31,0.66954,0.0,0.0,0.0,0,,637786115,637786115
1767348102,AUDUSD,0,0,2.36,0.66982,0.0,0.0,0.0,0,,637804629,637804629
1767348744,AUDUSD,0,0,2.33,0.67,0.0,0.0,0.0,0,,637826381,637826381
1767349166,AUDUSD,1,1,2.35,0.67011,141.0,0.0,0.0,0,[sl 0.67011],637677220,637843031
1767349198,AUDUSD,0,0,2.19,0.67022,0.0,0.0,0.0,0,,637843821,637843821
1767350110,AUDUSD,0,0,2.19,0.66986,0.0,0.0,0.0,0,,637876938,637876938
1767350775,AUDUSD,0,0,2.19,0.67014,0.0,0.0,0.0,0,,637898041,637898041
1767351640,AUDUSD,0,0,2.24,0.67029,0.0,0.0,0.0,0,,637938284,637938284
1767352483,AUDUSD,0,0,2.15,0.67054,0.0,0.0,0.0,0,,637964498,637964498
1767357264,AUDUSD,1,1,2.15,0.66929,-268.75,0.0,0.0,0,[sl 0.66929],637964498,638112695
1767359365,BTCUSD,0,0,1.55,89536.04,0.0,0.0,0.0,0,,638189002,638189002
1767359823,AUDUSD,1,1,2.19,0.66902,-262.8,0.0,0.0,0,[sl 0.66902],637843821,638200576
1767359823,AUDUSD,1,1,2.24,0.66901,-286.72,0.0,0.0,0,[sl 0.66901],637938284,638200578
1767361068,AUDUSD,1,1,2.19,0.66889,-273.75,0.0,0.0,0,[sl 0.66889],637898041,638239341
1767361078,AUDUSD,1,1,2.33,0.66883,-272.61,0.0,0.0,0,[sl 0.66883],637826381,638240171
1767365866,NAS100,0,0,17.0,25526.62,0.0,0.0,0.0,0,,638390121,638390121
1767369477,AUDUSD,1,1,2.19,0.66866,-262.8,0.0,0.0,0,[sl 0.66866],637876938,638612514
1767369477,AUDUSD,1,1,2.36,0.66864,-278.48,0.0,0.0,0,[sl 0.66864],637804629,638612621
1767370401,BTCUSD,1,1,1.55,89160.76,-581.68,0.0,0.0,0,[sl 89160.76],638189002,638660495
1767372037,NAS100,1,1,17.0,25473.13,-909.33,0.0,0.0,0,[sl 25473.13],638390121,638785834
1767377408,AUDUSD,1,1,2.31,0.66835,-274.89,0.0,0.0,0,[sl 0.66835],637786115,639207600
1767799809,NAS100,0,0,24.4,25617.15,0.0,0.0,0.0,0,,650012014,650012014
1767799810,NAS100,1,1,24.4,25617.65,12.2,0.0,0.0,0,[tp 25617.65],650012014,650012108
1767800137,NAS100,0,0,23.5,25613.15,0.0,0.0,0.0,0,,650035239,650035239
1767800245,NAS100,1,1,23.5,25613.65,11.75,0.0,0.0,0,[tp 25613.65],650035239,650041584
1767800485,NAS100,0,0,23.5,25628.4,0.0,0.0,0.0,0,,650060077,650060077
1767800498,NAS100,1,1,23.5,25628.9,11.75,0.0,0.0,0,[tp 25628.90],650060077,650061029
1767801866,XAUUSD,0,0,0.44,4453.94,0.0,0.0,0.0,0,,650152134,650152134
1767810124,XAUUSD,1,1,0.44,4454.42,21.12,0.0,0.0,0,[tp 4454.42],650152134,650750844
1767810529,XAUUSD,0,0,0.43,4457.42,0.0,0.0,0.0,0,,650784590,650784590
1767854701,XAUUSD,1,1,0.43,4432.03,-1091.77,0.0,-86.42,0,[sl 4432.03],650784590,652086094
1767882335,NAS100,0,0,14.0,25619.75,0.0,0.0,0.0,0,,653285804,653285804
1767882363,NAS100,1,1,14.0,25620.25,7.0,0.0,0.0,0,[tp 25620.25],653285804,653287211
1767882701,NAS100,0,0,13.9,25613.5,0.0,0.0,0.0,0,,653304370,653304370
1767883889,NAS100,0,0,13.9,25617.5,0.0,0.0,0.0,0,,653366625,653366625
1767883904,NAS100,1,1,13.9,25618.0,6.95,0.0,0.0,0,[tp 25618.00],653366625,653367411
1767890063,NAS100,1,1,13.9,25546.21,-935.33,0.0,0.0,0,[sl 25546.21],653304370,653756239
1767967298,XAUUSD,0,0,2.04,4477.73,0.0,0.0,0.0,0,,656365615,656365615
1767967309,NAS100,0,0,137.1,25589.25,0.0,0.0,0.0,0,,656366092,656366092
1767967571,NAS100,1,1,137.1,25596.06,933.65,0.0,0.0,0,[tp 25596.06],656366092,656375811
1767967776,NAS100,0,0,17.9,25592.25,0.0,0.0,0.0,0,,656383479,656383479
1767968256,NAS100,0,0,17.4,25580.0,0.0,0.0,0.0,0,,656408058,656408058
1767968836,XAUUSD,1,1,2.04,4467.13,-2162.4,0.0,0.0,0,[sl 4467.13],656365615,656431217
1767975108,NAS100,1,1,17.9,25629.72,670.71,0.0,0.0,0,[sl 25629.72],656383479,656898516
1767975108,NAS100,1,1,17.4,25629.72,865.13,0.0,0.0,0,[sl 25629.72],656408058,656898519
1768210971,XAUUSD,0,0,0.36,4581.11,0.0,0.0,0.0,0,,660720986,660720986
1768228595,NAS100,0,0,32.5,25597.2,0.0,0.0,0.0,0,,661494680,661494680
1768229441,NAS100,0,0,37.5,25610.45,0.0,0.0,0.0,0,,661525873,661525873
1768233761,XAUUSD,1,1,0.36,4609.27,1013.76,0.0,0.0,0,[sl 4609.27],660720986,661823681
1768234485,XAUUSD,0,0,0.45,4594.33,0.0,0.0,0.0,0,,661898621,661898621
1768234654,NAS100,1,0,13.7,25586.15,0.0,0.0,0.0,0,,661914291,661914291
1768235465,NAS100,0,1,13.7,25655.03,-943.66,0.0,0.0,0,[sl 25655.03],661914291,661998565
1768235467,NAS100,1,1,37.5,25656.97,1744.5,0.0,0.0,0,[tp 25656.97],661525873,661998913
1768235471,NAS100,1,1,32.5,25661.94,2104.05,0.0,0.0,0,[tp 25661.94],661494680,662000211
1768241764,XAUUSD,1,1,0.45,4629.8,1596.15,0.0,0.0,0,[tp 4629.80],661898621,662477161
1768242597,LTCUSD,1,0,100.0,77.11,0.0,0.0,0.0,0,,662526044,662526044
1768255829,LTCUSD,0,1,100.0,77.05,600.0,0.0,0.0,0,closePosition,662526044,663069334
1768296752,XAUUSD,0,0,0.54,4586.18,0.0,0.0,0.0,0,,664294804,664294804
1768299508,LTCUSD,1,0,100.0,76.04,0.0,0.0,0.0,0,,664394654,664394654
1768319772,XAUUSD,1,1,0.54,4610.28,1301.4,0.0,0.0,0,[sl 4610.28],664294804,665267806
1768411541,LTCUSD,0,1,100.0,81.35,-53100.0,0.0,86.37,0,[sl 81.35],664394654,669717860
1768411602,NAS100,1,0,4.8,25520.36,0.0,0.0,0.0,0,,669722842,669722842
1768411958,NAS100,1,0,4.9,25444.36,0.0,0.0,0.0,0,,669755439,669755439
1768412396,NAS100,1,0,4.8,25474.36,0.0,0.0,0.0,0,,669797636,669797636
1768412625,NAS100,0,1,4.9,25427.18,84.18,0.0,0.0,0,[tp 25427.18],669755439,669814599
1768412625,NAS100,0,1,4.8,25427.67,224.11,0.0,0.0,0,[tp 25427.67],669797636,669814601
1768412934,NAS100,0,1,4.8,25343.9,847.01,0.0,0.0,0,[tp 25343.90],669722842,669842328
1768413412,SP500,1,0,44.7,6900.67,0.0,0.0,0.0,0,,669876905,669876905
1768414340,SP500,1,0,58.1,6901.42,0.0,0.0,0.0,0,,669931535,669931535
1768414782,SP500,1,0,57.8,6904.92,0.0,0.0,0.0,0,,669960185,669960185
1768416300,SP500,0,1,57.8,6903.92,57.8,0.0,0.0,0,[tp 6903.92],669960185,670064286
1768416377,SP500,0,1,58.1,6900.42,58.1,0.0,0.0,0,[tp 6900.42],669931535,670069856
1768428494,SP500,0,1,44.7,6925.84,-1125.1,0.0,0.0,0,[sl 6925.84],669876905,670820169
1768466345,SP500,0,0,22.2,6939.25,0.0,0.0,0.0,0,,672257791,672257791
1768466700,SP500,0,0,169.8,6944.5,0.0,0.0,0.0,0,,672272750,672272750
1768467626,XAUUSD,0,0,0.22,4609.7,0.0,0.0,0.0,0,,672316523,672316523
1768468122,SP500,0,0,25.3,6940.25,0.0,0.0,0.0,0,,672334389,672334389
1768471612,BNBUSD,0,0,24.86,941.09,0.0,0.0,0.0,0,,672473953,672473953
1768471911,SP500,1,1,169.8,6945.5,169.8,0.0,0.0,0,[tp 6945.50],672272750,672488377
1768477302,BNBUSD,1,1,24.86,941.59,124.3,0.0,0.0,0,[tp 941.59],672473953,672692730
1768478330,BNBUSD,0,0,25.42,942.71,0.0,0.0,0.0,0,,672739410,672739410
1768478732,SP500,1,1,25.3,6954.34,356.48,0.0,0.0,0,[sl 6954.34],672334389,672755320
1768486072,NAS100,0,0,6.4,25695.11,0.0,0.0,0.0,0,,673039994,673039994
1768491545,NAS100,0,0,32.4,25739.56,0.0,0.0,0.0,0,,673373000,673373000
1768491633,NAS100,1,1,32.4,25745.06,178.2,0.0,0.0,0,[tp 25745.06],673373000,673381025
1768492055,XAUUSD,1,1,0.22,4583.91,-567.38,0.0,0.0,0,[sl 4583.91],672316523,673427087
1768492128,BNBUSD,1,1,25.42,943.21,127.1,0.0,0.0,0,[tp 943.21],672739410,673441265
1768492933,LTCUSD,1,0,100.0,75.26,0.0,0.0,0.0,0,,673511276,673511276
1768494394,SP500,1,1,22.2,6976.46,826.06,0.0,0.0,0,[tp 6976.46],672257791,673621201
1768494623,NAS100,1,1,6.4,25762.94,434.11,0.0,0.0,0,[sl 25762.94],673039994,673638794
1768495367,NAS100,0,0,40.5,25741.31,0.0,0.0,0.0,0,,673716259,673716259
1768495367,NAS100,1,1,40.5,25742.06,30.38,0.0,0.0,0,[tp 25742.06],673716259,673716275
1768499220,LTCUSD,0,1,100.0,73.47,17900.0,0.0,0.0,0,[tp 73.47],673511276,674009403
1768550723,SP500,0,0,22.7,6968.31,0.0,0.0,0.0,0,,675634638,675634638
1768551207,SP500,0,0,22.7,6969.05,0.0,0.0,0.0,0,,675653025,675653025
1768551667,SP500,0,0,52.8,6969.31,0.0,0.0,0.0,0,,675672660,675672660
1768554054,BNBUSD,0,0,40.7,937.3,0.0,0.0,0.0,0,,675784372,675784372
1768554751,XAUUSD,0,0,0.43,4608.98,0.0,0.0,0.0,0,,675823953,675823953
1768554845,XAUUSD,1,1,0.43,4609.48,21.5,0.0,0.0,0,[tp 4609.48],675823953,675828832
1768555052,XAUUSD,0,0,0.43,4608.5,0.0,0.0,0.0,0,,675840695,675840695
1768555066,XAUUSD,1,1,0.43,4609.0,21.5,0.0,0.0,0,[tp 4609.00],675840695,675841080
1768575347,SP500,1,1,52.8,6955.93,-706.46,0.0,0.0,0,[sl 6955.93],675672660,676792010
1768613345,BNBUSD,1,1,40.7,937.8,203.5,0.0,-327.26,0,[tp 937.80],675784372,678841179
1768675436,BNBUSD,0,0,42.93,953.16,0.0,0.0,0.0,0,,679103151,679103151
1768787803,BNBUSD,1,1,42.93,930.67,-9654.96,0.0,0.0,0,[sl 930.67],679103151,679883980
1768806388,SP500,1,1,22.7,6883.03,-1935.86,0.0,-97.76,0,[sl 6883.03],675634638,680612311
1768806388,SP500,1,1,22.7,6883.03,-1952.65,0.0,-97.76,0,[sl 6883.03],675653025,680612313
1768813352,XAUUSD,0,0,2.11,4676.62,0.0,0.0,0.0,0,,680820511,680820511
1768813512,XAUUSD,1,1,2.11,4677.12,105.5,0.0,0.0,0,[tp 4677.12],680820511,680825267
1768816028,AUDUSD,1,0,0.96,0.66891,0.0,0.0,0.0,0,,680914608,680914608
1768816358,AUDUSD,1,0,0.96,0.66899,0.0,0.0,0.0,0,,680923616,680923616
1768816427,XAUUSD,0,0,0.21,4664.9,0.0,0.0,0.0,0,,680926167,680926167
1768826473,AUDUSD,0,1,0.96,0.6703,-133.44,0.0,0.0,0,[sl 0.67030],680914608,681269385
1768826478,AUDUSD,0,1,0.96,0.67034,-129.6,0.0,0.0,0,[sl 0.67034],680923616,681269656
1768832296,NAS100,1,0,5.1,25167.2,0.0,0.0,0.0,0,,681485630,681485630
1768832698,NAS100,1,0,5.1,25168.95,0.0,0.0,0.0,0,,681501787,681501787
1768833265,NAS100,1,0,5.1,25168.2,0.0,0.0,0.0,0,,681524155,681524155
1768850502,NAS100,0,1,5.1,25272.78,-538.46,0.0,0.0,0,[sl 25272.78],681485630,682203334
1768850695,NAS100,0,1,5.1,25276.15,-550.55,0.0,0.0,0,[sl 25276.15],681524155,682206039
1768850697,NAS100,0,1,5.1,25278.49,-558.65,0.0,0.0,0,[sl 25278.49],681501787,682206106
1768852171,LTCUSD,1,0,59.27,70.93,0.0,0.0,0.0,0,,682249696,682249696
1768895948,XAUUSD,1,1,0.21,4715.81,1069.11,0.0,-14.77,0,[tp 4715.81],680926167,683233961
1768897075,LTCUSD,0,1,59.27,70.43,2963.5,0.0,47.21,0,[tp 70.43],682249696,683284371
1768900225,BNBUSD,1,0,21.41,916.39,0.0,0.0,0.0,0,,683392021,683392021
1768904427,AUDUSD,0,0,1.26,0.67419,0.0,0.0,0.0,0,,683555109,683555109
1768904838,AUDUSD,0,0,1.21,0.67419,0.0,0.0,0.0,0,,683575473,683575473
1768904901,XAUUSD,0,0,0.38,4721.18,0.0,0.0,0.0,0,,683576769,683576769
1768907325,AUDUSD,1,1,1.26,0.67304,-144.9,0.0,0.0,0,[sl 0.67304],683555109,683696065
1768907347,AUDUSD,1,1,1.21,0.67293,-152.46,0.0,0.0,0,[sl 0.67293],683575473,683697108
1768925139,XAUUSD,1,1,0.38,4738.42,655.12,0.0,0.0,0,[sl 4738.42],683576769,684455431
1768927429,LTCUSD,1,0,64.75,69.21,0.0,0.0,0.0,0,,684699495,684699495
1768929153,BNBUSD,0,1,21.41,903.4,2781.16,0.0,0.0,0,[sl 903.40],683392021,684904201
1768931873,XAUUSD,0,0,0.3,4733.72,0.0,0.0,0.0,0,,685169348,685169348
1768933444,BNBUSD,1,0,28.56,904.89,0.0,0.0,0.0,0,,685287913,685287913
1768933986,BNBUSD,0,1,28.56,904.39,142.8,0.0,0.0,0,[tp 904.39],685287913,685329478
1768934597,LTCUSD,0,1,64.75,69.02,1230.25,0.0,0.0,0,closePosition,684699495,685365853
1768947505,XAUUSD,1,1,0.3,4752.13,552.3,0.0,0.0,0,[sl 4752.13],685169348,686007422
1768986454,XAUUSD,0,0,0.22,4843.76,0.0,0.0,0.0,0,,687510431,687510431
1768987349,AUDUSD,0,0,1.35,0.67533,0.0,0.0,0.0,0,,687565697,687565697
1768987869,AUDUSD,0,0,1.35,0.67531,0.0,0.0,0.0,0,,687597184,687597184
1768995340,LTCUSD,1,0,70.96,68.02,0.0,0.0,0.0,0,,688002377,688002377
1769003177,XAUUSD,1,1,0.22,4858.85,331.98,0.0,0.0,0,[sl 4858.85],687510431,688400595
1769004836,BNBUSD,1,0,25.96,864.51,0.0,0.0,0.0,0,,688500785,688500785
1769008182,AUDUSD,1,1,1.35,0.67698,222.75,0.0,0.0,0,[tp 0.67698],687565697,688706184
1769373877,BNBUSD,0,1,25.96,864.01,129.8,0.0,-597.26,0,[tp 864.01],688500785,702740180
1769418238,XAUUSD,0,0,0.2,5081.72,0.0,0.0,0.0,0,,705432349,705432349
1769420152,AUDUSD,0,0,0.94,0.69163,0.0,0.0,0.0,0,,705535092,705535092
1769421942,AUDUSD,0,0,0.97,0.69154,0.0,0.0,0.0,0,,705627973,705627973
1769447815,AUDUSD,1,1,0.94,0.6933,156.98,0.0,0.0,0,[sl 0.69330],705535092,707456079
1769447815,AUDUSD,1,1,0.97,0.6933,170.72,0.0,0.0,0,[sl 0.69330],705627973,707456080
1769461404,XAUUSD,1,1,0.2,5039.12,-852.0,0.0,0.0,0,[sl 5039.12],705432349,708705920
1769508042,XAUUSD,0,0,0.14,5087.07,0.0,0.0,0.0,0,,711565301,711565301
1769508970,AUDUSD,1,0,1.21,0.69097,0.0,0.0,0.0,0,,711618843,711618843
1769514736,AUDUSD,0,1,1.21,0.6923,-160.93,0.0,0.0,0,[sl 0.69230],711618843,711919175
1769554434,XAUUSD,1,1,0.14,5175.05,1231.72,0.0,0.0,0,[tp 5175.05],711565301,715036594
1769593532,BNBUSD,0,0,52.93,904.66,0.0,0.0,0.0,0,,717319946,717319946
1769594930,AUDUSD,0,0,0.77,0.70029,0.0,0.0,0.0,0,,717422388,717422388
1769595631,AUDUSD,0,0,0.74,0.70081,0.0,0.0,0.0,0,,717465475,717465475
1769595878,XAUUSD,0,0,0.18,5292.2,0.0,0.0,0.0,0,,717477122,717477122
1769605498,XAUUSD,1,1,0.18,5247.96,-796.32,0.0,0.0,0,[sl 5247.96],717477122,718216866
1769620104,AUDUSD,1,1,0.74,0.69809,-201.28,0.0,0.0,0,[sl 0.69809],717465475,719528167
1769620686,AUDUSD,1,1,0.77,0.69766,-202.51,0.0,0.0,0,[sl 0.69766],717422388,719668840
1769662184,BNBUSD,1,1,52.93,893.06,-6139.88,0.0,-411.53,0,[sl 893.06],717319946,723833242
1769680953,AUDUSD,0,0,0.57,0.7071,0.0,0.0,0.0,0,,725735954,725735954
1769681338,AUDUSD,0,0,0.56,0.70724,0.0,0.0,0.0,0,,725798101,725798101
1769682116,XAUUSD,0,0,0.07,5538.16,0.0,0.0,0.0,0,,725882678,725882678
1769690184,AUDUSD,1,1,0.56,0.7042,-170.24,0.0,0.0,0,[sl 0.70420],725798101,726621293
1769690192,AUDUSD,1,1,0.57,0.70414,-168.72,0.0,0.0,0,[sl 0.70414],725735954,726622467
1769706242,XAUUSD,1,1,0.07,5446.12,-644.28,0.0,0.0,0,[sl 5446.12],725882678,728288270
1769764551,BNBUSD,1,0,17.53,845.34,0.0,0.0,0.0,0,,735345595,735345595
1769765508,BNBUSD,0,1,17.53,844.84,87.65,0.0,0.0,0,[tp 844.84],735345595,735434076
1769766072,BNBUSD,1,0,17.56,843.39,0.0,0.0,0.0,0,,735524843,735524843
1769769288,BNBUSD,0,1,17.56,842.89,87.8,0.0,0.0,0,[tp 842.89],735524843,735934539
1769770092,XAUUSD,1,0,0.05,5115.75,0.0,0.0,0.0,0,,736070754,736070754
1769774242,XAUUSD,0,1,0.05,5012.95,514.0,0.0,0.0,0,[sl 5012.95],736070754,736764133
1769793814,SP500,0,0,42.2,6953.37,0.0,0.0,0.0,0,,739230973,739230973
1769797277,SP500,1,1,42.2,6929.82,-993.81,0.0,0.0,0,[sl 6929.82],739230973,739696308
1769936457,BNBUSD,1,0,17.09,775.98,0.0,0.0,0.0,0,,743412751,743412751
1769937550,BNBUSD,0,1,17.09,775.48,85.45,0.0,0.0,0,[tp 775.48],743412751,743426646
1769938742,BNBUSD,1,0,16.12,776.12,0.0,0.0,0.0,0,,743437269,743437269
1769949461,BNBUSD,0,1,16.12,775.63,78.98,0.0,0.0,0,[tp 775.63],743437269,743559374
1770023124,BNBUSD,1,0,10.07,746.64,0.0,0.0,0.0,0,,748594639,748594639
1770026530,SP500,1,0,46.6,6877.45,0.0,0.0,0.0,0,,749086422,749086422
1770026532,SP500,0,1,46.6,6878.58,-52.66,0.0,0.0,0,[sl 6878.58],749086422,749088307
1770026648,XAUUSD,1,0,0.03,4578.79,0.0,0.0,0.0,0,,749106194,749106194
1770039622,XAUUSD,0,1,0.03,4777.19,-595.2,0.0,0.0,0,[sl 4777.19],749106194,750877685
1770149364,XAUUSD,0,0,0.09,4941.22,0.0,0.0,0.0,0,,762760106,762760106
1770149799,SP500,1,0,39.5,6895.96,0.0,0.0,0.0,0,,762798041,762798041
1770149978,BNBUSD,0,1,10.07,746.14,50.35,0.0,-60.7,0,[tp 746.14],748594639,762813724
1770150460,NAS100,1,0,25.5,25227.47,0.0,0.0,0.0,0,,762869715,762869715
1770150577,NAS100,0,1,25.5,25221.32,156.83,0.0,0.0,0,[tp 25221.32],762869715,762886840
1770151408,SP500,0,1,39.5,6884.07,469.66,0.0,0.0,0,closePosition,762798041,762987487
1770177731,XAUUSD,1,1,0.09,5059.26,1062.36,0.0,-7.48,0,[tp 5059.26],762760106,764792290
1770200005,XAUUSD,0,0,0.08,5084.01,0.0,0.0,0.0,0,,766445054,766445054
1770200680,SP500,1,0,5.0,6928.91,0.0,0.0,0.0,0,,766492888,766492888
1770206554,BNBUSD,1,0,0.02,754.35,0.0,0.0,0.0,0,,767002514,767002514
1770210200,BNBUSD,0,1,0.02,753.85,0.1,0.0,0.0,0,[tp 753.85],767002514,767269346
1770210498,BNBUSD,1,0,0.02,747.09,0.0,0.0,0.0,0,,767288399,767288399
1770211053,XAUUSD,1,1,0.08,5017.84,-529.36,0.0,0.0,0,[sl 5017.84],766445054,767341871
1770215322,XAUUSD,0,0,0.08,5049.98,0.0,0.0,0.0,0,,767664630,767664630
1770215371,NAS100,1,0,10.0,25343.67,0.0,0.0,0.0,0,,767667721,767667721
1770219295,NAS100,0,1,10.0,25327.3,163.7,0.0,0.0,0,[sl 25327.30],767667721,768074311
1770219699,BNBUSD,0,1,0.02,746.59,0.1,0.0,0.0,0,[tp 746.59],767288399,768116556
1770222770,XAUUSD,1,1,0.08,5007.53,-339.6,0.0,0.0,0,[sl 5007.53],767664630,768511420
1770224534,SP500,0,1,5.0,6891.95,184.8,0.0,0.0,0,[tp 6891.95],766492888,768924259
1770288388,XAUUSD,1,0,0.07,4919.85,0.0,0.0,0.0,0,,775790482,775790482
1770291947,XAUUSD,0,1,0.07,4893.14,186.97,0.0,0.0,0,[sl 4893.14],775790482,776236652
1770299071,BNBUSD,1,0,2.0,685.64,0.0,0.0,0.0,0,,776966685,776966685
1770299234,BNBUSD,0,1,2.0,685.14,10.0,0.0,0.0,0,[tp 685.14],776966685,776987741
1770300083,BNBUSD,1,0,2.0,682.82,0.0,0.0,0.0,0,,777075437,777075437
1770300833,XAUUSD,1,0,0.08,4836.21,0.0,0.0,0.0,0,,777186834,777186834
1770300944,BNBUSD,0,1,2.0,682.32,10.0,0.0,0.0,0,[tp 682.32],777075437,777202777
1770301077,NAS100,1,0,4.2,24934.12,0.0,0.0,0.0,0,,777224852,777224852
1770301080,NAS100,0,1,4.2,24933.62,2.1,0.0,0.0,0,[tp 24933.62],777224852,777225357
1770301435,NAS100,1,0,9.8,24819.87,0.0,0.0,0.0,0,,777282330,777282330
1770301997,NAS100,0,1,9.8,24777.98,410.52,0.0,0.0,0,[tp 24777.98],777282330,777389051
1770303995,XAUUSD,0,1,0.08,4807.44,230.16,0.0,0.0,0,[tp 4807.44],777186834,777752965
1770373567,AUDUSD,0,0,0.71,0.69638,0.0,0.0,0.0,0,,785626224,785626224
1770373618,XAUUSD,0,0,0.08,4866.69,0.0,0.0,0.0,0,,785631058,785631058
1770373869,XAUUSD,1,1,0.08,4874.75,64.48,0.0,0.0,0,[tp 4874.75],785631058,785655657
1770382863,BNBUSD,1,0,2.0,631.09,0.0,0.0,0.0,0,,786406520,786406520
1770386495,AUDUSD,0,0,0.77,0.69854,0.0,0.0,0.0,0,,786694501,786694501
1770386982,XAUUSD,0,0,0.08,4901.85,0.0,0.0,0.0,0,,786741799,786741799
1770387707,XAUUSD,1,1,0.08,4878.73,-184.96,0.0,0.0,0,[sl 4878.73],786741799,786803119
1770392266,AUDUSD,1,1,0.71,0.69869,164.01,0.0,0.0,0,[sl 0.69869],785626224,787312793
1770396929,AUDUSD,1,1,0.77,0.70042,144.76,0.0,0.0,0,[sl 0.70042],786694501,787885044
1770398159,NAS100,1,0,3.3,24695.22,0.0,0.0,0.0,0,,788072420,788072420
1770398160,NAS100,0,1,3.3,24693.97,4.13,0.0,0.0,0,[tp 24693.97],788072420,788072687
1770632546,BNBUSD,0,1,2.0,630.59,10.0,0.0,-12.16,0,[tp 630.59],786406520,795618012
1770643691,LTCUSD,1,0,1.0,52.36,0.0,0.0,0.0,0,,796622929,796622929
1770647074,SP500,0,0,5.0,6925.11,0.0,0.0,0.0,0,,796894058,796894058
1770649597,SP500,1,1,5.0,6934.68,47.85,0.0,0.0,0,[tp 6934.68],796894058,797121207
1770651879,BNBUSD,1,0,2.0,626.97,0.0,0.0,0.0,0,,797387426,797387426
1770655217,LTCUSD,0,1,1.0,54.56,-220.0,0.0,0.0,0,[sl 54.56],796622929,797789588
1770656864,NAS100,0,0,10.0,25132.25,0.0,0.0,0.0,0,,797984600,797984600
1770656865,NAS100,1,1,10.0,25132.75,5.0,0.0,0.0,0,[tp 25132.75],797984600,797984684
1770656922,SP500,0,0,5.0,6942.11,0.0,0.0,0.0,0,,797990610,797990610
1770656961,AUDUSD,0,0,0.75,0.70821,0.0,0.0,0.0,0,,797994916,797994916
1770657572,SP500,1,1,5.0,6950.72,43.05,0.0,0.0,0,[tp 6950.72],797990610,798074191
1770674933,BNBUSD,0,1,2.0,645.4,-368.6,0.0,0.0,0,[sl 645.40],797387426,799457007
1770719579,AUDUSD,0,0,1.12,0.70737,0.0,0.0,0.0,0,,802379508,802379508
1770720803,AUDUSD,0,0,1.12,0.70733,0.0,0.0,0.0,0,,802483563,802483563
1770732279,SP500,0,0,5.0,6978.26,0.0,0.0,0.0,0,,803332393,803332393
1770732300,NAS100,0,0,10.0,25320.95,0.0,0.0,0.0,0,,803334704,803334704
1770733552,NAS100,1,1,10.0,25337.56,166.1,0.0,0.0,0,[tp 25337.56],803334704,803444161
1770734460,SP500,1,1,5.0,6967.93,-51.65,0.0,0.0,0,[sl 6967.93],803332393,803501407
1770741446,AUDUSD,1,1,1.12,0.70822,95.2,0.0,0.0,0,[sl 0.70822],802379508,804293790
1770741446,AUDUSD,1,1,1.12,0.70822,99.68,0.0,0.0,0,[sl 0.70822],802483563,804293791
1770742806,SP500,0,0,5.0,6981.26,0.0,0.0,0.0,0,,804520611,804520611
1770743418,NAS100,0,0,10.0,25367.7,0.0,0.0,0.0,0,,804605665,804605665
1770743436,NAS100,1,1,10.0,25368.2,5.0,0.0,0.0,0,[tp 25368.20],804605665,804607313
1770756720,SP500,1,1,5.0,6953.44,-139.1,0.0,0.0,0,[sl 6953.44],804520611,805850629
1770784362,AUDUSD,1,1,0.75,0.71171,262.5,0.0,-0.96,0,[tp 0.71171],797994916,807096840
1770804354,AUDUSD,0,0,0.85,0.71094,0.0,0.0,0.0,0,,808191793,808191793
1770805828,LTCUSD,1,0,1.0,51.38,0.0,0.0,0.0,0,,808265079,808265079
1770806420,AUDUSD,0,0,0.82,0.71054,0.0,0.0,0.0,0,,808309734,808309734
1770819115,NAS100,0,0,8.7,25194.25,0.0,0.0,0.0,0,,809225290,809225290
1770819721,NAS100,0,0,10.0,25194.5,0.0,0.0,0.0,0,,809278101,809278101
1770823801,NAS100,1,1,10.0,25238.19,436.9,0.0,0.0,0,[tp 25238.19],809278101,809745858
1770823802,AUDUSD,1,1,0.85,0.70896,-168.3,0.0,0.0,0,[sl 0.70896],808191793,809748590
1770823808,AUDUSD,1,1,0.82,0.70849,-168.1,0.0,0.0,0,[sl 0.70849],808309734,809756511
1770824772,NAS100,1,1,8.7,25307.24,983.01,0.0,0.0,0,[tp 25307.24],809225290,810012685
1770825772,LTCUSD,0,1,1.0,53.28,-190.0,0.0,0.0,0,[sl 53.28],808265079,810150290
1770831358,NAS100,1,0,8.2,25081.32,0.0,0.0,0.0,0,,810945618,810945618
1770849040,NAS100,0,1,8.2,25208.0,-1038.78,0.0,0.0,0,close_before_mar,810945618,812311404
1770884337,BTCUSD,1,0,0.49,67135.66,0.0,0.0,0.0,0,,814015047,814015047
1770884368,BTCUSD,0,1,0.49,67135.16,0.24,0.0,0.0,0,[tp 67135.16],814015047,814016787
1770885359,BTCUSD,1,0,0.48,67178.98,0.0,0.0,0.0,0,,814090386,814090386
1770885360,BTCUSD,0,1,0.48,67184.04,-2.43,0.0,0.0,0,[tp 67184.04],814090386,814090640
1770890413,AUDUSD,0,0,0.76,0.71216,0.0,0.0,0.0,0,,814378525,814378525
1770890473,XAUUSD,0,0,0.08,5064.66,0.0,0.0,0.0,0,,814382898,814382898
1770890916,AUDUSD,0,0,0.81,0.71223,0.0,0.0,0.0,0,,814416556,814416556
1770906912,NAS100,0,0,10.0,25303.75,0.0,0.0,0.0,0,,815389911,815389911
1770912245,XAUUSD,1,1,0.08,5071.43,54.16,0.0,0.0,0,[sl 5071.43],814382898,815907156
1770914650,NAS100,1,1,10.0,25250.92,-528.3,0.0,0.0,0,[sl 25250.92],815389911,816208617
1770920143,AUDUSD,1,1,0.81,0.71008,-174.15,0.0,0.0,0,[sl 0.71008],814416556,816968790
1770920177,AUDUSD,1,1,0.76,0.70987,-174.04,0.0,0.0,0,[sl 0.70987],814378525,816982415
1770969759,BTCUSD,1,0,0.5,66218.98,0.0,0.0,0.0,0,,820855234,820855234
1770972709,BTCUSD,0,1,0.5,66218.98,0.0,0.0,0.0,0,[sl 66218.98],820855234,821083917
1770973350,BNBUSD,1,0,2.0,596.1,0.0,0.0,0.0,0,,821145107,821145107
1770984838,BTCUSD,0,0,0.5,66863.22,0.0,0.0,0.0,0,,822103634,822103634
1770997166,BTCUSD,1,1,0.5,67254.02,195.4,0.0,0.0,0,[sl 67254.02],822103634,823242257
1771002211,XAUUSD,0,0,0.08,5000.82,0.0,0.0,0.0,0,,824128326,824128326
1771002484,XAUUSD,1,1,0.08,5007.39,52.56,0.0,0.0,0,[tp 5007.39],824128326,824175274
1771003264,XAUUSD,0,0,0.08,4998.42,0.0,0.0,0.0,0,,824319638,824319638
1771003594,BNBUSD,0,1,2.0,611.23,-302.6,0.0,0.0,0,[sl 611.23],821145107,824368830
1771003673,XAUUSD,1,1,0.08,5007.39,71.76,0.0,0.0,0,[tp 5007.39],824319638,824381463
1771004766,SP500,1,0,5.0,6837.55,0.0,0.0,0.0,0,,824546093,824546093
1771004783,SP500,0,1,5.0,6836.8,3.75,0.0,0.0,0,[tp 6836.80],824546093,824549770
1771057886,BTCUSD,0,0,0.31,68902.95,0.0,0.0,0.0,0,,826300184,826300184
1771067750,BNBUSD,0,0,2.0,627.7,0.0,0.0,0.0,0,,826398389,826398389
1771074629,BNBUSD,1,1,2.0,628.2,10.0,0.0,0.0,0,[tp 628.20],826398389,826454155
1771083320,SOLUSD,0,0,0.44,86.53,0.0,0.0,0.0,0,,826614473,826614473
1771094669,SOLUSD,1,1,0.44,87.7,5.15,0.0,0.0,0,[tp 87.70],826614473,826799592
1771151347,BTCUSD,1,1,0.31,70575.35,518.45,0.0,0.0,0,[sl 70575.35],826300184,827409818
1771152873,BTCUSD,0,0,0.5,70438.15,0.0,0.0,0.0,0,,827440317,827440317
1771169344,BTCUSD,1,1,0.5,69172.14,-633.01,0.0,0.0,0,[sl 69172.14],827440317,827719047
1771169466,BNBUSD,1,0,2.0,618.69,0.0,0.0,0.0,0,,827727886,827727886
1771184703,BNBUSD,0,1,2.0,615.94,55.0,0.0,0.0,0,[tp 615.94],827727886,827974055
1771236204,AUDUSD,0,0,1.06,0.70881,0.0,0.0,0.0,0,,830034066,830034066
1771236263,XAUUSD,0,0,0.2,5011.65,0.0,0.0,0.0,0,,830040677,830040677
1771239185,AUDUSD,0,0,0.99,0.70943,0.0,0.0,0.0,0,,830233868,830233868
1771241854,BTCUSD,0,0,0.5,69017.29,0.0,0.0,0.0,0,,830382092,830382092
1771247517,AUDUSD,1,1,0.99,0.7078,-161.37,0.0,0.0,0,[sl 0.70780],830233868,830730926
1771251716,SP500,0,0,5.0,6863.11,0.0,0.0,0.0,0,,830968295,830968295
1771254101,BTCUSD,1,1,0.5,69852.03,417.37,0.0,0.0,0,[tp 69852.03],830382092,831126949
1771255980,SOLUSD,1,0,1.0,84.76,0.0,0.0,0.0,0,,831275501,831275501
1771258465,SP500,1,1,5.0,6849.94,-65.85,0.0,0.0,0,[sl 6849.94],830968295,831450454
1771260325,AUDUSD,1,1,1.06,0.70737,-152.64,0.0,0.0,0,[sl 0.70737],830034066,831613754
1771263097,SOLUSD,0,1,1.0,83.41,13.5,0.0,0.0,0,[tp 83.41],831275501,831850414
1771296735,XAUUSD,1,1,0.2,4965.25,-928.0,0.0,-19.43,0,[sl 4965.25],830040677,833107102
1771326895,BTCUSD,1,0,0.5,68098.08,0.0,0.0,0.0,0,,835256561,835256561
1771330577,BTCUSD,0,1,0.5,67956.53,70.77,0.0,0.0,0,[tp 67956.53],835256561,835543259
1771331071,BTCUSD,1,0,0.5,67935.12,0.0,0.0,0.0,0,,835567708,835567708
1771334478,BTCUSD,0,1,0.5,67935.12,0.0,0.0,0.0,0,[sl 67935.12],835567708,835847008
1771347633,NAS100,1,0,2.5,24439.0,0.0,0.0,0.0,0,,837432480,837432480
1771347709,SP500,1,0,5.0,6793.8,0.0,0.0,0.0,0,,837453021,837453021
1771348242,AUDUSD,1,0,0.8,0.70398,0.0,0.0,0.0,0,,837539206,837539206
1771348496,USDJPY,0,0,0.7,153.608,0.0,0.0,0.0,0,,837578784,837578784
1771350359,USDJPY,1,1,0.7,153.904,134.63,0.0,0.0,0,[tp 153.904],837578784,837836704
1771352135,AUDUSD,0,1,0.8,0.70595,-157.6,0.0,0.0,0,[sl 0.70595],837539206,838064968
1771360794,SP500,0,1,5.0,6855.85,-310.25,0.0,0.0,0,[sl 6855.85],837453021,838894592
1771360838,NAS100,0,1,2.5,24781.01,-855.03,0.0,0.0,0,[sl 24781.01],837432480,838901240
1771408025,BTCUSD,0,0,0.5,68124.91,0.0,0.0,0.0,0,,841215152,841215152
1771409804,BTCUSD,1,1,0.5,68382.13,128.61,0.0,0.0,0,[tp 68382.13],841215152,841314923
1771423583,NAS100,0,0,10.0,24892.72,0.0,0.0,0.0,0,,842152650,842152650
1771424595,AUDUSD,0,0,1.2,0.70761,0.0,0.0,0.0,0,,842259246,842259246
1771425244,NAS100,1,1,10.0,24809.84,-828.8,0.0,0.0,0,[sl 24809.84],842152650,842320043
1771425530,SP500,1,0,5.0,6867.95,0.0,0.0,0.0,0,,842339678,842339678
1771426566,USDJPY,1,0,1.0,153.636,0.0,0.0,0.0,0,,842420522,842420522
1771426776,XAUUSD,0,0,0.5,4945.22,0.0,0.0,0.0,0,,842451778,842451778
1771427734,XAUUSD,1,1,0.5,4958.76,677.0,0.0,0.0,0,[tp 4958.76],842451778,842568134
1771428599,USDJPY,0,1,1.0,153.821,-120.27,0.0,0.0,0,[sl 153.821],842420522,842640337
1771429395,AUDUSD,1,1,1.2,0.70638,-147.6,0.0,0.0,0,[sl 0.70638],842259246,842741483
1771434255,SP500,0,1,5.0,6895.09,-135.7,0.0,0.0,0,[sl 6895.09],842339678,843342019
1771495448,XAUUSD,0,0,0.29,5008.63,0.0,0.0,0.0,0,,846715280,846715280
1771496863,BTCUSD,1,0,0.5,66890.21,0.0,0.0,0.0,0,,846801653,846801653
1771497066,BTCUSD,0,1,0.5,66889.71,0.25,0.0,0.0,0,[tp 66889.71],846801653,846813261
1771498143,AUDUSD,0,0,0.88,0.70746,0.0,0.0,0.0,0,,846886478,846886478
1771501704,AUDUSD,1,1,0.88,0.70573,-152.24,0.0,0.0,0,[sl 0.70573],846886478,847153465
1771502959,XAUUSD,1,1,0.29,4986.05,-654.82,0.0,0.0,0,[sl 4986.05],846715280,847254512
1771508187,BNBUSD,1,0,2.0,602.74,0.0,0.0,0.0,0,,847612918,847612918
1771508463,BTCUSD,1,0,0.5,66720.45,0.0,0.0,0.0,0,,847627993,847627993
1771509033,BTCUSD,0,1,0.5,66561.44,79.51,0.0,0.0,0,[tp 66561.44],847627993,847658920
1771509762,AUDUSD,1,0,0.77,0.70435,0.0,0.0,0.0,0,,847717544,847717544
1771515598,BNBUSD,0,1,2.0,602.24,10.0,0.0,0.0,0,[tp 602.24],847612918,848288732
1771523225,AUDUSD,0,1,0.77,0.70635,-154.0,0.0,0.0,0,[sl 0.70635],847717544,850235115
1771575230,BTCUSD,0,0,0.5,67885.42,0.0,0.0,0.0,0,,857029424,857029424
1771581826,XAUUSD,0,0,0.26,5015.08,0.0,0.0,0.0,0,,858034226,858034226
1771585352,BTCUSD,1,1,0.5,67986.69,50.64,0.0,0.0,0,[tp 67986.69],857029424,858380395
1771585701,XAUUSD,1,1,0.26,5036.92,567.84,0.0,0.0,0,closePosition,858034226,858426690
1771585947,BTCUSD,0,0,0.5,68139.89,0.0,0.0,0.0,0,,858453115,858453115
1771594637,BTCUSD,1,1,0.5,67700.04,-219.93,0.0,0.0,0,[sl 67700.04],858453115,859066187
1771596101,SP500,1,0,5.0,6854.85,0.0,0.0,0.0,0,,859203714,859203714
1771596121,NAS100,1,0,9.9,24756.27,0.0,0.0,0.0,0,,859205782,859205782
1771596751,USDJPY,0,0,1.0,155.28,0.0,0.0,0.0,0,,859258095,859258095
1771598099,SP500,0,1,5.0,6852.96,9.45,0.0,0.0,0,closePosition,859203714,859373375
1771598101,NAS100,0,1,9.9,24752.07,41.58,0.0,0.0,0,closePosition,859205782,859373891
1771598103,USDJPY,1,1,1.0,155.278,-1.29,0.0,0.0,0,closePosition,859258095,859374016
1771672914,BTCUSD,0,0,0.1,68250.86,0.0,0.0,0.0,0,,862813462,862813462
1771672930,BTCUSD,1,1,0.1,68251.36,0.05,0.0,0.0,0,[tp 68251.36],862813462,862813617
1771673520,BTCUSD,0,0,0.1,68238.96,0.0,0.0,0.0,0,,862818851,862818851
1771674005,BTCUSD,1,1,0.1,68239.46,0.05,0.0,0.0,0,[tp 68239.46],862818851,862823270
1771680666,BNBUSD,0,0,1.0,631.68,0.0,0.0,0.0,0,,862866373,862866373
1771947088,SOLUSD,1,0,5.0,76.22,0.0,0.0,0.0,0,,875293432,875293432
1771949423,BTCUSD,1,0,0.1,62912.22,0.0,0.0,0.0,0,,875687668,875687668
1771949811,BTCUSD,0,1,0.1,62831.47,8.07,0.0,0.0,0,[tp 62831.47],875687668,875767770
1771951279,BNBUSD,1,0,1.0,581.23,0.0,0.0,0.0,0,,876017910,876017910
1771951981,SOLUSD,0,1,5.0,77.63,-70.5,0.0,0.0,0,[sl 77.63],875293432,876122974
1771955526,SP500,0,0,1.0,6879.25,0.0,0.0,0.0,0,,876563968,876563968
1771958287,NAS100,0,0,1.0,24949.16,0.0,0.0,0.0,0,,876827850,876827850
1771972202,NAS100,1,1,1.0,24957.61,8.45,0.0,0.0,0,close_before_mar,876827850,877881512
1771977142,SP500,1,1,1.0,6891.34,12.09,0.0,0.0,0,close_before_mar,876563968,878163288
1771989158,BNBUSD,0,1,1.0,595.64,-144.1,0.0,-5.37,0,[sl 595.64],876017910,878769563
1772028810,SP500,0,0,1.0,6913.2,0.0,0.0,0.0,0,,881715746,881715746
1772031441,NAS100,0,0,1.0,25100.91,0.0,0.0,0.0,0,,881903450,881903450
1772033444,SOLUSD,0,0,5.0,84.08,0.0,0.0,0.0,0,,882066104,882066104
1772037638,NAS100,1,1,1.0,25216.27,115.36,0.0,0.0,0,[tp 25216.27],881903450,882532729
1772037988,SP500,1,1,1.0,6935.6,22.4,0.0,0.0,0,[tp 6935.60],881715746,882584128
1772040082,SP500,0,0,1.0,6924.5,0.0,0.0,0.0,0,,882851364,882851364
1772041531,SOLUSD,1,1,5.0,86.08,100.0,0.0,0.0,0,[tp 86.08],882066104,883018340
1772042361,NAS100,0,0,1.0,25259.66,0.0,0.0,0.0,0,,883090032,883090032
1772053558,SP500,1,1,1.0,6949.45,24.95,0.0,0.0,0,[tp 6949.45],882851364,883810293
1772058617,NAS100,1,1,1.0,25321.86,62.2,0.0,0.0,0,close_before_mar,883090032,884255879
1772117958,NAS100,0,0,1.0,25339.21,0.0,0.0,0.0,0,,888074006,888074006
1772119982,SOLUSD,0,0,5.0,87.94,0.0,0.0,0.0,0,,888296578,888296578
1772123431,NAS100,1,1,1.0,25264.76,-74.45,0.0,0.0,0,[sl 25264.76],888074006,888622873
1772126163,SOLUSD,1,1,5.0,85.94,-100.0,0.0,0.0,0,[sl 85.94],888296578,889157041
1772194931,BTCUSD,1,0,0.1,66827.69,0.0,0.0,0.0,0,,893795865,893795865
1772199333,BTCUSD,0,1,0.1,66348.92,47.88,0.0,0.0,0,[tp 66348.92],893795865,894042602
1772202037,SP500,1,0,1.0,6882.93,0.0,0.0,0.0,0,,894207203,894207203
1772206201,SP500,0,1,1.0,6853.59,29.34,0.0,0.0,0,[tp 6853.59],894207203,894611944
1772206980,SOLUSD,1,0,5.0,82.26,0.0,0.0,0.0,0,,894765472,894765472
1772212946,SP500,1,0,1.0,6859.98,0.0,0.0,0.0,0,,895575375,895575375
1772214703,NAS100,1,0,1.0,24918.01,0.0,0.0,0.0,0,,895761615,895761615
1772231418,NAS100,0,1,1.0,24948.31,-30.3,0.0,0.0,0,close_before_mar,895761615,897207822
1772233190,SP500,0,1,1.0,6882.99,-23.01,0.0,0.0,0,[sl 6882.99],895575375,897305646
1772235798,SOLUSD,0,1,5.0,81.6,33.0,0.0,0.0,0,close_before_mar,894765472,897415845
1772279137,BNBUSD,1,0,1.0,589.61,0.0,0.0,0.0,0,,897642224,897642224
1772292943,SOLUSD,1,0,5.0,78.69,0.0,0.0,0.0,0,,897790870,897790870
1772293741,SOLUSD,0,1,5.0,80.47,-89.0,0.0,0.0,0,[sl 80.47],897790870,897805683
1772337052,BNBUSD,0,1,1.0,627.72,-381.1,0.0,0.0,0,[sl 627.72],897642224,898419455
1772465705,SOLUSD,1,0,5.0,83.16,0.0,0.0,0.0,0,,904445248,904445248
1772469855,SOLUSD,0,1,5.0,84.98,-91.0,0.0,0.0,0,[sl 84.98],904445248,905181416
1772552767,SOLUSD,1,0,5.0,83.11,0.0,0.0,0.0,0,,913998461,913998461
1772559664,SOLUSD,0,1,5.0,85.23,-106.0,0.0,0.0,0,[sl 85.23],913998461,915653903
1773219658,BTCUSD,1,0,0.1,69516.5,0.0,0.0,0.0,0,,962661278,962661278
1773219717,SP500,1,0,1.0,6799.45,0.0,0.0,0.0,0,,962664060,962664060
1773219899,LTCUSD,0,0,5.0,54.24,0.0,0.0,0.0,0,,962675593,962675593
1773220705,BTCUSD,0,1,0.1,69824.6,-30.81,0.0,0.0,0,[sl 69824.60],962661278,962732547
1773221785,SP500,0,1,1.0,6807.11,-7.66,0.0,0.0,0,[sl 6807.11],962664060,962789313
1773278007,LTCUSD,1,1,5.0,54.74,250.0,0.0,-24.96,0,[tp 54.74],962675593,967176676
1773306032,SP500,1,0,1.0,6718.51,0.0,0.0,0.0,0,,968975662,968975662
1773306062,SP500,0,1,1.0,6717.52,0.99,0.0,0.0,0,[tp 6717.52],968975662,968977255
1773306091,SOLUSD,1,0,5.0,84.79,0.0,0.0,0.0,0,,968979077,968979077
1773306159,BNBUSD,1,0,1.0,642.11,0.0,0.0,0.0,0,,968982520,968982520
1773309728,SOLUSD,0,1,5.0,85.8,-50.5,0.0,0.0,0,[sl 85.80],968979077,969212963
1773309801,AUDUSD,0,0,1.0,0.71284,0.0,0.0,0.0,0,,969216503,969216503
1773309815,LTCUSD,1,0,5.0,53.57,0.0,0.0,0.0,0,,969216957,969216957
1773311492,BNBUSD,0,1,1.0,647.09,-49.8,0.0,0.0,0,[sl 647.09],968982520,969298949
1773311561,LTCUSD,0,1,5.0,54.87,-650.0,0.0,0.0,0,[sl 54.87],969216957,969306527
1773313297,AUDUSD,1,1,1.0,0.71384,100.0,0.0,0.0,0,[tp 0.71384],969216503,969453636
1773347902,NAS100,1,0,1.0,24679.81,0.0,0.0,0.0,0,,972850888,972850888
1773347911,XAUUSD,1,0,0.15,5110.9,0.0,0.0,0.0,0,,972851921,972851921
1773347919,AUDUSD,1,0,1.0,0.70882,0.0,0.0,0.0,0,,972852563,972852563
1773347924,USDJPY,0,0,1.0,159.301,0.0,0.0,0.0,0,,972853400,972853400
1773347925,XAUUSD,0,1,0.15,5110.39,7.65,0.0,0.0,0,[tp 5110.39],972851921,972853621
1773347941,BTCUSD,0,0,0.1,70399.89,0.0,0.0,0.0,0,,972857799,972857799
1773347943,SOLUSD,0,0,5.0,87.06,0.0,0.0,0.0,0,,972857965,972857965
1773350500,BTCUSD,1,1,0.1,69887.93,-51.2,0.0,0.0,0,[sl 69887.93],972857799,973095054
1773352679,SOLUSD,1,1,5.0,85.57,-74.5,0.0,0.0,0,[sl 85.57],972857965,973271368
1773352792,USDJPY,1,1,1.0,159.401,62.73,0.0,0.0,0,[tp 159.401],972853400,973279464
1773352836,XAUUSD,1,0,0.15,5091.79,0.0,0.0,0.0,0,,973285918,973285918
1773352906,SP500,1,0,1.0,6688.99,0.0,0.0,0.0,0,,973292362,973292362
1773353011,XAUUSD,0,1,0.15,5080.53,168.9,0.0,0.0,0,[tp 5080.53],973285918,973316381
1773353548,XAUUSD,1,0,0.15,5087.43,0.0,0.0,0.0,0,,973369659,973369659
1773355579,SP500,0,1,1.0,6682.24,6.75,0.0,0.0,0,[tp 6682.24],973292362,973513774
1773355732,SOLUSD,0,0,5.0,87.01,0.0,0.0,0.0,0,,973525302,973525302
1773357654,XAUUSD,0,1,0.15,5078.14,139.35,0.0,0.0,0,[tp 5078.14],973369659,973643200
1773358204,NAS100,0,1,1.0,24549.61,130.2,0.0,0.0,0,close_before_mar,972850888,973695103
1773372138,SOLUSD,1,1,5.0,89.11,105.0,0.0,-3.95,0,[tp 89.11],973525302,974310365
1773384388,AUDUSD,0,1,1.0,0.70688,194.0,0.0,-0.76,0,[sl 0.70688],972852563,974969763
1773392446,BTCUSD,0,0,0.1,71593.87,0.0,0.0,0.0,0,,975369106,975369106
1773392450,SOLUSD,0,0,5.0,89.42,0.0,0.0,0.0,0,,975369302,975369302
1773414131,SOLUSD,1,1,5.0,90.22,40.0,0.0,0.0,0,[tp 90.22],975369302,977128896
1773414134,NAS100,0,0,1.0,24673.56,0.0,0.0,0.0,0,,977129281,977129281
1773414148,XAUUSD,0,0,0.15,5118.7,0.0,0.0,0.0,0,,977132196,977132196
1773414155,AUDUSD,1,0,1.0,0.70523,0.0,0.0,0.0,0,,977132972,977132972
1773414156,USDJPY,0,0,1.0,159.3,0.0,0.0,0.0,0,,977133375,977133375
1773414226,SP500,0,0,1.0,6705.61,0.0,0.0,0.0,0,,977140804,977140804
1773415022,SOLUSD,0,0,5.0,90.66,0.0,0.0,0.0,0,,977210199,977210199
1773415172,XAUUSD,1,1,0.15,5104.44,-213.9,0.0,0.0,0,[sl 5104.44],977132196,977220340
1773415757,USDJPY,1,1,1.0,159.4,62.74,0.0,0.0,0,[tp 159.400],977133375,977276136
1773416767,SP500,1,1,1.0,6722.5,16.89,0.0,0.0,0,[tp 6722.50],977140804,977373166
1773418212,AUDUSD,0,1,1.0,0.70423,100.0,0.0,0.0,0,[tp 0.70423],977132972,977516416
1773418348,SOLUSD,1,1,5.0,91.16,25.0,0.0,0.0,0,[tp 91.16],977210199,977534316
1773418667,BTCUSD,1,1,0.1,72946.72,135.28,0.0,0.0,0,[tp 72946.72],975369106,977560551
1773419437,XAUUSD,0,0,0.15,5108.63,0.0,0.0,0.0,0,,977627589,977627589
1773419440,USDJPY,0,0,1.0,159.261,0.0,0.0,0.0,0,,977627963,977627963
1773419453,BTCUSD,0,0,0.1,73204.46,0.0,0.0,0.0,0,,977631195,977631195
1773419455,SOLUSD,0,0,5.0,92.01,0.0,0.0,0.0,0,,977631537,977631537
1773419779,NAS100,1,1,1.0,24617.0,-56.56,0.0,0.0,0,[sl 24617.00],977129281,977686875
1773422698,BTCUSD,1,1,0.1,73815.39,61.09,0.0,0.0,0,[tp 73815.39],977631195,978071705
1773422774,NAS100,0,0,1.0,24661.81,0.0,0.0,0.0,0,,978081230,978081230
1773422810,LTCUSD,0,0,5.0,57.16,0.0,0.0,0.0,0,,978084481,978084481
1773424003,NAS100,1,1,1.0,24570.88,-90.93,0.0,0.0,0,[sl 24570.88],978081230,978259758
1773424373,XAUUSD,1,1,0.15,5060.38,-723.75,0.0,0.0,0,[sl 5060.38],977627589,978320929
1773424629,USDJPY,1,1,1.0,159.361,62.75,0.0,0.0,0,[tp 159.361],977627963,978393707
1773428768,LTCUSD,1,1,5.0,54.69,-1235.0,0.0,0.0,0,[sl 54.69],978084481,979009012
1773436749,SOLUSD,1,1,5.0,88.18,-191.5,0.0,0.0,0,[sl 88.18],977631537,979716910
1773479169,SOLUSD,1,0,5.0,87.76,0.0,0.0,0.0,0,,980491037,980491037
1773482767,BTCUSD,1,0,0.1,70602.51,0.0,0.0,0.0,0,,980531316,980531316
1773511583,SOLUSD,0,1,5.0,87.06,35.0,0.0,0.0,0,close_before_mar,980491037,980814288
1773512152,SOLUSD,1,0,5.0,86.62,0.0,0.0,0.0,0,,980818253,980818253
1773522385,BTCUSD,0,1,0.1,70584.56,1.79,0.0,0.0,0,close_before_mar,980531316,980919648
1773531621,BTCUSD,0,0,0.1,70771.19,0.0,0.0,0.0,0,,980978295,980978295
1773540368,BTCUSD,1,1,0.1,70940.56,16.94,0.0,0.0,0,[tp 70940.56],980978295,981035980
1773544565,SOLUSD,0,1,5.0,88.27,-82.5,0.0,0.0,0,close_before_mar,980818253,981083762
1773565341,SOLUSD,0,0,5.0,88.62,0.0,0.0,0.0,0,,981247578,981247578
1773566171,BTCUSD,0,0,0.1,71545.43,0.0,0.0,0.0,0,,981254748,981254748
1773576112,BTCUSD,1,1,0.1,71858.82,31.34,0.0,0.0,0,[tp 71858.82],981254748,981356941
1773577693,BTCUSD,0,0,0.1,71855.02,0.0,0.0,0.0,0,,981377687,981377687
1773590956,BTCUSD,1,1,0.1,71421.4,-43.36,0.0,0.0,0,[sl 71421.40],981377687,981501212
1773591125,SOLUSD,1,1,5.0,87.42,-60.0,0.0,0.0,0,[sl 87.42],981247578,981507349
1773592219,SOLUSD,0,0,5.0,88.18,0.0,0.0,0.0,0,,981524674,981524674
1773592744,SOLUSD,1,1,5.0,87.31,-43.5,0.0,0.0,0,[sl 87.31],981524674,981531690
1773593891,BTCUSD,0,0,0.1,71540.1,0.0,0.0,0.0,0,,981546157,981546157
1773593971,BTCUSD,1,1,0.1,71577.7,3.76,0.0,0.0,0,[tp 71577.70],981546157,981547059
1773596296,SOLUSD,1,0,5.0,87.46,0.0,0.0,0.0,0,,981573847,981573847
1773607971,SOLUSD,0,1,5.0,88.82,-68.0,0.0,0.0,0,[sl 88.82],981573847,981696010
1773651624,SP500,0,0,1.0,6677.96,0.0,0.0,0.0,0,,984092185,984092185
1773651690,LTCUSD,0,0,5.0,57.97,0.0,0.0,0.0,0,,984095210,984095210
1773651693,SOLUSD,0,0,5.0,94.21,0.0,0.0,0.0,0,,984095458,984095458
1773675742,SP500,1,1,1.0,6701.38,23.42,0.0,0.0,0,[tp 6701.38],984092185,986231236
1773684103,SOLUSD,1,1,5.0,93.36,-42.5,0.0,0.0,0,close_before_mar,984095458,987253987
1773684144,SP500,0,0,1.0,6707.81,0.0,0.0,0.0,0,,987260085,987260085
1773684159,BNBUSD,1,0,1.0,672.39,0.0,0.0,0.0,0,,987262485,987262485
1773684187,BNBUSD,0,1,1.0,676.22,-38.3,0.0,0.0,0,[sl 676.22],987262485,987266382
1773684194,USDJPY,1,0,1.0,159.152,0.0,0.0,0.0,0,,987267510,987267510
1773684196,AUDUSD,0,0,1.0,0.70643,0.0,0.0,0.0,0,,987267685,987267685
1773684292,NAS100,0,0,1.0,24682.7,0.0,0.0,0.0,0,,987278399,987278399
1773684306,XAUUSD,1,0,0.15,4996.72,0.0,0.0,0.0,0,,987280615,987280615
1773685288,BTCUSD,0,0,0.1,73821.62,0.0,0.0,0.0,0,,987384961,987384961
1773685445,NAS100,1,1,1.0,24743.08,60.38,0.0,0.0,0,[tp 24743.08],987278399,987398282
1773687020,BTCUSD,1,1,0.1,73402.39,-41.92,0.0,0.0,0,[sl 73402.39],987384961,987556303
1773687088,SOLUSD,0,0,5.0,93.78,0.0,0.0,0.0,0,,987565617,987565617
1773695306,SOLUSD,1,1,5.0,94.28,25.0,0.0,0.0,0,[tp 94.28],987565617,988319683
1773695461,NAS100,0,0,1.0,24724.55,0.0,0.0,0.0,0,,988337028,988337028
1773697055,AUDUSD,1,1,1.0,0.70742,99.0,0.0,0.0,0,[tp 0.70742],987267685,988452424
1773697734,XAUUSD,0,1,0.15,5017.41,-310.35,0.0,0.0,0,[sl 5017.41],987280615,988503935
1773698618,SOLUSD,0,0,5.0,94.73,0.0,0.0,0.0,0,,988563577,988563577
1773698998,NAS100,1,1,1.0,24798.14,73.59,0.0,0.0,0,[tp 24798.14],988337028,988596032
1773699066,SP500,1,1,1.0,6721.31,13.5,0.0,0.0,0,[sl 6721.31],987260085,988607407
1773702927,SOLUSD,1,1,5.0,95.23,25.0,0.0,0.0,0,[tp 95.23],988563577,988844633
1773703847,BNBUSD,1,0,1.0,673.65,0.0,0.0,0.0,0,,988870386,988870386
1773704045,BNBUSD,0,1,1.0,677.08,-34.3,0.0,0.0,0,[sl 677.08],988870386,988881192
1773707774,LTCUSD,1,1,5.0,58.47,250.0,0.0,-26.61,0,[tp 58.47],984095210,988964214
1773708332,LTCUSD,0,0,3.61,59.4,0.0,0.0,0.0,0,,988971936,988971936
1773716603,USDJPY,0,1,1.0,159.205,-33.29,0.0,-10.64,0,close_before_mar,987267510,989381456
1773732088,LTCUSD,1,1,3.61,57.36,-736.44,0.0,0.0,0,[sl 57.36],988971936,990295879
1773738024,SP500,1,0,1.0,6672.18,0.0,0.0,0.0,0,,990688323,990688323
1773738159,BNBUSD,1,0,1.0,672.69,0.0,0.0,0.0,0,,990714525,990714525
1773738696,SOLUSD,0,0,5.0,94.09,0.0,0.0,0.0,0,,990781736,990781736
1773747691,SOLUSD,1,1,5.0,94.57,24.0,0.0,0.0,0,[tp 94.57],990781736,991390914
1773747815,BTCUSD,0,0,0.1,74437.07,0.0,0.0,0.0,0,,991399636,991399636
1773750373,SP500,0,1,1.0,6693.39,-21.21,0.0,0.0,0,[sl 6693.39],990688323,991581984
1773766326,BNBUSD,0,1,1.0,665.45,72.4,0.0,0.0,0,[tp 665.45],990714525,992934719
1773766344,SP500,0,0,1.0,6751.86,0.0,0.0,0.0,0,,992938973,992938973
1773766372,NAS100,0,0,1.0,24895.4,0.0,0.0,0.0,0,,992947077,992947077
1773766372,SP500,1,1,1.0,6752.86,1.0,0.0,0.0,0,[tp 6752.86],992938973,992947132
1773766372,NAS100,1,1,1.0,24895.4,0.0,0.0,0.0,0,[tp 24895.40],992947077,992947172
1773766393,USDJPY,1,0,1.0,158.927,0.0,0.0,0.0,0,,992950002,992950002
1773766395,AUDUSD,0,0,1.0,0.71104,0.0,0.0,0.0,0,,992950158,992950158
1773766647,SOLUSD,0,0,5.0,94.15,0.0,0.0,0.0,0,,992990891,992990891
1773770423,BTCUSD,1,1,0.1,74437.57,0.05,0.0,0.0,0,[tp 74437.57],991399636,993420261
1773770424,SP500,0,0,1.0,6745.86,0.0,0.0,0.0,0,,993420737,993420737
1773770438,BNBUSD,1,0,1.0,669.75,0.0,0.0,0.0,0,,993423824,993423824
1773770485,SOLUSD,1,1,5.0,94.65,25.0,0.0,0.0,0,[tp 94.65],992990891,993432404
1773770490,BTCUSD,0,0,0.1,74678.8,0.0,0.0,0.0,0,,993434501,993434501
1773795627,SP500,1,1,1.0,6723.05,-22.81,0.0,-1.3599999999999999,0,close_before_mar,993420737,994912336
1773798807,USDJPY,0,1,1.0,158.984,-35.85,0.0,-10.64,0,close_before_mar,992950002,995066934
1773810107,BTCUSD,1,1,0.1,74093.71,-58.51,0.0,-4.14,0,close_before_mar,993434501,995679861
1773824452,SOLUSD,1,0,5.0,93.73,0.0,0.0,0.0,0,,996467418,996467418
1773844607,BNBUSD,0,1,1.0,664.81,49.4,0.0,-6.17,0,[tp 664.81],993423824,998065804
1773844623,SOLUSD,0,1,5.0,92.41,66.0,0.0,0.0,0,[tp 92.41],996467418,998069164
1773844656,SP500,1,0,1.0,6742.73,0.0,0.0,0.0,0,,998073567,998073567
1773844698,XAUUSD,1,0,0.09,4950.22,0.0,0.0,0.0,0,,998079072,998079072
1773844723,SP500,0,1,1.0,6743.98,-1.25,0.0,0.0,0,[sl 6743.98],998073567,998081216
1773844814,XAUUSD,0,1,0.09,4944.71,49.59,0.0,0.0,0,[tp 4944.71],998079072,998094528
1773845418,XAUUSD,1,0,0.09,4935.13,0.0,0.0,0.0,0,,998202605,998202605
1773845427,XAUUSD,0,1,0.09,4934.6,4.77,0.0,0.0,0,[tp 4934.60],998202605,998203357
1773845616,SP500,1,0,1.0,6744.6,0.0,0.0,0.0,0,,998224204,998224204
1773846004,NAS100,1,0,1.0,24917.85,0.0,0.0,0.0,0,,998283955,998283955
1773846138,XAUUSD,1,0,0.09,4923.9,0.0,0.0,0.0,0,,998311018,998311018
1773846142,XAUUSD,0,1,0.09,4923.4,4.5,0.0,0.0,0,[tp 4923.40],998311018,998311401
1773846242,NAS100,0,1,1.0,24884.44,33.41,0.0,0.0,0,[tp 24884.44],998283955,998327797
1773846265,USDJPY,0,0,1.0,159.038,0.0,0.0,0.0,0,,998330815,998330815
1773846322,SP500,0,1,1.0,6733.84,10.76,0.0,0.0,0,[tp 6733.84],998224204,998340730
1773846594,BNBUSD,1,0,1.0,658.86,0.0,0.0,0.0,0,,998399108,998399108
1773847125,SOLUSD,1,0,5.0,91.52,0.0,0.0,0.0,0,,998501783,998501783
1773847954,SOLUSD,0,1,5.0,91.02,25.0,0.0,0.0,0,[tp 91.02],998501783,998659994
1773847984,BNBUSD,0,1,1.0,658.31,5.5,0.0,0.0,0,[tp 658.31],998399108,998669125
1773848044,NAS100,1,0,1.0,24765.35,0.0,0.0,0.0,0,,998679287,998679287
1773848044,NAS100,0,1,1.0,24764.85,0.5,0.0,0.0,0,[tp 24764.85],998679287,998679304
1773848291,USDJPY,1,1,1.0,159.289,157.58,0.0,0.0,0,[tp 159.289],998330815,998723389
1773848764,NAS100,1,0,1.0,24722.6,0.0,0.0,0.0,0,,998817617,998817617
1773848764,NAS100,0,1,1.0,24722.35,0.25,0.0,0.0,0,[tp 24722.35],998817617,998817629
1773848800,LTCUSD,1,0,4.38,55.41,0.0,0.0,0.0,0,,998821977,998821977
1773848923,AUDUSD,1,1,1.0,0.70608,-496.0,0.0,-0.36,0,[sl 0.70608],992950158,998840461
1773910819,BNBUSD,1,0,1.0,647.91,0.0,0.0,0.0,0,,1004327528,1004327528
1773936790,BNBUSD,0,1,1.0,638.31,96.0,0.0,0.0,0,[tp 638.31],1004327528,1008442095
1773937819,BNBUSD,1,0,1.0,637.33,0.0,0.0,0.0,0,,1008683257,1008683257
1773939296,BNBUSD,0,1,1.0,643.09,-57.6,0.0,0.0,0,[sl 643.09],1008683257,1009058758
1773939303,SOLUSD,1,0,5.0,88.4,0.0,0.0,0.0,0,,1009061557,1009061557
1773971713,SOLUSD,0,1,5.0,88.97,-28.5,0.0,1.24,0,close_before_mar,1009061557,1012568058
1773997264,BTCUSD,1,0,0.1,70512.83,0.0,0.0,0.0,0,,1014311562,1014311562
1774005027,BTCUSD,0,1,0.1,71208.02,-69.52,0.0,0.0,0,[sl 71208.02],1014311562,1014957195
1774005060,SOLUSD,1,0,5.0,90.04,0.0,0.0,0.0,0,,1014960697,1014960697
1774005083,SOLUSD,0,1,5.0,90.59,-27.5,0.0,0.0,0,[sl 90.59],1014960697,1014963776
1774005397,XAUUSD,0,0,0.11,4719.17,0.0,0.0,0.0,0,,1014991857,1014991857
1774005404,AUDUSD,0,0,1.0,0.70938,0.0,0.0,0.0,0,,1014992339,1014992339
1774005779,SOLUSD,0,0,5.0,90.15,0.0,0.0,0.0,0,,1015041002,1015041002
1774007260,XAUUSD,1,1,0.11,4692.13,-297.44,0.0,0.0,0,[sl 4692.13],1014991857,1015221402
1774008180,AUDUSD,1,1,1.0,0.70822,-116.0,0.0,0.0,0,[sl 0.70822],1014992339,1015312118
1774008894,SOLUSD,1,1,5.0,89.09,-53.0,0.0,0.0,0,[sl 89.09],1015041002,1015376403
1774148489,LTCUSD,0,1,4.38,54.9,223.38,0.0,20.58,0,[tp 54.90],998821977,1021371110
1774256796,SP500,1,0,1.0,6479.6,0.0,0.0,0.0,0,,1026498023,1026498023
1774258422,BTCUSD,1,0,0.1,68435.67,0.0,0.0,0.0,0,,1026873278,1026873278
1774258547,SOLUSD,1,0,5.0,86.19,0.0,0.0,0.0,0,,1026904181,1026904181
1774274729,SP500,0,1,1.0,6525.45,-45.85,0.0,0.0,0,[sl 6525.45],1026498023,1030367685
1774274729,BTCUSD,0,1,0.1,69252.83,-81.71,0.0,0.0,0,[sl 69252.83],1026873278,1030368022
1774274731,SOLUSD,0,1,5.0,87.42,-61.5,0.0,0.0,0,[sl 87.42],1026904181,1030369266
1774275086,AUDUSD,0,0,0.31,0.70385,0.0,0.0,0.0,0,,1030560963,1030560963
1774275806,AUDUSD,1,0,0.8,0.69754,0.0,0.0,0.0,0,,1030819109,1030819109
1774276204,AUDUSD,0,1,0.8,0.70126,-297.6,0.0,0.0,0,[sl 0.70126],1030819109,1030934773
1774276486,SP500,0,0,1.0,6677.46,0.0,0.0,0.0,0,,1030998429,1030998429
1774276813,SP500,1,1,1.0,6647.05,-30.41,0.0,0.0,0,[sl 6647.05],1030998429,1031092483
1774278221,SOLUSD,0,0,5.0,89.06,0.0,0.0,0.0,0,,1031468831,1031468831
1774278565,USDJPY,1,0,1.0,158.887,0.0,0.0,0.0,0,,1031562524,1031562524
1774279356,SP500,0,0,1.0,6625.51,0.0,0.0,0.0,0,,1031747552,1031747552
1774279504,NAS100,0,0,1.0,24322.05,0.0,0.0,0.0,0,,1031772814,1031772814
1774282083,USDJPY,0,1,1.0,158.631,161.38,0.0,0.0,0,[sl 158.631],1031562524,1032403765
1774283965,USDJPY,1,0,0.81,158.587,0.0,0.0,0.0,0,,1032826925,1032826925
1774284566,USDJPY,1,0,0.81,158.508,0.0,0.0,0.0,0,,1032984651,1032984651
1774286500,LTCUSD,1,0,2.62,55.25,0.0,0.0,0.0,0,,1033415423,1033415423
1774286675,LTCUSD,0,1,2.62,56.39,-298.68,0.0,0.0,0,[sl 56.39],1033415423,1033455216
1774288269,SOLUSD,1,1,5.0,90.8,87.0,0.0,0.0,0,[sl 90.80],1031468831,1033812198
1774289622,SOLUSD,0,0,5.0,92.11,0.0,0.0,0.0,0,,1034087522,1034087522
1774291561,SOLUSD,1,1,5.0,90.09,-101.0,0.0,0.0,0,[sl 90.09],1034087522,1034488527
1774292246,XAUUSD,1,0,0.04,4369.13,0.0,0.0,0.0,0,,1034651780,1034651780
1774301783,XAUUSD,0,1,0.04,4446.4,-309.08,0.0,0.0,0,[sl 4446.40],1034651780,1036197483
1774302763,USDJPY,0,1,0.81,158.14,228.96,0.0,0.0,0,[sl 158.140],1032826925,1036318411
1774302763,USDJPY,0,1,0.81,158.14,188.49,0.0,0.0,0,[sl 158.140],1032984651,1036318413
1774304563,SP500,1,1,1.0,6609.0,-16.51,0.0,0.0,0,close_before_mar,1031747552,1036567688
1774304723,NAS100,1,1,1.0,24300.75,-21.3,0.0,0.0,0,close_before_mar,1031772814,1036582317
1774342875,BNBUSD,1,0,1.0,627.89,0.0,0.0,0.0,0,,1040445558,1040445558
1774343704,SP500,1,0,1.0,6559.7,0.0,0.0,0.0,0,,1040566229,1040566229
1774346514,USDJPY,1,0,1.0,158.608,0.0,0.0,0.0,0,,1040989615,1040989615
1774346526,BTCUSD,0,0,0.1,70519.74,0.0,0.0,0.0,0,,1040991329,1040991329
1774346564,BNBUSD,0,1,1.0,632.8,-49.1,0.0,0.0,0,[sl 632.80],1040445558,1040999038
1774346645,SOLUSD,0,0,5.0,90.93,0.0,0.0,0.0,0,,1041011517,1041011517
1774347031,SP500,0,1,1.0,6599.8,-40.1,0.0,0.0,0,[sl 6599.80],1040566229,1041065178
1774347184,USDJPY,0,1,1.0,158.417,120.57,0.0,0.0,0,[tp 158.417],1040989615,1041083226
1774347799,BTCUSD,1,1,0.1,71013.11,49.34,0.0,0.0,0,[tp 71013.11],1040991329,1041141865
1774349386,XAUUSD,0,0,0.03,4423.03,0.0,0.0,0.0,0,,1041341348,1041341348
1774350826,XAUUSD,0,0,0.14,4419.23,0.0,0.0,0.0,0,,1041555659,1041555659
1774351245,XAUUSD,1,1,0.14,4397.98,-297.5,0.0,0.0,0,[sl 4397.98],1041555659,1041621066
1774358654,SOLUSD,1,1,5.0,91.93,50.0,0.0,0.0,0,[tp 91.93],1041011517,1042502567
1774365304,SP500,1,0,1.0,6573.12,0.0,0.0,0.0,0,,1043464150,1043464150
1774365721,SOLUSD,0,0,5.0,91.98,0.0,0.0,0.0,0,,1043526171,1043526171
1774366412,NAS100,1,0,1.0,24131.26,0.0,0.0,0.0,0,,1043669476,1043669476
1774367153,USDJPY,0,0,1.0,158.818,0.0,0.0,0.0,0,,1043835851,1043835851
1774368430,SP500,0,1,1.0,6547.69,25.43,0.0,0.0,0,[tp 6547.69],1043464150,1044062460
1774369197,SOLUSD,1,1,5.0,90.92,-53.0,0.0,0.0,0,[sl 90.92],1043526171,1044218154
1774369864,SP500,1,0,1.0,6542.45,0.0,0.0,0.0,0,,1044344266,1044344266
1774369874,NAS100,0,1,1.0,24111.37,19.89,0.0,0.0,0,[sl 24111.37],1043669476,1044346948
1774370087,SP500,0,1,1.0,6559.44,-16.99,0.0,0.0,0,[sl 6559.44],1044344266,1044403565
1774370732,NAS100,1,0,1.0,24013.46,0.0,0.0,0.0,0,,1044548996,1044548996
1774370955,BNBUSD,1,0,1.0,631.65,0.0,0.0,0.0,0,,1044596326,1044596326
1774371010,BNBUSD,0,1,1.0,634.63,-29.8,0.0,0.0,0,[sl 634.63],1044596326,1044609614
1774371725,SOLUSD,0,0,5.0,90.19,0.0,0.0,0.0,0,,1044776788,1044776788
1774372045,NAS100,0,1,1.0,24085.18,-71.72,0.0,0.0,0,[sl 24085.18],1044548996,1044838746
1774372930,USDJPY,1,1,1.0,158.668,-94.54,0.0,0.0,0,[sl 158.668],1043835851,1045010493
1774373107,SOLUSD,1,1,5.0,89.02,-58.5,0.0,0.0,0,[sl 89.02],1044776788,1045047327
1774381803,XAUUSD,1,1,0.03,4423.26,0.69,0.0,0.0,0,close_before_mar,1041341348,1046392812
1774382719,AUDUSD,1,1,0.31,0.69413,-301.32,0.0,0.25,0,[sl 0.69413],1030560963,1046515900
1774429237,BTCUSD,0,0,0.1,71137.36,0.0,0.0,0.0,0,,1050569519,1050569519
1774430196,SOLUSD,0,0,5.0,92.62,0.0,0.0,0.0,0,,1050688232,1050688232
1774450060,BTCUSD,1,1,0.1,71690.79,55.34,0.0,0.0,0,[sl 71690.79],1050569519,1052663880
1774450576,XAUUSD,0,0,0.15,4577.82,0.0,0.0,0.0,0,,1052728161,1052728161
1774450774,SP500,0,0,1.0,6626.11,0.0,0.0,0.0,0,,1052740388,1052740388
1774450802,NAS100,0,0,1.0,24331.86,0.0,0.0,0.0,0,,1052744964,1052744964
1774450824,USDJPY,1,0,1.0,158.813,0.0,0.0,0.0,0,,1052749382,1052749382
1774451757,SP500,1,1,1.0,6626.11,0.0,0.0,0.0,0,[sl 6626.11],1052740388,1052856029
1774451801,XAUUSD,1,1,0.15,4568.48,-140.1,0.0,0.0,0,[sl 4568.48],1052728161,1052868369
1774452182,USDJPY,0,1,1.0,158.978,-103.79,0.0,0.0,0,[sl 158.978],1052749382,1052942271
1774452690,NAS100,1,1,1.0,24210.9,-120.96,0.0,0.0,0,[sl 24210.90],1052744964,1053070009
1774454063,AUDUSD,1,0,1.0,0.69575,0.0,0.0,0.0,0,,1053291143,1053291143
1774454637,AUDUSD,0,1,1.0,0.69679,-104.0,0.0,0.0,0,[sl 0.69679],1053291143,1053392420
1774456206,NAS100,0,0,1.0,24277.66,0.0,0.0,0.0,0,,1053618225,1053618225
1774456216,XAUUSD,0,0,0.1,4572.78,0.0,0.0,0.0,0,,1053621468,1053621468
1774456223,USDJPY,0,0,1.0,159.012,0.0,0.0,0.0,0,,1053623536,1053623536
1774456236,BTCUSD,0,0,0.1,71813.09,0.0,0.0,0.0,0,,1053625726,1053625726
1774457058,NAS100,1,1,1.0,24277.66,0.0,0.0,0.0,0,[sl 24277.66],1053618225,1053789124
1774457440,XAUUSD,1,1,0.1,4544.18,-286.0,0.0,0.0,0,[sl 4544.18],1053621468,1053861479
1774458490,USDJPY,1,1,1.0,159.113,63.48,0.0,0.0,0,[sl 159.113],1053623536,1054055789
1774462023,BTCUSD,1,1,0.1,71151.46,-66.16,0.0,0.0,0,[sl 71151.46],1053625726,1054530817
1774462065,SOLUSD,1,1,5.0,91.38,-62.0,0.0,0.0,0,[sl 91.38],1050688232,1054537897
1774462103,AUDUSD,1,0,1.0,0.69642,0.0,0.0,0.0,0,,1054545851,1054545851
1774462105,USDJPY,0,0,1.0,159.114,0.0,0.0,0.0,0,,1054546302,1054546302
1774462534,SP500,1,0,1.0,6597.4,0.0,0.0,0.0,0,,1054607193,1054607193
1774463025,SP500,0,1,1.0,6597.4,0.0,0.0,0.0,0,[sl 6597.40],1054607193,1054729647
1774463046,NAS100,1,0,1.0,24196.06,0.0,0.0,0.0,0,,1054733151,1054733151
1774463517,NAS100,0,1,1.0,24266.69,-70.63,0.0,0.0,0,[sl 24266.69],1054733151,1054795250
1774477008,USDJPY,1,1,1.0,159.447,208.85,0.0,0.0,0,[sl 159.447],1054546302,1056305176
1774503986,AUDUSD,0,1,1.0,0.69387,255.0,0.0,-6.9,0,[sl 0.69387],1054545851,1058298226
1774515643,BTCUSD,1,0,0.1,69959.66,0.0,0.0,0.0,0,,1059294021,1059294021
1774515645,SOLUSD,1,0,5.0,88.9,0.0,0.0,0.0,0,,1059294281,1059294281
1774515649,BTCUSD,0,1,0.1,70020.01,-6.03,0.0,0.0,0,[sl 70020.01],1059294021,1059295225
1774515697,SP500,1,0,1.0,6568.65,0.0,0.0,0.0,0,,1059309469,1059309469
1774515712,BNBUSD,1,0,1.0,632.72,0.0,0.0,0.0,0,,1059319677,1059319677
1774516090,BNBUSD,0,1,1.0,637.2,-44.8,0.0,0.0,0,[sl 637.20],1059319677,1059407349
1774517691,BTCUSD,1,0,0.1,70024.84,0.0,0.0,0.0,0,,1059665517,1059665517
1774518516,BTCUSD,0,1,0.1,70088.3,-6.35,0.0,0.0,0,[sl 70088.30],1059665517,1059789971
1774519466,USDJPY,1,0,1.0,159.33,0.0,0.0,0.0,0,,1059914662,1059914662
1774519587,XAUUSD,1,0,0.13,4448.29,0.0,0.0,0.0,0,,1059939511,1059939511
1774520426,AUDUSD,1,0,1.0,0.69422,0.0,0.0,0.0,0,,1060034020,1060034020
1774521765,BTCUSD,1,0,0.1,70046.99,0.0,0.0,0.0,0,,1060217658,1060217658
1774522445,USDJPY,0,1,1.0,159.492,-101.57,0.0,0.0,0,[sl 159.492],1059914662,1060293206
1774525437,XAUUSD,0,1,0.13,4415.16,430.69,0.0,0.0,0,[tp 4415.16],1059939511,1060815662
1774525713,SP500,0,1,1.0,6552.07,16.58,0.0,0.0,0,[tp 6552.07],1059309469,1060872305
1774529891,AUDUSD,0,1,1.0,0.69375,47.0,0.0,0.0,0,[sl 0.69375],1060034020,1061448274
1774541280,BTCUSD,0,1,0.1,69524.94,52.21,0.0,0.0,0,[sl 69524.94],1060217658,1062963001
1774542614,NAS100,1,0,1.0,23944.81,0.0,0.0,0.0,0,,1063144888,1063144888
1774542712,BNBUSD,1,0,1.0,629.03,0.0,0.0,0.0,0,,1063165340,1063165340
1774543520,BNBUSD,0,1,1.0,633.59,-45.6,0.0,0.0,0,[sl 633.59],1063165340,1063387087
1774543529,NAS100,0,1,1.0,24010.67,-65.86,0.0,0.0,0,[sl 24010.67],1063144888,1063393807
1774543586,AUDUSD,1,0,1.0,0.69231,0.0,0.0,0.0,0,,1063407088,1063407088
1774546685,NAS100,1,0,1.0,23991.16,0.0,0.0,0.0,0,,1064045699,1064045699
1774547185,USDJPY,0,0,1.0,159.568,0.0,0.0,0.0,0,,1064171193,1064171193
1774548055,SOLUSD,0,1,5.0,87.78,56.0,0.0,0.0,0,close_before_mar,1059294281,1064362296
1774548097,SP500,1,0,1.0,6552.25,0.0,0.0,0.0,0,,1064368207,1064368207
1774557821,NAS100,0,1,1.0,23757.02,234.14,0.0,0.0,0,[tp 23757.02],1064045699,1066105561
1774558537,AUDUSD,0,1,1.0,0.68887,344.0,0.0,0.0,0,[tp 0.68887],1063407088,1066197354
1774558733,SP500,0,1,1.0,6496.73,55.52,0.0,0.0,0,[tp 6496.73],1064368207,1066227282
1774560809,USDJPY,1,1,1.0,159.763,122.06,0.0,0.0,0,[sl 159.763],1064171193,1066530368
1774602763,SOLUSD,1,0,5.0,85.83,0.0,0.0,0.0,0,,1070295929,1070295929
1774602765,BTCUSD,1,0,0.1,68684.82,0.0,0.0,0.0,0,,1070296032,1070296032
1774612294,BTCUSD,0,1,0.1,67980.26,70.45,0.0,0.0,0,[sl 67980.26],1070296032,1071305024
1774612460,XAUUSD,1,0,0.15,4430.48,0.0,0.0,0.0,0,,1071322326,1071322326
1774612897,SP500,1,0,1.0,6481.53,0.0,0.0,0.0,0,,1071383202,1071383202
1774612947,AUDUSD,1,0,1.0,0.68954,0.0,0.0,0.0,0,,1071389909,1071389909
1774613032,BNBUSD,1,0,1.0,618.82,0.0,0.0,0.0,0,,1071396752,1071396752
1774618716,SOLUSD,0,1,5.0,83.99,92.0,0.0,0.0,0,[tp 83.99],1070295929,1071917205
1774618733,BTCUSD,1,0,0.1,67033.9,0.0,0.0,0.0,0,,1071922499,1071922499
1774620068,BNBUSD,0,1,1.0,608.52,103.0,0.0,0.0,0,[tp 608.52],1071396752,1072100579
1774621724,SOLUSD,1,0,5.0,83.09,0.0,0.0,0.0,0,,1072283746,1072283746
1774628679,SP500,0,1,1.0,6452.49,29.04,0.0,0.0,0,[sl 6452.49],1071383202,1073138895
1774630998,XAUUSD,0,1,0.15,4451.66,-317.7,0.0,0.0,0,[sl 4451.66],1071322326,1073596025
1774632205,BTCUSD,0,1,0.1,65829.3,120.46,0.0,0.0,0,[tp 65829.30],1071922499,1073857522
1774632231,BNBUSD,1,0,1.0,605.82,0.0,0.0,0.0,0,,1073859991,1073859991
1774635447,BNBUSD,0,1,1.0,612.38,-65.6,0.0,0.0,0,[sl 612.38],1073859991,1074499107
1774635456,SP500,1,0,1.0,6425.45,0.0,0.0,0.0,0,,1074502091,1074502091
1774635484,NAS100,1,0,1.0,23306.01,0.0,0.0,0.0,0,,1074508820,1074508820
1774635506,USDJPY,0,0,1.0,159.915,0.0,0.0,0.0,0,,1074518348,1074518348
1774635522,BTCUSD,1,0,0.1,66202.01,0.0,0.0,0.0,0,,1074523110,1074523110
1774635830,NAS100,0,1,1.0,23389.88,-83.87,0.0,0.0,0,[sl 23389.88],1074508820,1074592156
1774636369,USDJPY,1,1,1.0,159.717,-123.97,0.0,0.0,0,[sl 159.717],1074518348,1074695446
1774647427,AUDUSD,0,1,1.0,0.6873,224.0,0.0,0.0,0,[sl 0.68730],1071389909,1076013846
1774647809,SP500,0,1,1.0,6394.91,30.54,0.0,0.0,0,[sl 6394.91],1074502091,1076063630
1774654135,SOLUSD,0,1,5.0,82.81,14.0,0.0,0.0,0,close_before_mar,1072283746,1076594255
1774654199,BNBUSD,1,0,1.0,608.05,0.0,0.0,0.0,0,,1076598295,1076598295
1774665911,BNBUSD,0,1,1.0,615.25,-72.0,0.0,-6.47,0,[sl 615.25],1076598295,1076774953
1774675136,BTCUSD,0,1,0.1,66075.37,12.66,0.0,1.83,0,close_before_mar,1074523110,1076834038
1774688442,BTCUSD,0,0,0.1,66394.23,0.0,0.0,0.0,0,,1076914903,1076914903
1774689041,SOLUSD,1,0,5.0,82.48,0.0,0.0,0.0,0,,1076918833,1076918833
1774689437,SOLUSD,0,1,5.0,83.27,-39.5,0.0,0.0,0,[sl 83.27],1076918833,1076921013
1774693530,SOLUSD,0,0,5.0,83.7,0.0,0.0,0.0,0,,1076948005,1076948005
1774699572,SOLUSD,1,1,5.0,82.97,-36.5,0.0,0.0,0,[sl 82.97],1076948005,1076997971
1774701690,SOLUSD,1,0,5.0,82.75,0.0,0.0,0.0,0,,1077016042,1077016042
1774703041,SOLUSD,0,1,5.0,83.42,-33.5,0.0,0.0,0,[sl 83.42],1077016042,1077027983
1774728049,BTCUSD,1,1,0.1,66918.91,52.47,0.0,0.0,0,close_before_mar,1076914903,1077347436
1774731455,BTCUSD,0,0,0.1,66872.42,0.0,0.0,0.0,0,,1077394845,1077394845
1774750241,BTCUSD,1,1,0.1,66439.87,-43.25,0.0,0.0,0,[sl 66439.87],1077394845,1077545112
1774782191,SOLUSD,1,0,5.0,82.13,0.0,0.0,0.0,0,,1077734257,1077734257
1774782477,SOLUSD,0,1,5.0,82.85,-36.0,0.0,0.0,0,[sl 82.85],1077734257,1077736509
1774785074,SOLUSD,1,0,5.0,82.21,0.0,0.0,0.0,0,,1077757739,1077757739
1774793219,SOLUSD,0,1,5.0,82.95,-37.0,0.0,0.0,0,[sl 82.95],1077757739,1077832027
1774797677,SOLUSD,1,0,5.0,82.17,0.0,0.0,0.0,0,,1077876852,1077876852
1774803141,BNBUSD,1,0,1.0,609.24,0.0,0.0,0.0,0,,1077934392,1077934392
1774803148,BNBUSD,0,1,1.0,612.04,-28.0,0.0,0.0,0,[sl 612.04],1077934392,1077934573
1774807101,BNBUSD,1,0,1.0,607.82,0.0,0.0,0.0,0,,1077985485,1077985485
1774807201,BNBUSD,0,1,1.0,610.77,-29.5,0.0,0.0,0,[sl 610.77],1077985485,1077986877
1774809136,BNBUSD,1,0,1.0,606.39,0.0,0.0,0.0,0,,1078021975,1078021975
1774809249,BNBUSD,0,1,1.0,609.44,-30.5,0.0,0.0,0,[sl 609.44],1078021975,1078023628
1774820358,SOLUSD,0,1,5.0,82.17,0.0,0.0,0.0,0,[sl 82.17],1077876852,1078147215
1774861366,XAUUSD,0,0,0.05,4525.43,0.0,0.0,0.0,0,,1081502660,1081502660
1774861388,BTCUSD,0,0,0.1,67562.7,0.0,0.0,0.0,0,,1081505234,1081505234
1774861390,SOLUSD,0,0,5.0,84.07,0.0,0.0,0.0,0,,1081505464,1081505464
1774893783,XAUUSD,1,1,0.05,4537.97,62.7,0.0,0.0,0,close_before_mar,1081502660,1085437503
1774893803,SOLUSD,1,1,5.0,84.08,0.5,0.0,0.0,0,close_before_mar,1081505464,1085439518
1774894232,NAS100,1,0,1.0,23191.2,0.0,0.0,0.0,0,,1085490267,1085490267
1774894253,AUDUSD,1,0,1.0,0.68469,0.0,0.0,0.0,0,,1085491955,1085491955
1774894564,SP500,1,0,1.0,6391.9,0.0,0.0,0.0,0,,1085535659,1085535659
1774895349,SOLUSD,0,0,5.0,84.4,0.0,0.0,0.0,0,,1085635813,1085635813
1774901003,BTCUSD,1,1,0.1,67349.33,-21.34,0.0,0.0,0,close_before_mar,1081505234,1086254207
1774901213,USDJPY,1,0,1.0,159.449,0.0,0.0,0.0,0,,1086277080,1086277080
1774902280,SOLUSD,1,1,5.0,83.3,-55.0,0.0,0.0,0,[sl 83.30],1085635813,1086398771
1774902375,BNBUSD,1,0,1.0,611.69,0.0,0.0,0.0,0,,1086411070,1086411070
1774902657,BNBUSD,0,1,1.0,614.91,-32.2,0.0,0.0,0,[sl 614.91],1086411070,1086438128
1774903006,XAUUSD,1,0,0.15,4518.52,0.0,0.0,0.0,0,,1086482320,1086482320
1774903486,NAS100,0,1,1.0,23065.96,125.24,0.0,0.0,0,[sl 23065.96],1085490267,1086526666
1774904466,SOLUSD,1,0,5.0,83.04,0.0,0.0,0.0,0,,1086632093,1086632093
1774905147,BNBUSD,1,0,1.0,611.06,0.0,0.0,0.0,0,,1086693860,1086693860
1774908078,XAUUSD,0,1,0.15,4496.5,330.3,0.0,0.0,0,[tp 4496.50],1086482320,1086944304
1774908503,SP500,0,1,1.0,6336.73,55.17,0.0,0.0,0,[tp 6336.73],1085535659,1086994584
1774908689,USDJPY,0,1,1.0,159.698,-155.92,0.0,0.0,0,[sl 159.698],1086277080,1087018631
1774930895,AUDUSD,0,1,1.0,0.68659,-190.0,0.0,-1.41,0,[sl 0.68659],1085491955,1088644484
1774931018,BNBUSD,0,1,1.0,616.18,-51.2,0.0,-6.46,0,[sl 616.18],1086693860,1088659344
1774931196,SOLUSD,0,1,5.0,84.1,-53.0,0.0,1.15,0,[sl 84.10],1086632093,1088696262
1774947652,AUDUSD,1,0,1.0,0.68489,0.0,0.0,0.0,0,,1090279445,1090279445
1774947674,SOLUSD,0,0,5.0,83.94,0.0,0.0,0.0,0,,1090283622,1090283622
1774947724,SP500,1,0,1.0,6399.16,0.0,0.0,0.0,0,,1090289455,1090289455
1774949577,XAUUSD,0,0,0.06,4564.01,0.0,0.0,0.0,0,,1090462691,1090462691
1774951397,BTCUSD,0,0,0.1,67508.13,0.0,0.0,0.0,0,,1090605843,1090605843
1774951924,BTCUSD,1,1,0.1,67243.79,-26.43,0.0,0.0,0,[sl 67243.79],1090605843,1090645633
1774952193,SOLUSD,1,1,5.0,82.7,-62.0,0.0,0.0,0,[sl 82.70],1090283622,1090677416
1774955475,SOLUSD,1,0,5.0,82.82,0.0,0.0,0.0,0,,1091017325,1091017325
1774955478,SOLUSD,0,1,5.0,83.37,-27.5,0.0,0.0,0,[sl 83.37],1091017325,1091017691
1774957394,SOLUSD,1,0,5.0,82.29,0.0,0.0,0.0,0,,1091174551,1091174551
1774958419,BNBUSD,1,0,1.0,606.02,0.0,0.0,0.0,0,,1091248408,1091248408
1774966276,BNBUSD,0,1,1.0,606.02,0.0,0.0,0.0,0,[sl 606.02],1091248408,1091983008
1774966277,AUDUSD,0,1,1.0,0.68709,-220.0,0.0,0.0,0,[sl 0.68709],1090279445,1091986917
1774966591,NAS100,0,0,0.4,23219.5,0.0,0.0,0.0,0,,1092056702,1092056702
1774966973,AUDUSD,0,0,1.0,0.68709,0.0,0.0,0.0,0,,1092131566,1092131566
1774969234,SOLUSD,0,1,5.0,81.26,51.5,0.0,0.0,0,[sl 81.26],1091174551,1092451262
1774969757,AUDUSD,1,1,1.0,0.68885,176.0,0.0,0.0,0,[tp 0.68885],1092131566,1092515996
1774969821,BNBUSD,1,0,1.0,604.5,0.0,0.0,0.0,0,,1092529677,1092529677
1774970379,BNBUSD,0,1,1.0,607.86,-33.6,0.0,0.0,0,[sl 607.86],1092529677,1092626079
1774972942,SP500,0,1,1.0,6421.67,-22.51,0.0,0.0,0,close_before_mar,1090289455,1092911717
1774974964,SP500,0,0,1.0,6424.42,0.0,0.0,0.0,0,,1093139534,1093139534
1774974977,SP500,1,1,1.0,6421.07,-3.35,0.0,0.0,0,[sl 6421.07],1093139534,1093142049
1774979049,XAUUSD,1,1,0.06,4604.21,241.2,0.0,0.0,0,[sl 4604.21],1090462691,1093792958
1774979548,BNBUSD,1,0,1.0,606.29,0.0,0.0,0.0,0,,1093854970,1093854970
1774980045,XAUUSD,0,0,0.06,4605.21,0.0,0.0,0.0,0,,1093932258,1093932258
1774980124,SP500,0,0,1.0,6428.92,0.0,0.0,0.0,0,,1093947550,1093947550
1774985993,BNBUSD,0,1,1.0,613.42,-71.3,0.0,0.0,0,[sl 613.42],1093854970,1094565692
1774986009,SP500,1,1,1.0,6491.04,62.12,0.0,0.0,0,[tp 6491.04],1093947550,1094573986
1774990553,XAUUSD,1,1,0.06,4657.67,314.76,0.0,0.0,0,closePosition,1093932258,1095313319
1774990566,NAS100,1,1,0.4,23610.35,156.34,0.0,0.0,0,closePosition,1092056702,1095315028
1775034071,BTCUSD,0,0,0.1,68498.83,0.0,0.0,0.0,0,,1098510300,1098510300
1775034123,SP500,0,0,1.0,6562.29,0.0,0.0,0.0,0,,1098515797,1098515797
1775034429,SOLUSD,0,0,5.0,84.47,0.0,0.0,0.0,0,,1098536259,1098536259
1775035191,BTCUSD,1,1,0.1,68717.0,21.82,0.0,0.0,0,[tp 68717.00],1098510300,1098610042
1775035245,XAUUSD,0,0,0.15,4698.34,0.0,0.0,0.0,0,,1098614960,1098614960
1775035488,XAUUSD,1,1,0.15,4706.6,123.9,0.0,0.0,0,[tp 4706.60],1098614960,1098642093
1775037664,AUDUSD,0,0,1.0,0.69446,0.0,0.0,0.0,0,,1098875532,1098875532
1775037665,USDJPY,1,0,1.0,158.299,0.0,0.0,0.0,0,,1098875772,1098875772
1775038152,BTCUSD,0,0,0.1,69193.68,0.0,0.0,0.0,0,,1098936292,1098936292
1775040991,USDJPY,0,1,1.0,158.688,-245.14,0.0,0.0,0,[sl 158.688],1098875772,1099283597
1775041604,SOLUSD,1,1,5.0,83.47,-50.0,0.0,0.0,0,[sl 83.47],1098536259,1099363171
1775041605,XAUUSD,0,0,0.15,4721.22,0.0,0.0,0.0,0,,1099363309,1099363309
1775041872,BTCUSD,1,1,0.1,68513.87,-67.98,0.0,0.0,0,[sl 68513.87],1098936292,1099388979
1775042179,BNBUSD,1,0,1.0,613.91,0.0,0.0,0.0,0,,1099413828,1099413828
1775042266,BNBUSD,0,1,1.0,616.92,-30.1,0.0,0.0,0,[sl 616.92],1099413828,1099420677
1775042474,SOLUSD,0,0,5.0,83.98,0.0,0.0,0.0,0,,1099445286,1099445286
1775044282,XAUUSD,1,1,0.15,4732.22,165.0,0.0,0.0,0,closePosition,1099363309,1099618749
1775046405,XAUUSD,0,0,0.06,4720.91,0.0,0.0,0.0,0,,1099798218,1099798218
1775047219,BNBUSD,1,0,1.0,612.91,0.0,0.0,0.0,0,,1099870649,1099870649
1775047222,SOLUSD,1,1,5.0,82.97,-50.5,0.0,0.0,0,[sl 82.97],1099445286,1099870842
1775047520,BNBUSD,0,1,1.0,615.83,-29.2,0.0,0.0,0,[sl 615.83],1099870649,1099887014
1775052151,NAS100,0,0,1.0,23974.95,0.0,0.0,0.0,0,,1100258775,1100258775
1775055189,SOLUSD,0,0,5.0,83.7,0.0,0.0,0.0,0,,1100543930,1100543930
1775057827,SOLUSD,1,1,5.0,82.73,-48.5,0.0,0.0,0,[sl 82.73],1100543930,1100854106
1775058310,SP500,1,1,1.0,6586.55,24.26,0.0,0.0,0,[sl 6586.55],1098515797,1100916507
1775061012,SP500,0,0,1.0,6572.42,0.0,0.0,0.0,0,,1101297463,1101297463
1775068623,SP500,1,1,1.0,6605.71,33.29,0.0,0.0,0,[tp 6605.71],1101297463,1102366761
1775068990,XAUUSD,1,1,0.06,4782.81,371.4,0.0,0.0,0,closePosition,1099798218,1102393148
1775069054,NAS100,1,1,1.0,24128.9,153.95,0.0,0.0,0,closePosition,1100258775,1102397481
1775078345,AUDUSD,1,1,1.0,0.69198,-248.0,0.0,0.0,0,[sl 0.69198],1098875532,1103142149
1775120420,BNBUSD,1,0,1.0,589.45,0.0,0.0,0.0,0,,1107181325,1107181325
1775120448,XAUUSD,1,0,0.04,4593.09,0.0,0.0,0.0,0,,1107186033,1107186033
1775120456,AUDUSD,1,0,1.0,0.68687,0.0,0.0,0.0,0,,1107187061,1107187061
1775120713,SOLUSD,1,0,5.0,78.89,0.0,0.0,0.0,0,,1107246088,1107246088
1775144633,BNBUSD,0,1,1.0,578.71,107.4,0.0,0.0,0,[tp 578.71],1107181325,1109875455
1775145207,BTCUSD,1,0,0.1,66101.01,0.0,0.0,0.0,0,,1109939669,1109939669
1775147139,BTCUSD,0,1,0.1,66101.01,0.0,0.0,0.0,0,[sl 66101.01],1109939669,1110303432
1775147661,BNBUSD,1,0,1.0,570.98,0.0,0.0,0.0,0,,1110400088,1110400088
1775148632,AUDUSD,0,1,1.0,0.68902,-215.0,0.0,0.0,0,[sl 0.68902],1107187061,1110601848
1775150188,XAUUSD,0,1,0.04,4660.9,-271.24,0.0,0.0,0,[sl 4660.90],1107186033,1110894225
1775150626,SOLUSD,0,1,5.0,78.68,10.5,0.0,0.0,0,[sl 78.68],1107246088,1110973195
1775150674,NAS100,0,0,1.0,23815.65,0.0,0.0,0.0,0,,1110982942,1110982942
1775150834,SOLUSD,1,0,5.0,77.9,0.0,0.0,0.0,0,,1111017174,1111017174
1775151231,SOLUSD,0,1,5.0,79.21,-65.5,0.0,0.0,0,[sl 79.21],1111017174,1111070429
1775151357,BNBUSD,0,1,1.0,578.69,-77.1,0.0,0.0,0,[sl 578.69],1110400088,1111102431
1775152221,BNBUSD,1,0,1.0,573.29,0.0,0.0,0.0,0,,1111325816,1111325816
1775152806,SP500,0,0,1.0,6585.39,0.0,0.0,0.0,0,,1111417888,1111417888
1775154915,SOLUSD,1,0,5.0,78.39,0.0,0.0,0.0,0,,1111719247,1111719247
1775156935,NAS100,1,1,1.0,23924.06,108.41,0.0,0.0,0,[sl 23924.06],1110982942,1111970097
1775157574,SP500,1,1,1.0,6556.79,-28.6,0.0,0.0,0,[sl 6556.79],1111417888,1112039931
1775158346,SOLUSD,0,1,5.0,79.58,-59.5,0.0,0.0,0,[sl 79.58],1111719247,1112116656
1775158384,AUDUSD,0,0,1.0,0.69145,0.0,0.0,0.0,0,,1112124086,1112124086
1775158809,BNBUSD,0,1,1.0,581.61,-83.2,0.0,0.0,0,[sl 581.61],1111325816,1112184365
1775158834,NAS100,0,0,1.0,23974.65,0.0,0.0,0.0,0,,1112191662,1112191662
1775160175,USDJPY,0,0,1.0,159.564,0.0,0.0,0.0,0,,1112329213,1112329213
1775163914,BTCUSD,1,0,0.1,66717.41,0.0,0.0,0.0,0,,1112672960,1112672960
1775166041,USDJPY,1,1,1.0,159.677,70.77,0.0,0.0,0,[sl 159.677],1112329213,1112822813
1775166709,BTCUSD,0,1,0.1,66934.88,-21.75,0.0,0.0,0,[sl 66934.88],1112672960,1112893794
1775172604,NAS100,1,1,1.0,24066.85,92.2,0.0,0.0,0,close_before_mar,1112191662,1113289991
1775174542,AUDUSD,1,1,1.0,0.68952,-193.0,0.0,0.02,0,[sl 0.68952],1112124086,1113371031
1775207154,SOLUSD,1,0,5.0,78.99,0.0,0.0,0.0,0,,1113570192,1113570192
1775207849,AUDUSD,0,0,1.0,0.69101,0.0,0.0,0.0,0,,1113574636,1113574636
1775208759,SP500,1,0,1.0,6573.83,0.0,0.0,0.0,0,,1113583633,1113583633
1775209083,SOLUSD,0,1,5.0,79.87,-44.0,0.0,0.0,0,[sl 79.87],1113570192,1113587078
1775210893,SP500,0,1,1.0,6567.26,6.57,0.0,0.0,0,[tp 6567.26],1113583633,1113602800
1775211808,USDJPY,1,0,1.0,159.567,0.0,0.0,0.0,0,,1113611504,1113611504
1775212306,SOLUSD,0,0,5.0,79.86,0.0,0.0,0.0,0,,1113616525,1113616525
1775213463,BNBUSD,1,0,1.0,584.96,0.0,0.0,0.0,0,,1113629486,1113629486
1775214407,BNBUSD,0,1,1.0,589.31,-43.5,0.0,0.0,0,[sl 589.31],1113629486,1113636903
1775217639,SP500,1,0,1.0,6572.58,0.0,0.0,0.0,0,,1113665257,1113665257
1775221425,BTCUSD,1,0,0.1,66782.08,0.0,0.0,0.0,0,,1113695035,1113695035
1775222288,BTCUSD,0,1,0.1,66878.9,-9.68,0.0,0.0,0,[sl 66878.90],1113695035,1113700537
1775225521,SP500,0,1,1.0,6569.09,3.49,0.0,0.0,0,[sl 6569.09],1113665257,1113730451
1775225587,NAS100,1,0,1.0,23974.25,0.0,0.0,0.0,0,,1113730778,1113730778
1775226849,NAS100,0,1,1.0,23997.97,-23.72,0.0,0.0,0,[sl 23997.97],1113730778,1113745815
1775229279,SP500,0,0,1.0,6578.06,0.0,0.0,0.0,0,,1113773048,1113773048
1775229448,SP500,1,1,1.0,6571.12,-6.9399999999999995,0.0,0.0,0,[sl 6571.12],1113773048,1113775799
1775229907,NAS100,0,0,1.0,24005.65,0.0,0.0,0.0,0,,1113781622,1113781622
1775230191,BTCUSD,0,0,0.1,67122.3,0.0,0.0,0.0,0,,1113789972,1113789972
1775230202,USDJPY,0,1,1.0,159.727,-100.17,0.0,0.0,0,[sl 159.727],1113611504,1113793908
1775230206,NAS100,1,1,1.0,24055.88,50.23,0.0,0.0,0,[tp 24055.88],1113781622,1113796102
1775230274,BTCUSD,1,1,0.1,66934.92,-18.74,0.0,0.0,0,[sl 66934.92],1113789972,1113802049
1775230604,AUDUSD,1,1,1.0,0.68975,-126.0,0.0,0.0,0,[sl 0.68975],1113574636,1113812779
1775234128,USDJPY,1,0,1.0,159.547,0.0,0.0,0.0,0,,1113868637,1113868637
1775234248,AUDUSD,1,0,1.0,0.69017,0.0,0.0,0.0,0,,1113870249,1113870249
1775244718,SOLUSD,1,1,5.0,80.31,22.5,0.0,0.0,0,close_before_mar,1113616525,1113993406
1775246631,AUDUSD,0,1,1.0,0.68941,76.0,0.0,0.0,0,[sl 0.68941],1113870249,1114010386
1775250100,SOLUSD,0,0,5.0,80.49,0.0,0.0,0.0,0,,1114044008,1114044008
1775258995,USDJPY,0,1,1.0,159.707,-100.18,0.0,0.0,0,[sl 159.707],1113868637,1114105402
1775282499,SOLUSD,1,1,5.0,79.96,-26.5,0.0,-4.22,0,close_before_mar,1114044008,1114202740
1775297772,BTCUSD,0,0,0.1,67016.23,0.0,0.0,0.0,0,,1114272281,1114272281
1775298007,BTCUSD,1,1,0.1,66944.64,-7.16,0.0,0.0,0,[sl 66944.64],1114272281,1114273834
1775300532,BTCUSD,0,0,0.1,67036.73,0.0,0.0,0.0,0,,1114289240,1114289240
1775324367,BTCUSD,1,1,0.1,67143.32,10.66,0.0,0.0,0,[sl 67143.32],1114289240,1114467567
1775333177,SOLUSD,0,0,5.0,81.09,0.0,0.0,0.0,0,,1114578964,1114578964
1775365106,SOLUSD,1,1,5.0,80.26,-41.5,0.0,0.0,0,[sl 80.26],1114578964,1114748046
1775510862,NAS100,0,0,1.0,24198.2,0.0,0.0,0.0,0,,1122190937,1122190937
1775512875,SP500,0,0,1.0,6617.11,0.0,0.0,0.0,0,,1122339168,1122339168
1775516663,SOLUSD,0,0,5.0,82.25,0.0,0.0,0.0,0,,1122540844,1122540844
1775518205,NAS100,1,1,1.0,24195.4,-2.8,0.0,0.0,0,close_before_mar,1122190937,1122589130
1775522201,SOLUSD,1,1,5.0,81.37,-44.0,0.0,-4.31,0,[sl 81.37],1122540844,1122654767
1775536734,SP500,1,1,1.0,6597.28,-19.83,0.0,-1.35,0,[sl 6597.28],1122339168,1123472108
1775553002,AUDUSD,0,0,0.54,0.69198,0.0,0.0,0.0,0,,1124739067,1124739067
1775555762,USDJPY,0,0,0.84,159.802,0.0,0.0,0.0,0,,1124974167,1124974167
1775559740,USDJPY,1,1,0.84,159.642,-84.19,0.0,0.0,0,[sl 159.642],1124974167,1125294613
1775560431,XAUUSD,0,0,0.15,4661.21,0.0,0.0,0.0,0,,1125387365,1125387365
1775560907,XAUUSD,1,1,0.15,4683.5,334.35,0.0,0.0,0,[tp 4683.50],1125387365,1125481284
1775563067,AUDUSD,1,1,0.54,0.6941,114.48,0.0,0.0,0,[tp 0.69410],1124739067,1125698287
1775563273,SP500,0,0,1.0,6626.09,0.0,0.0,0.0,0,,1125715964,1125715964
1775564391,XAUUSD,0,0,0.07,4690.26,0.0,0.0,0.0,0,,1125829596,1125829596
1775566318,AUDUSD,0,0,0.57,0.69428,0.0,0.0,0.0,0,,1126062001,1126062001
1775567371,AUDUSD,1,1,0.57,0.6928,-84.36,0.0,0.0,0,[sl 0.69280],1126062001,1126169626
1775569687,SP500,1,1,1.0,6600.49,-25.6,0.0,0.0,0,[sl 6600.49],1125715964,1126471073
1775569794,XAUUSD,1,1,0.07,4649.65,-284.27,0.0,0.0,0,[sl 4649.65],1125829596,1126490206
1775574078,SP500,1,0,1.0,6587.72,0.0,0.0,0.0,0,,1126952540,1126952540
1775574098,NAS100,1,0,1.0,24051.35,0.0,0.0,0.0,0,,1126953537,1126953537
1775574771,SP500,0,1,1.0,6587.72,0.0,0.0,0.0,0,[sl 6587.72],1126952540,1127031054
1775575091,NAS100,0,1,1.0,24051.35,0.0,0.0,0.0,0,[sl 24051.35],1126953537,1127062402
1775580240,XAUUSD,1,0,0.15,4640.08,0.0,0.0,0.0,0,,1127689090,1127689090
1775580457,NAS100,1,0,1.0,24021.15,0.0,0.0,0.0,0,,1127721610,1127721610
1775580550,SP500,1,0,1.0,6578.35,0.0,0.0,0.0,0,,1127733290,1127733290
1775580918,SP500,0,1,1.0,6592.8,-14.45,0.0,0.0,0,[sl 6592.80],1127733290,1127779416
1775581560,NAS100,0,1,1.0,23914.0,107.15,0.0,0.0,0,[tp 23914.00],1127721610,1127921679
1775581574,XAUUSD,0,1,0.15,4612.9,407.7,0.0,0.0,0,[tp 4612.90],1127689090,1127933181
1775599278,SP500,1,0,1.0,6571.6,0.0,0.0,0.0,0,,1129887825,1129887825
1775599298,NAS100,1,0,1.0,23952.65,0.0,0.0,0.0,0,,1129888528,1129888528
1775600299,NAS100,0,1,1.0,24059.08,-106.43,0.0,0.0,0,[sl 24059.08],1129888528,1129972640
1775600334,SP500,0,1,1.0,6597.57,-25.97,0.0,0.0,0,[sl 6597.57],1129887825,1129983583
1775602829,SOLUSD,0,0,5.0,81.99,0.0,0.0,0.0,0,,1130309814,1130309814
1775610577,SOLUSD,1,1,5.0,82.86,43.5,0.0,-4.31,0,[sl 82.86],1130309814,1130703659
1775638875,SP500,0,0,1.0,6805.16,0.0,0.0,0.0,0,,1133547676,1133547676
1775638913,XAUUSD,0,0,0.05,4831.98,0.0,0.0,0.0,0,,1133551597,1133551597
1775640013,SOLUSD,0,0,5.0,84.86,0.0,0.0,0.0,0,,1133642069,1133642069
1775640613,LTCUSD,0,0,2.56,55.67,0.0,0.0,0.0,0,,1133696688,1133696688
1775642757,LTCUSD,1,1,2.56,54.5,-299.52,0.0,0.0,0,[sl 54.50],1133696688,1133916518
1775654183,XAUUSD,1,1,0.05,4773.3,-293.4,0.0,0.0,0,[sl 4773.30],1133551597,1134964947
1775657619,NAS100,0,0,1.0,25062.1,0.0,0.0,0.0,0,,1135263601,1135263601
1775662322,AUDUSD,0,0,0.54,0.70598,0.0,0.0,0.0,0,,1135874195,1135874195
1775664090,SP500,1,1,1.0,6801.85,-3.31,0.0,0.0,0,close_before_mar,1133547676,1136047670
1775665264,AUDUSD,1,1,0.54,0.70673,40.5,0.0,0.0,0,[sl 0.70673],1135874195,1136189553
1775668133,NAS100,1,1,1.0,24904.56,-157.54,0.0,0.0,0,[sl 24904.56],1135263601,1136672450
1775671083,AUDUSD,0,0,0.64,0.70573,0.0,0.0,0.0,0,,1137212854,1137212854
1775672430,SOLUSD,1,1,5.0,82.94,-96.0,0.0,0.0,0,close_before_mar,1133642069,1137416183
1775683152,AUDUSD,1,1,0.64,0.70445,-81.92,0.0,0.0,0,[sl 0.70445],1137212854,1138459546
1775746871,XAUUSD,0,0,0.1,4757.16,0.0,0.0,0.0,0,,1143103087,1143103087
1775746942,SP500,0,0,1.0,6775.61,0.0,0.0,0.0,0,,1143116897,1143116897
1775747090,NAS100,0,0,1.0,24890.9,0.0,0.0,0.0,0,,1143136770,1143136770
1775752188,NAS100,1,1,1.0,24935.18,44.28,0.0,0.0,0,[tp 24935.18],1143136770,1143707712
1775752276,USDJPY,0,0,0.55,159.0,0.0,0.0,0.0,0,,1143722198,1143722198
1775752976,SP500,1,1,1.0,6786.02,10.41,0.0,0.0,0,[tp 6786.02],1143116897,1143848900
1775755997,AUDUSD,0,0,0.54,0.70558,0.0,0.0,0.0,0,,1144265439,1144265439
1775757651,NAS100,0,0,1.0,24893.9,0.0,0.0,0.0,0,,1144479799,1144479799
1775757678,USDJPY,1,1,0.55,159.167,57.71,0.0,0.0,0,[sl 159.167],1143722198,1144482137
1775757742,SP500,0,0,1.0,6783.61,0.0,0.0,0.0,0,,1144488453,1144488453
1775758751,USDJPY,0,0,0.53,159.171,0.0,0.0,0.0,0,,1144616739,1144616739
1775758885,SOLUSD,0,0,5.0,82.76,0.0,0.0,0.0,0,,1144636109,1144636109
1775759315,SOLUSD,1,1,5.0,82.0,-38.0,0.0,0.0,0,[sl 82.00],1144636109,1144680656
1775759570,NAS100,1,1,1.0,24985.2,91.3,0.0,0.0,0,[tp 24985.20],1144479799,1144713283
1775759571,SP500,1,1,1.0,6810.06,26.45,0.0,0.0,0,[tp 6810.06],1144488453,1144714074
1775759792,XAUUSD,1,1,0.1,4794.35,371.9,0.0,0.0,0,closePosition,1143103087,1144761020
1775760495,USDJPY,1,1,0.53,158.9,-90.39,0.0,0.0,0,[sl 158.900],1144616739,1144841853
1775761161,AUDUSD,1,1,0.54,0.70836,150.12,0.0,0.0,0,[tp 0.70836],1144265439,1144905336
1775761730,NAS100,0,0,1.0,25102.4,0.0,0.0,0.0,0,,1144980438,1144980438
1775761822,SP500,0,0,1.0,6832.11,0.0,0.0,0.0,0,,1144990694,1144990694
1775761864,XAUUSD,0,0,0.08,4792.73,0.0,0.0,0.0,0,,1144993211,1144993211
1775763183,NAS100,1,1,1.0,25055.44,-46.96,0.0,0.0,0,[sl 25055.44],1144980438,1145113983
1775763925,SOLUSD,0,0,5.0,83.66,0.0,0.0,0.0,0,,1145174978,1145174978
1775764159,SOLUSD,1,1,5.0,82.67,-49.5,0.0,0.0,0,[sl 82.67],1145174978,1145191926
1775765364,BTCUSD,0,0,0.1,72477.25,0.0,0.0,0.0,0,,1145284677,1145284677
1775765814,NAS100,0,0,1.0,25090.15,0.0,0.0,0.0,0,,1145319724,1145319724
1775768625,NAS100,1,1,1.0,25033.25,-56.9,0.0,0.0,0,[sl 25033.25],1145319724,1145560515
1775787024,SP500,1,1,1.0,6821.6,-10.51,0.0,-1.35,0,close_before_mar,1144990694,1146470511
1775787365,BTCUSD,1,1,0.1,71727.66,-74.96,0.0,-5.03,0,[sl 71727.66],1145284677,1146486540
1775790124,XAUUSD,1,1,0.08,4753.78,-311.6,0.0,-6.22,0,[sl 4753.78],1144993211,1146607234
1775812526,SOLUSD,0,0,5.0,83.71,0.0,0.0,0.0,0,,1148020013,1148020013
1775813839,USDJPY,0,0,1.0,159.276,0.0,0.0,0.0,0,,1148117187,1148117187
1775821660,SOLUSD,1,1,5.0,82.57,-57.0,0.0,0.0,0,[sl 82.57],1148020013,1148727767
1775823629,SP500,0,0,1.0,6829.66,0.0,0.0,0.0,0,,1148934437,1148934437
1775829658,NAS100,0,0,1.0,25132.6,0.0,0.0,0.0,0,,1149355801,1149355801
1775832869,USDJPY,1,1,1.0,159.157,-74.77,0.0,0.0,0,[sl 159.157],1148117187,1149574144
1775835004,SP500,1,1,1.0,6852.79,23.13,0.0,0.0,0,[tp 6852.79],1148934437,1149774324
1775838658,SP500,0,0,1.0,6843.61,0.0,0.0,0.0,0,,1150260198,1150260198
1775839173,NAS100,1,1,1.0,25164.26,31.66,0.0,0.0,0,[sl 25164.26],1149355801,1150343599
1775841321,NAS100,0,0,1.0,25181.55,0.0,0.0,0.0,0,,1150614246,1150614246
1775842976,NAS100,1,1,1.0,25181.55,0.0,0.0,0.0,0,[sl 25181.55],1150614246,1150801443
1775844064,BNBUSD,0,0,1.0,608.48,0.0,0.0,0.0,0,,1150982375,1150982375
1775844463,AUDUSD,0,0,0.6,0.70814,0.0,0.0,0.0,0,,1151026416,1151026416
1775845401,NAS100,0,0,1.0,25233.3,0.0,0.0,0.0,0,,1151116284,1151116284
1775845590,BNBUSD,1,1,1.0,604.82,-36.6,0.0,0.0,0,[sl 604.82],1150982375,1151133360
1775846403,NAS100,1,1,1.0,25152.4,-80.9,0.0,0.0,0,[sl 25152.40],1151116284,1151257852
1775847145,SP500,1,1,1.0,6827.89,-15.72,0.0,0.0,0,[sl 6827.89],1150260198,1151339037
1775850055,AUDUSD,1,1,0.6,0.70677,-82.2,0.0,0.0,0,[sl 0.70677],1151026416,1151628315
1775851405,NAS100,1,0,1.0,25099.25,0.0,0.0,0.0,0,,1151718495,1151718495
1775859297,SP500,0,0,1.0,6828.21,0.0,0.0,0.0,0,,1152217547,1152217547
1775863812,NAS100,0,1,1.0,25161.05,-61.8,0.0,0.0,0,close_before_mar,1151718495,1152445329
1775931359,SOLUSD,0,0,5.0,84.73,0.0,0.0,0.0,0,,1152914420,1152914420
1775946657,SOLUSD,1,1,5.0,85.74,50.5,0.0,0.0,0,[tp 85.74],1152914420,1153111414
1776042037,SP500,1,1,1.0,6806.15,-22.06,0.0,-4.19,0,[sl 6806.15],1152217547,1154024295
1776078315,XAUUSD,0,0,0.15,4737.07,0.0,0.0,0.0,0,,1156712702,1156712702
1776078911,XAUUSD,1,1,0.15,4730.85,-93.3,0.0,0.0,0,[sl 4730.85],1156712702,1156747713
1776083793,SP500,0,0,1.0,6786.76,0.0,0.0,0.0,0,,1157158333,1157158333
1776088801,SP500,1,1,1.0,6793.83,7.07,0.0,0.0,0,[tp 6793.83],1157158333,1157546164
1776088861,NAS100,0,0,1.0,25028.0,0.0,0.0,0.0,0,,1157559249,1157559249
1776092441,SP500,1,0,1.0,6772.65,0.0,0.0,0.0,0,,1157946598,1157946598
1776094406,USDJPY,0,0,0.77,159.821,0.0,0.0,0.0,0,,1158194331,1158194331
1776095222,SP500,0,1,1.0,6790.86,-18.21,0.0,0.0,0,[sl 6790.86],1157946598,1158271115
1776098924,USDJPY,1,1,0.77,159.648,-83.44,0.0,0.0,0,[sl 159.648],1158194331,1158727266
1776099196,NAS100,1,1,1.0,25090.18,62.18,0.0,0.0,0,[sl 25090.18],1157559249,1158824880
1776100535,SOLUSD,0,0,4.35,83.46,0.0,0.0,0.0,0,,1158999607,1158999607
1776101007,SOLUSD,1,1,4.35,82.6,-37.41,0.0,0.0,0,[sl 82.60],1158999607,1159072442
1776101461,NAS100,0,0,1.0,25153.75,0.0,0.0,0.0,0,,1159147547,1159147547
1776101497,BTCUSD,0,0,0.1,71694.65,0.0,0.0,0.0,0,,1159154927,1159154927
1776102184,BTCUSD,1,1,0.1,71850.12,15.54,0.0,0.0,0,[tp 71850.12],1159154927,1159231938
1776102494,NAS100,1,1,1.0,25153.75,0.0,0.0,0.0,0,[sl 25153.75],1159147547,1159272762
1776103233,SP500,0,0,1.0,6831.01,0.0,0.0,0.0,0,,1159367475,1159367475
1776105075,XAUUSD,1,0,0.13,4704.4,0.0,0.0,0.0,0,,1159594062,1159594062
1776105541,NAS100,0,0,1.0,25194.25,0.0,0.0,0.0,0,,1159645578,1159645578
1776105575,BTCUSD,0,0,0.1,71778.4,0.0,0.0,0.0,0,,1159649058,1159649058
1776106848,BNBUSD,0,0,1.0,605.07,0.0,0.0,0.0,0,,1159730516,1159730516
1776107131,BNBUSD,1,1,1.0,601.21,-38.6,0.0,0.0,0,[sl 601.21],1159730516,1159754512
1776107888,XAUUSD,0,1,0.13,4726.78,-290.94,0.0,0.0,0,[sl 4726.78],1159594062,1159847834
1776108955,NAS100,1,1,1.0,25267.43,73.18,0.0,0.0,0,[tp 25267.43],1159645578,1159990619
1776109741,NAS100,0,0,1.0,25260.75,0.0,0.0,0.0,0,,1160106055,1160106055
1776113808,BTCUSD,1,1,0.1,72074.22,29.58,0.0,0.0,0,[sl 72074.22],1159649058,1160495437
1776117091,SP500,1,1,1.0,6863.86,32.85,0.0,0.0,0,[tp 6863.86],1159367475,1160716401
1776118714,SP500,0,0,1.0,6865.31,0.0,0.0,0.0,0,,1160826764,1160826764
1776123012,NAS100,1,1,1.0,25410.2,149.45,0.0,0.0,0,close_before_mar,1160106055,1161091464
1776133921,SP500,1,1,1.0,6896.78,31.47,0.0,-1.4,0,[sl 6896.78],1160826764,1161510094
1776164716,XAUUSD,0,0,0.15,4778.42,0.0,0.0,0.0,0,,1163683640,1163683640
1776165325,AUDUSD,0,0,0.67,0.70972,0.0,0.0,0.0,0,,1163731693,1163731693
1776166428,SOLUSD,0,0,3.71,86.4,0.0,0.0,0.0,0,,1163827625,1163827625
1776168034,SP500,0,0,1.0,6910.16,0.0,0.0,0.0,0,,1163941881,1163941881
1776170091,BNBUSD,0,0,1.0,619.89,0.0,0.0,0.0,0,,1164096094,1164096094
1776172173,AUDUSD,1,1,0.67,0.71187,144.05,0.0,0.0,0,[tp 0.71187],1163731693,1164246619
1776173923,XAUUSD,1,1,0.15,4766.9,-172.8,0.0,0.0,0,[sl 4766.90],1163683640,1164386586
1776174251,SP500,1,1,1.0,6897.74,-12.42,0.0,0.0,0,[sl 6897.74],1163941881,1164464306
1776176280,BNBUSD,1,1,1.0,615.2,-46.9,0.0,0.0,0,[sl 615.20],1164096094,1164600078
1776176342,NAS100,0,0,1.0,25508.96,0.0,0.0,0.0,0,,1164603679,1164603679
1776176356,XAUUSD,0,0,0.15,4777.41,0.0,0.0,0.0,0,,1164604048,1164604048
1776176436,SP500,0,0,1.0,6904.66,0.0,0.0,0.0,0,,1164607418,1164607418
1776180062,XAUUSD,1,1,0.15,4765.38,-180.45,0.0,0.0,0,[sl 4765.38],1164604048,1164915195
1776180664,SOLUSD,1,1,3.71,85.34,-39.33,0.0,0.0,0,[sl 85.34],1163827625,1164993373
1776184660,SP500,1,1,1.0,6921.07,16.41,0.0,0.0,0,[tp 6921.07],1164607418,1165460056
1776184792,NAS100,1,1,1.0,25567.87,58.91,0.0,0.0,0,[sl 25567.87],1164603679,1165498441
1776187300,BTCUSD,0,0,0.1,75659.66,0.0,0.0,0.0,0,,1165829525,1165829525
1776187742,NAS100,0,0,1.0,25664.21,0.0,0.0,0.0,0,,1165890817,1165890817
1776188315,BTCUSD,1,1,0.1,75347.64,-31.21,0.0,0.0,0,[sl 75347.64],1165829525,1165974388
1776189634,SP500,0,0,1.0,6944.96,0.0,0.0,0.0,0,,1166130034,1166130034
1776190887,AUDUSD,0,0,0.55,0.7139,0.0,0.0,0.0,0,,1166274215,1166274215
1776192415,NAS100,1,1,1.0,25741.77,77.56,0.0,0.0,0,[tp 25741.77],1165890817,1166416177
1776195542,NAS100,0,0,1.0,25781.46,0.0,0.0,0.0,0,,1166704270,1166704270
1776196524,SP500,1,1,1.0,6960.3,15.34,0.0,0.0,0,[sl 6960.30],1166130034,1166773456
1776201905,AUDUSD,1,1,0.55,0.71238,-83.6,0.0,0.0,0,[sl 0.71238],1166274215,1167211466
1776204046,SP500,0,0,1.0,6958.41,0.0,0.0,0.0,0,,1167331753,1167331753
1776209412,NAS100,1,1,1.0,25854.91,73.45,0.0,0.0,0,close_before_mar,1166704270,1167608426
1776221563,SP500,1,1,1.0,6978.15,19.74,0.0,-1.4,0,[sl 6978.15],1167331753,1168043588
1776254434,SP500,0,0,1.0,6978.03,0.0,0.0,0.0,0,,1170310934,1170310934
1776258954,SP500,1,1,1.0,6966.1,-11.93,0.0,0.0,0,[sl 6966.10],1170310934,1170756843
1776262262,NAS100,0,0,1.0,25856.16,0.0,0.0,0.0,0,,1171012717,1171012717
1776262595,SP500,0,0,1.0,6972.86,0.0,0.0,0.0,0,,1171035041,1171035041
1776263329,BNBUSD,0,0,1.0,620.04,0.0,0.0,0.0,0,,1171082645,1171082645
1776266357,XAUUSD,0,0,0.15,4816.1,0.0,0.0,0.0,0,,1171335259,1171335259
1776271095,BNBUSD,1,1,1.0,615.6,-44.4,0.0,0.0,0,[sl 615.60],1171082645,1171761872
1776271141,SP500,1,1,1.0,6991.91,19.05,0.0,0.0,0,[tp 6991.91],1171035041,1171775323
1776271414,USDJPY,0,0,0.83,159.07,0.0,0.0,0.0,0,,1171802099,1171802099
1776271424,NAS100,1,1,1.0,25885.1,28.94,0.0,0.0,0,[sl 25885.10],1171012717,1171803803
1776273783,NAS100,0,0,1.0,25968.16,0.0,0.0,0.0,0,,1172061349,1172061349
1776274301,SOLUSD,0,0,4.38,84.57,0.0,0.0,0.0,0,,1172112035,1172112035
1776274740,SOLUSD,1,1,4.38,83.72,-37.23,0.0,0.0,0,[sl 83.72],1172112035,1172158129
1776276155,SP500,0,0,1.0,6998.61,0.0,0.0,0.0,0,,1172294784,1172294784
1776276473,XAUUSD,1,1,0.15,4801.38,-220.8,0.0,0.0,0,[sl 4801.38],1171335259,1172354284
1776277272,USDJPY,1,1,0.83,158.912,-82.52,0.0,0.0,0,[sl 158.912],1171802099,1172457655
1776280539,NAS100,1,1,1.0,26087.64,119.48,0.0,0.0,0,[tp 26087.64],1172061349,1172767350
1776282663,NAS100,0,0,1.0,26028.91,0.0,0.0,0.0,0,,1172919160,1172919160
1776282986,SP500,1,1,1.0,6987.71,-10.9,0.0,0.0,0,[sl 6987.71],1172294784,1172947526
1776283043,AUDUSD,0,0,0.56,0.71657,0.0,0.0,0.0,0,,1172951821,1172951821
1776290947,NAS100,1,1,1.0,26186.99,158.08,0.0,0.0,0,[tp 26186.99],1172919160,1173500033
1776291122,SP500,0,0,1.0,7027.56,0.0,0.0,0.0,0,,1173509534,1173509534
1776291143,NAS100,0,0,1.0,26178.91,0.0,0.0,0.0,0,,1173510340,1173510340
1776294675,NAS100,1,1,1.0,26202.37,23.46,0.0,0.0,0,[sl 26202.37],1173510340,1173725980
1776316080,AUDUSD,1,1,0.56,0.71748,50.96,0.0,0.47,0,[sl 0.71748],1172951821,1174637020
1776316332,SP500,1,1,1.0,7042.7,15.14,0.0,-1.4,0,close_before_mar,1173509534,1174647151
1776341034,SP500,0,0,1.0,7038.11,0.0,0.0,0.0,0,,1176284162,1176284162
1776341205,USDJPY,0,0,1.0,159.0,0.0,0.0,0.0,0,,1176298296,1176298296
1776342180,SOLUSD,0,0,4.38,85.59,0.0,0.0,0.0,0,,1176356362,1176356362
1776344708,SOLUSD,1,1,4.38,84.74,-37.23,0.0,0.0,0,[sl 84.74],1176356362,1176542901
1776346845,USDJPY,1,1,1.0,159.071,44.63,0.0,0.0,0,[sl 159.071],1176298296,1176681716
1776347046,SP500,1,1,1.0,7030.71,-7.4,0.0,0.0,0,[sl 7030.71],1176284162,1176698978
1776350181,SP500,0,0,1.0,7037.86,0.0,0.0,0.0,0,,1176906083,1176906083
1776350444,USDJPY,0,0,0.8,158.979,0.0,0.0,0.0,0,,1176918748,1176918748
1776353662,NAS100,0,0,1.0,26294.61,0.0,0.0,0.0,0,,1177166725,1177166725
1776357377,NAS100,1,1,1.0,26233.3,-61.31,0.0,0.0,0,[sl 26233.30],1177166725,1177479939
1776357645,AUDUSD,0,0,0.58,0.7176,0.0,0.0,0.0,0,,1177518905,1177518905
1776358345,SP500,1,1,1.0,7026.85,-11.01,0.0,0.0,0,[sl 7026.85],1176906083,1177653398
1776358770,USDJPY,1,1,0.8,159.231,126.61,0.0,0.0,0,[sl 159.231],1176918748,1177778350
1776361589,NAS100,0,0,1.0,26271.11,0.0,0.0,0.0,0,,1178226745,1178226745
1776362264,AUDUSD,1,1,0.58,0.71618,-82.36,0.0,0.0,0,[sl 0.71618],1177518905,1178292806
1776362755,SP500,0,0,1.0,7036.96,0.0,0.0,0.0,0,,1178357568,1178357568
1776364596,XAUUSD,1,0,0.15,4799.7,0.0,0.0,0.0,0,,1178566629,1178566629
1776364604,USDJPY,0,0,0.51,159.211,0.0,0.0,0.0,0,,1178567788,1178567788
1776365536,BNBUSD,0,0,1.0,626.26,0.0,0.0,0.0,0,,1178689919,1178689919
1776365584,BNBUSD,1,1,1.0,623.0,-32.6,0.0,0.0,0,[sl 623.00],1178689919,1178692637
1776366029,NAS100,1,1,1.0,26407.39,136.28,0.0,0.0,0,[tp 26407.39],1178226745,1178729223
1776367004,AUDUSD,0,0,0.58,0.71741,0.0,0.0,0.0,0,,1178803806,1178803806
1776367888,SP500,1,1,1.0,7046.73,9.77,0.0,0.0,0,[sl 7046.73],1178357568,1178888121
1776368022,AUDUSD,1,1,0.58,0.716,-81.78,0.0,0.0,0,[sl 0.71600],1178803806,1178909765
1776369389,NAS100,0,0,1.0,26354.61,0.0,0.0,0.0,0,,1179068227,1179068227
1776372082,XAUUSD,0,1,0.15,4784.61,226.35,0.0,0.0,0,closePosition,1178566629,1179282035
1776374885,NAS100,1,1,1.0,26223.42,-131.19,0.0,0.0,0,[sl 26223.42],1179068227,1179460751
1776376921,SP500,0,0,1.0,7040.96,0.0,0.0,0.0,0,,1179560835,1179560835
1776397016,USDJPY,1,1,0.51,159.231,6.41,0.0,2.42,0,close_before_mar,1178567788,1180259344
1776402136,SP500,1,1,1.0,7053.27,12.31,0.0,-1.4,0,close_before_mar,1179560835,1180679962
1776424626,SOLUSD,0,0,3.56,88.64,0.0,0.0,0.0,0,,1182014200,1182014200
1776427326,SP500,0,0,1.0,7061.31,0.0,0.0,0.0,0,,1182234596,1182234596
1776432617,SOLUSD,1,1,3.56,87.52,-39.87,0.0,0.0,0,[sl 87.52],1182014200,1182618592
1776434456,NAS100,0,0,2.0,26395.56,0.0,0.0,0.0,0,,1182756258,1182756258
1776437090,NAS100,1,1,2.0,26422.91,54.7,0.0,0.0,0,[tp 26422.91],1182756258,1182955920
1776437548,NAS100,0,0,2.0,26431.06,0.0,0.0,0.0,0,,1183031935,1183031935
1776437674,SP500,1,1,1.0,7071.47,10.16,0.0,0.0,0,[tp 7071.47],1182234596,1183043230
1776438840,SP500,0,0,1.0,7076.31,0.0,0.0,0.0,0,,1183145767,1183145767
1776439242,XAUUSD,0,0,0.1,4806.1,0.0,0.0,0.0,0,,1183176879,1183176879
1776440450,NAS100,1,1,2.0,26482.23,102.34,0.0,0.0,0,[sl 26482.23],1183031935,1183348294
1776440465,SP500,1,1,1.0,7081.74,5.43,0.0,0.0,0,[sl 7081.74],1183145767,1183350050
1776440788,NAS100,0,0,2.0,26507.91,0.0,0.0,0.0,0,,1183394507,1183394507
1776441167,XAUUSD,1,1,0.1,4842.78,366.8,0.0,0.0,0,[tp 4842.78],1183176879,1183509851
1776441584,NAS100,1,1,2.0,26609.78,203.74,0.0,0.0,0,[tp 26609.78],1183394507,1183591299
1776443760,SP500,0,0,1.0,7102.56,0.0,0.0,0.0,0,,1184137901,1184137901
1776444028,NAS100,0,0,2.0,26569.06,0.0,0.0,0.0,0,,1184195298,1184195298
1776444494,BNBUSD,0,0,1.0,641.57,0.0,0.0,0.0,0,,1184299049,1184299049
1776446466,BTCUSD,0,0,0.1,77285.67,0.0,0.0,0.0,0,,1184629183,1184629183
1776447114,SP500,1,1,1.0,7125.53,22.97,0.0,0.0,0,[tp 7125.53],1184137901,1184720268
1776447606,NAS100,1,1,2.0,26688.99,239.86,0.0,0.0,0,[tp 26688.99],1184195298,1184788663
1776456532,BTCUSD,1,1,0.1,77599.33,31.36,0.0,0.0,0,[sl 77599.33],1184629183,1185714655
1776457002,XAUUSD,0,0,0.1,4864.38,0.0,0.0,0.0,0,,1185770920,1185770920
1776465240,SP500,0,0,1.0,7129.96,0.0,0.0,0.0,0,,1186251082,1186251082
1776468618,XAUUSD,1,1,0.1,4845.51,-188.7,0.0,0.0,0,close_before_mar,1185770920,1186427995
1776507542,BNBUSD,1,1,1.0,641.57,0.0,0.0,-6.75,0,[sl 641.57],1184299049,1186709899
